date,pm25,temperature_2m,relative_humidity_2m,surface_pressure,windspeed_10m,winddirection_10m,aqi_category,pm25_lag1,pm25_lag2,pm25_lag3,pm25_roll_mean3,pm25_roll_mean7,pm25_trend3,temp_lag1,humidity_lag1,windspeed_lag1,temp_lag2,humidity_lag2,windspeed_lag2,temp_lag3,humidity_lag3,windspeed_lag3,temp_roll_mean3,humidity_roll_mean3,windspeed_roll_mean3,temp_roll_mean7,humidity_roll_mean7,windspeed_roll_mean7,pressure_lag1,pressure_trend3,wind_from_burning_sector,wind_direction_sin,wind_direction_cos,stagnation_score,aqi_category_lag1,day_of_year,month,month_sin,month_cos,label_day1,label_day2,label_day3
2023-01-04,20.2,22.791666666666668,63.458333333333336,995.1375,10.9375,52.13244475703141,Good,27.7,29.4,25.2,25.766666666666666,25.625,-5.0,22.633333333333336,63.583333333333336,11.870833333333332,20.695833333333333,66.375,10.7375,20.27083333333333,63.16666666666666,11.454166666666666,22.040277777777774,64.47222222222223,11.181944444444444,21.597916666666663,64.14583333333333,11.25,995.725,-1.0499999999999543,1,0.7894318082530041,0.6138382686981907,-0.0415008772234646,2.0,4,1,0.4999999999999999,0.8660254037844387,Good,Good,Good
2023-01-05,18.4,23.3,63.083333333333336,994.6375,13.258333333333333,51.157651812748895,Good,20.2,27.7,29.4,22.1,24.18,-11.0,22.791666666666668,63.458333333333336,10.9375,22.633333333333336,63.583333333333336,11.870833333333332,20.695833333333333,66.375,10.7375,22.90833333333333,63.375,12.02222222222222,21.938333333333333,63.93333333333334,11.651666666666667,995.1375,-1.595833333333189,1,0.7788746196369454,0.62717966077146,-0.1965009126551061,1.0,5,1,0.4999999999999999,0.8660254037844387,Good,Good,Moderate
2023-01-06,17.0,23.258333333333336,59.625,995.4958333333334,20.6,56.2296670861636,Good,18.4,20.2,27.7,18.53333333333333,22.98333333333333,-10.7,23.3,63.083333333333336,13.258333333333333,22.791666666666668,63.458333333333336,10.9375,22.633333333333336,63.583333333333336,11.870833333333332,23.116666666666664,62.05555555555555,14.931944444444444,22.15833333333333,63.21527777777778,13.143055555555556,994.6375,-0.2291666666666287,1,0.8312724012454353,0.5558652668836648,-0.0853179888620307,1.0,6,1,0.4999999999999999,0.8660254037844387,Good,Moderate,Moderate
2023-01-07,22.3,21.59583333333333,54.583333333333336,994.3875,12.054166666666667,53.08978347380776,Good,17.0,18.4,20.2,19.23333333333333,22.885714285714283,2.1000000000000014,23.258333333333336,59.625,20.6,23.3,63.083333333333336,13.258333333333333,22.791666666666668,63.458333333333336,10.9375,22.718055555555555,59.09722222222223,15.304166666666667,22.077976190476196,61.98214285714285,12.9875,995.4958333333334,-0.75,1,0.7995775836312712,0.6005628091668493,0.0790064361990519,1.0,7,1,0.4999999999999999,0.8660254037844387,Moderate,Moderate,Good
2023-01-08,35.5,22.475,58.458333333333336,993.1291666666666,9.154166666666669,38.51682396265825,Moderate,22.3,17.0,18.4,24.933333333333334,24.357142857142858,17.1,21.59583333333333,54.583333333333336,12.054166666666667,23.258333333333336,59.625,20.6,23.3,63.083333333333336,13.258333333333333,22.44305555555556,57.55555555555555,13.936111111111112,22.392857142857142,61.30952380952381,12.658928571428572,994.3875,-1.5083333333334394,1,0.6227444098023036,0.7824253319390806,0.0387623086565523,1.0,8,1,0.4999999999999999,0.8660254037844387,Moderate,Good,Good
2023-01-09,35.6,23.979166666666668,63.875,993.1583333333332,8.799999999999999,58.78421772617969,Moderate,35.5,22.3,17.0,31.133333333333336,25.24285714285714,18.6,22.475,58.458333333333336,9.154166666666669,21.59583333333333,54.583333333333336,12.054166666666667,23.258333333333336,59.625,20.6,22.683333333333334,58.97222222222222,10.002777777777778,22.86190476190476,60.95238095238095,12.382142857142858,993.1291666666666,-2.3375000000002046,1,0.8552215358041297,0.5182626020627242,0.201251172687477,2.0,9,1,0.4999999999999999,0.8660254037844387,Good,Good,Good
2023-01-10,21.7,22.525,83.54166666666667,992.2625,7.820833333333333,66.0250238176925,Good,35.6,35.5,22.3,30.933333333333334,24.38571428571429,-0.6000000000000014,23.979166666666668,63.875,8.799999999999999,22.475,58.458333333333336,9.154166666666669,21.59583333333333,54.583333333333336,12.054166666666667,22.99305555555556,68.625,8.591666666666667,22.84642857142857,63.80357142857143,11.803571428571429,993.1583333333332,-2.125,1,0.9137230119276134,0.4063376151354074,0.2296176508636098,2.0,10,1,0.4999999999999999,0.8660254037844387,Good,Good,Moderate
2023-01-11,20.9,22.28333333333333,87.95833333333333,991.1458333333334,7.5125,67.41666459136513,Good,21.7,35.6,35.5,26.066666666666663,24.485714285714288,-14.6,22.525,83.54166666666667,7.820833333333333,23.979166666666668,63.875,8.799999999999999,22.475,58.458333333333336,9.154166666666669,22.929166666666664,78.45833333333333,8.044444444444444,22.77380952380952,67.30357142857143,11.314285714285717,992.2625,-1.9833333333332348,1,0.923321951120483,0.3840267888820577,0.3719511862425939,1.0,11,1,0.4999999999999999,0.8660254037844387,Good,Moderate,Good
2023-01-12,18.0,23.508333333333336,83.16666666666667,990.2125,5.579166666666667,63.36576619740214,Good,20.9,21.7,35.6,20.2,24.428571428571427,-17.6,22.28333333333333,87.95833333333333,7.5125,22.525,83.54166666666667,7.820833333333333,23.979166666666668,63.875,8.799999999999999,22.772222222222226,84.8888888888889,6.970833333333334,22.803571428571427,70.17261904761905,10.217261904761909,991.1458333333334,-2.945833333333212,1,0.893886544521438,0.4482932583962458,0.4441837593273282,1.0,12,1,0.4999999999999999,0.8660254037844387,Moderate,Good,Good
2023-01-17,31.5,22.929166666666664,70.04166666666667,993.0791666666668,9.125,71.49768304041402,Moderate,18.0,20.9,21.7,23.466666666666665,26.5,9.8,23.508333333333336,83.16666666666667,5.579166666666667,22.28333333333333,87.95833333333333,7.5125,22.525,83.54166666666667,7.820833333333333,22.906944444444445,80.3888888888889,7.405555555555556,22.75654761904762,71.66071428571429,8.57797619047619,990.2125,0.8166666666667197,1,0.9483108230831746,0.3173430050013895,0.5297265739854972,1.0,17,1,0.4999999999999999,0.8660254037844387,Good,Good,Moderate
2023-01-18,23.3,21.945833333333336,66.875,995.1666666666666,11.1875,68.58491777728813,Good,31.5,18.0,20.9,24.26666666666667,26.642857142857142,2.400000000000002,22.929166666666664,70.04166666666667,9.125,23.508333333333336,83.16666666666667,5.579166666666667,22.28333333333333,87.95833333333333,7.5125,22.794444444444448,73.36111111111113,8.630555555555555,22.806547619047617,73.41666666666666,8.454166666666667,993.0791666666668,4.0208333333332575,1,0.9309597354683437,0.365121857654005,0.7315920049478445,2.0,18,1,0.4999999999999999,0.8660254037844387,Good,Moderate,Moderate
2023-01-19,24.3,20.683333333333334,68.0,994.475,9.691666666666666,66.2037555233315,Good,23.3,31.5,18.0,26.36666666666667,25.042857142857144,6.300000000000001,21.945833333333336,66.875,11.1875,22.929166666666664,70.04166666666667,9.125,23.508333333333336,83.16666666666667,5.579166666666667,21.852777777777774,68.30555555555556,10.00138888888889,22.55059523809524,74.77976190476191,8.530952380952382,995.1666666666666,4.2625000000000455,1,0.9149861167641098,0.4034853233129239,0.9439874445093108,1.0,19,1,0.4999999999999999,0.8660254037844387,Moderate,Moderate,Unhealthy
2023-01-20,27.2,21.3375,68.25,994.0916666666668,10.470833333333331,59.37241484230748,Moderate,24.3,23.3,31.5,24.933333333333337,23.842857142857135,-4.300000000000001,20.683333333333334,68.0,9.691666666666666,21.945833333333336,66.875,11.1875,22.929166666666664,70.04166666666667,9.125,21.322222222222223,67.70833333333333,10.45,22.173214285714288,75.40476190476191,8.769642857142857,994.475,1.0125000000000457,1,0.8604968483358594,0.5094557625584906,0.6444391934208854,1.0,20,1,0.4999999999999999,0.8660254037844387,Moderate,Unhealthy,Unhealthy
2023-01-21,30.0,20.854166666666668,65.41666666666667,992.6291666666666,8.983333333333333,56.0792673565187,Moderate,27.2,24.3,23.3,27.166666666666668,25.02857142857143,6.699999999999999,21.3375,68.25,10.470833333333331,20.683333333333334,68.0,9.691666666666666,21.945833333333336,66.875,11.1875,20.95833333333333,67.22222222222223,9.715277777777777,21.934523809523807,72.81547619047619,8.935714285714285,994.0916666666668,-2.5375000000000227,1,0.8298104090795559,0.5580454148035087,0.4930055189075328,2.0,21,1,0.4999999999999999,0.8660254037844387,Unhealthy,Unhealthy,Unhealthy
2023-01-22,40.4,21.916666666666668,65.45833333333333,990.7541666666666,6.983333333333333,45.66111044422337,Unhealthy,30.0,27.2,24.3,32.53333333333333,27.814285714285717,16.099999999999998,20.854166666666668,65.41666666666667,8.983333333333333,21.3375,68.25,10.470833333333331,20.683333333333334,68.0,9.691666666666666,21.369444444444444,66.375,8.8125,21.88214285714286,69.60119047619048,8.860119047619047,992.6291666666666,-3.7208333333334167,1,0.7152185189505881,0.6989009015233327,0.0038439274255112,2.0,22,1,0.4999999999999999,0.8660254037844387,Unhealthy,Unhealthy,Moderate
2023-01-23,54.2,22.854166666666668,67.04166666666667,989.65,7.3,42.71132066554134,Unhealthy,40.4,30.0,27.2,41.53333333333333,32.98571428571428,27.000000000000004,21.916666666666668,65.45833333333333,6.983333333333333,20.854166666666668,65.41666666666667,8.983333333333333,21.3375,68.25,10.470833333333331,21.875,65.97222222222223,7.7555555555555555,21.78869047619048,67.29761904761905,9.10595238095238,990.7541666666666,-4.441666666666833,1,0.6783048631773542,0.734780588060103,-0.0397668823700515,3.0,23,1,0.4999999999999999,0.8660254037844387,Unhealthy,Moderate,Unhealthy
2023-01-24,42.7,22.804166666666664,63.458333333333336,992.3833333333332,17.975,62.71152609847882,Unhealthy,54.2,40.4,30.0,45.76666666666667,34.58571428571428,12.700000000000005,22.854166666666668,67.04166666666667,7.3,21.916666666666668,65.45833333333333,6.983333333333333,20.854166666666668,65.41666666666667,8.983333333333333,22.525,65.31944444444444,10.752777777777778,21.770833333333336,66.35714285714286,10.370238095238095,989.65,-0.2458333333333939,1,0.8887094804562556,0.4584707835262484,-0.169029677999442,3.0,24,1,0.4999999999999999,0.8660254037844387,Moderate,Unhealthy,Unhealthy
2023-01-25,28.2,19.391666666666666,55.79166666666666,994.0916666666668,13.279166666666669,60.90516000207721,Moderate,42.7,54.2,40.4,41.7,35.285714285714285,-12.2,22.804166666666664,63.458333333333336,17.975,22.854166666666668,67.04166666666667,7.3,21.916666666666668,65.45833333333333,6.983333333333333,21.683333333333334,62.09722222222222,12.85138888888889,21.40595238095238,64.77380952380952,10.66904761904762,992.3833333333332,3.3375000000002046,1,0.8738160183824887,0.4862566873763014,0.545197331536969,3.0,25,1,0.4999999999999999,0.8660254037844387,Unhealthy,Unhealthy,Moderate
2023-01-26,45.3,20.820833333333333,63.958333333333336,991.7,7.341666666666666,64.49112936968214,Unhealthy,28.2,42.7,54.2,38.73333333333333,38.285714285714285,-8.900000000000006,19.391666666666666,55.79166666666666,13.279166666666669,22.804166666666664,63.458333333333336,17.975,22.854166666666668,67.04166666666667,7.3,21.00555555555556,61.06944444444445,12.86527777777778,21.42559523809524,64.19642857142857,10.333333333333334,994.0916666666668,2.050000000000068,1,0.9025186210703878,0.4306508314414424,0.2220489775573188,2.0,26,1,0.4999999999999999,0.8660254037844387,Unhealthy,Moderate,Moderate
2023-01-27,51.8,22.97083333333333,61.66666666666666,991.7291666666666,14.179166666666667,65.54724917151725,Unhealthy,45.3,28.2,42.7,41.766666666666666,41.8,9.099999999999994,20.820833333333333,63.958333333333336,7.341666666666666,19.391666666666666,55.79166666666666,13.279166666666669,22.804166666666664,63.458333333333336,17.975,21.061111111111117,60.47222222222222,11.6,21.658928571428568,63.25595238095237,10.86309523809524,991.7,-0.6541666666665833,1,0.9103029397069424,0.4139426988858466,-0.0177304175786067,3.0,27,1,0.4999999999999999,0.8660254037844387,Moderate,Moderate,Moderate
2023-01-28,25.6,19.991666666666667,56.5,993.8958333333334,16.529166666666665,58.57700262517812,Moderate,51.8,45.3,28.2,40.9,41.17142857142857,-2.599999999999998,22.97083333333333,61.66666666666666,14.179166666666667,20.820833333333333,63.958333333333336,7.341666666666666,19.391666666666666,55.79166666666666,13.279166666666669,21.26111111111111,60.708333333333336,12.683333333333332,21.535714285714285,61.98214285714285,11.94107142857143,991.7291666666666,-0.1958333333334394,1,0.8533416057258228,0.5213521880046869,0.0044488953951511,3.0,28,1,0.4999999999999999,0.8660254037844387,Moderate,Moderate,Unhealthy
2023-01-29,28.4,18.866666666666667,50.91666666666666,994.9083333333332,17.3625,57.24779959709248,Moderate,25.6,51.8,45.3,35.266666666666666,39.457142857142856,-16.9,19.991666666666667,56.5,16.529166666666665,22.97083333333333,61.66666666666666,14.179166666666667,20.820833333333333,63.958333333333336,7.341666666666666,20.60972222222222,56.36111111111111,16.023611111111112,21.1,59.90476190476191,13.423809523809524,993.8958333333334,3.208333333333144,1,0.8410182366114837,0.5410067704630973,0.1834884955000585,2.0,29,1,0.4999999999999999,0.8660254037844387,Moderate,Unhealthy,Unhealthy
2023-01-30,34.2,18.475,48.083333333333336,995.1041666666666,13.075,56.009503083964205,Moderate,28.4,25.6,51.8,29.4,36.60000000000001,-17.599999999999994,18.866666666666667,50.91666666666666,17.3625,19.991666666666667,56.5,16.529166666666665,22.97083333333333,61.66666666666666,14.179166666666667,19.11111111111111,51.833333333333336,15.655555555555557,20.47440476190476,57.19642857142856,14.248809523809523,994.9083333333332,3.375,1,0.8291303089446572,0.5590553915215712,0.6816481574588247,2.0,30,1,0.4999999999999999,0.8660254037844387,Unhealthy,Unhealthy,Unhealthy
2023-01-31,50.0,19.779166666666665,58.79166666666666,991.6791666666668,7.3,67.39929691117987,Unhealthy,34.2,28.4,25.6,37.53333333333333,37.642857142857146,24.4,18.475,48.083333333333336,13.075,18.866666666666667,50.91666666666666,17.3625,19.991666666666667,56.5,16.529166666666665,19.040277777777774,52.59722222222222,12.579166666666666,20.042261904761908,56.52976190476191,12.723809523809525,995.1041666666666,-2.2166666666665837,1,0.9232055012730028,0.3843066515417907,-0.0633874808715145,2.0,31,1,0.4999999999999999,0.8660254037844387,Unhealthy,Unhealthy,Unhealthy
2023-02-01,72.4,22.570833333333336,64.375,989.5,4.954166666666667,33.61060847576375,Unhealthy,50.0,34.2,28.4,52.2,43.95714285714286,44.00000000000001,19.779166666666665,58.79166666666666,7.3,18.475,48.083333333333336,13.075,18.866666666666667,50.91666666666666,17.3625,20.275,57.083333333333336,8.443055555555555,20.49642857142857,57.75595238095237,11.534523809523808,991.6791666666668,-5.408333333333189,1,0.553545757482361,0.8328187644219354,-0.5068758910258623,3.0,32,2,0.8660254037844386,0.5000000000000001,Unhealthy,Unhealthy,Unhealthy
2023-02-02,78.7,26.09583333333333,60.41666666666666,989.6666666666666,6.383333333333333,74.6654754642584,Unhealthy,72.4,50.0,34.2,67.03333333333335,48.72857142857144,44.5,22.570833333333336,64.375,4.954166666666667,19.779166666666665,58.79166666666666,7.3,18.475,48.083333333333336,13.075,22.81527777777778,61.19444444444444,6.2125,21.25,57.24999999999999,11.397619047619049,989.5,-5.4375,1,0.9643982422134302,0.2644542123235061,-0.9247858504033172,3.0,33,2,0.8660254037844386,0.5000000000000001,Unhealthy,Unhealthy,Moderate
2023-02-14,40.8,28.60833333333333,61.0,989.175,6.4125000000000005,142.74993191248916,Unhealthy,78.7,72.4,50.0,63.96666666666667,47.15714285714286,-9.200000000000005,26.09583333333333,60.41666666666666,6.383333333333333,22.570833333333336,64.375,4.954166666666667,19.779166666666665,58.79166666666666,7.3,25.758333333333336,61.93055555555555,5.916666666666667,22.05535714285714,57.15476190476191,10.288095238095238,989.6666666666666,-2.5041666666668334,0,0.6052949339724367,-0.7960012832321965,-1.1500161507574165,3.0,45,2,0.8660254037844386,0.5000000000000001,Unhealthy,Moderate,Unhealthy
2023-02-15,39.2,25.383333333333336,67.08333333333333,991.7958333333332,12.191666666666668,56.9951269683782,Unhealthy,40.8,78.7,72.4,52.9,49.10000000000001,-33.2,28.60833333333333,61.0,6.4125000000000005,26.09583333333333,60.41666666666666,6.383333333333333,22.570833333333336,64.375,4.954166666666667,26.69583333333333,62.833333333333336,8.329166666666667,22.82559523809524,58.66666666666666,9.66845238095238,989.175,2.295833333333235,1,0.8386242431191553,0.5447103623512444,-0.1133031902301657,3.0,46,2,0.8660254037844386,0.5000000000000001,Moderate,Unhealthy,Unhealthy
2023-02-16,30.1,24.516666666666666,58.208333333333336,993.9125,15.5,56.4523012019485,Moderate,39.2,40.8,78.7,36.7,49.34285714285714,-48.6,25.383333333333336,67.08333333333333,12.191666666666668,28.60833333333333,61.0,6.4125000000000005,26.09583333333333,60.41666666666666,6.383333333333333,26.16944444444444,62.09722222222222,11.368055555555555,23.632738095238096,59.70833333333333,9.402380952380952,991.7958333333332,4.245833333333394,1,0.8334260450208849,0.5526310048131989,0.5249946202276052,3.0,47,2,0.8660254037844386,0.5000000000000001,Unhealthy,Unhealthy,Unhealthy
2023-03-19,49.4,29.8875,57.708333333333336,988.2333333333332,5.558333333333334,197.7961982104032,Unhealthy,30.1,39.2,40.8,39.56666666666667,51.51428571428572,8.600000000000001,24.516666666666666,58.208333333333336,15.5,25.383333333333336,67.08333333333333,12.191666666666668,28.60833333333333,61.0,6.4125000000000005,26.59583333333333,61.0,11.083333333333334,25.26309523809524,61.08333333333333,8.328571428571427,993.9125,-0.9416666666667196,0,-0.3056321269383706,-0.9521496746746952,-0.4998447386446855,2.0,78,3,1.0,6.123233995736766e-17,Unhealthy,Unhealthy,Unhealthy
2023-03-20,47.5,30.14583333333333,56.25,987.675,5.5,232.5230969059525,Unhealthy,49.4,30.1,39.2,42.333333333333336,51.15714285714286,8.299999999999997,29.8875,57.708333333333336,5.558333333333334,24.516666666666666,58.208333333333336,15.5,25.383333333333336,67.08333333333333,12.191666666666668,28.183333333333326,57.38888888888889,8.852777777777778,26.74404761904762,60.72023809523809,8.071428571428571,988.2333333333332,-4.12083333333328,0,-0.7935986779383019,-0.6084415652916716,-0.9146986412747452,3.0,79,3,1.0,6.123233995736766e-17,Unhealthy,Unhealthy,Unhealthy
2023-03-21,43.3,31.23333333333333,51.375,987.275,7.633333333333333,226.2075501110153,Unhealthy,47.5,49.4,30.1,46.73333333333333,47.0,13.199999999999996,30.14583333333333,56.25,5.5,29.8875,57.708333333333336,5.558333333333334,24.516666666666666,58.208333333333336,15.5,30.422222222222217,55.11111111111111,6.230555555555555,27.98154761904761,58.863095238095234,8.454166666666667,987.675,-6.6375000000000455,0,-0.7218514285111509,-0.6920480584153176,-1.0073706888658291,3.0,80,3,1.0,6.123233995736766e-17,Unhealthy,Unhealthy,Unhealthy
2023-03-22,40.7,31.441666666666663,50.79166666666666,985.8625,9.6,252.6372865780283,Unhealthy,43.3,47.5,49.4,43.833333333333336,41.57142857142857,-8.699999999999996,31.23333333333333,51.375,7.633333333333333,30.14583333333333,56.25,5.5,29.8875,57.708333333333336,5.558333333333334,30.940277777777776,52.80555555555555,7.577777777777778,28.74523809523809,57.488095238095234,8.913690476190476,987.275,-2.3708333333332803,0,-0.9544347342781784,-0.2984197346077217,-0.4018829999109827,3.0,81,3,1.0,6.123233995736766e-17,Unhealthy,Unhealthy,Unhealthy
2023-03-23,38.6,31.46666666666667,51.458333333333336,985.9833333333332,10.204166666666667,231.0542688649961,Unhealthy,40.7,43.3,47.5,40.86666666666667,41.25714285714286,-8.899999999999999,31.441666666666663,50.79166666666666,9.6,31.23333333333333,51.375,7.633333333333333,30.14583333333333,56.25,5.5,31.38055555555556,51.208333333333336,9.145833333333334,29.15357142857143,56.125,9.455357142857142,985.8625,-1.6916666666667195,0,-0.7777416863978258,-0.6285840192361447,-0.5196673393614647,3.0,82,3,1.0,6.123233995736766e-17,Unhealthy,Unhealthy,Moderate
2023-03-24,44.7,31.3,52.375,986.5916666666668,7.316666666666666,255.87373698022336,Unhealthy,38.6,40.7,43.3,41.333333333333336,42.04285714285714,1.4000000000000057,31.46666666666667,51.458333333333336,10.204166666666667,31.441666666666663,50.79166666666666,9.6,31.23333333333333,51.375,7.633333333333333,31.40277777777777,51.54166666666666,9.040277777777778,29.99880952380952,54.023809523809526,8.758928571428571,985.9833333333332,-0.6833333333331666,0,-0.9697602460841468,-0.2440595523941142,-0.2314492160948578,3.0,83,3,1.0,6.123233995736766e-17,Unhealthy,Moderate,Moderate
2023-03-25,44.9,31.629166666666663,52.29166666666666,986.9375,6.020833333333333,232.35042115502847,Unhealthy,44.7,38.6,40.7,42.73333333333333,44.15714285714286,4.199999999999996,31.3,52.375,7.316666666666666,31.46666666666667,51.458333333333336,10.204166666666667,31.441666666666663,50.79166666666666,9.6,31.46527777777777,52.04166666666666,7.847222222222222,31.014880952380956,53.17857142857142,7.404761904761905,986.5916666666668,1.0750000000000457,0,-0.7917613795966846,-0.6108305147740695,-0.0887088731021013,3.0,84,3,1.0,6.123233995736766e-17,Moderate,Moderate,Moderate
2023-03-26,35.2,31.891666666666666,47.833333333333336,986.6041666666666,8.1875,238.1239461599096,Moderate,44.9,44.7,38.6,41.6,42.12857142857143,-3.3999999999999986,31.629166666666663,52.29166666666666,6.020833333333333,31.3,52.375,7.316666666666666,31.46666666666667,51.458333333333336,10.204166666666667,31.60694444444444,50.833333333333336,7.175,31.30119047619047,51.767857142857146,7.7803571428571425,986.9375,0.620833333333394,0,-0.8491924686418548,-0.5280834699192472,-0.0898201221290534,3.0,85,3,1.0,6.123233995736766e-17,Moderate,Moderate,Moderate
2023-03-27,36.7,31.575,51.458333333333336,987.0666666666666,8.012500000000001,190.2036396666575,Moderate,35.2,44.9,44.7,38.93333333333333,40.58571428571429,-8.0,31.891666666666666,47.833333333333336,8.1875,31.629166666666663,52.29166666666666,6.020833333333333,31.3,52.375,7.316666666666666,31.69861111111111,50.52777777777777,7.406944444444444,31.505357142857143,51.08333333333333,8.139285714285714,986.6041666666666,0.4749999999997953,0,-0.1771472601682565,-0.9841843568228872,-0.0432890772083095,2.0,86,3,1.0,6.123233995736766e-17,Moderate,Moderate,Moderate
2023-03-28,33.4,29.870833333333334,60.583333333333336,988.8041666666668,8.9,191.51148201937008,Moderate,36.7,35.2,44.9,35.1,39.17142857142857,-11.5,31.575,51.458333333333336,8.012500000000001,31.891666666666666,47.833333333333336,8.1875,31.629166666666663,52.29166666666666,6.020833333333333,31.1125,53.29166666666666,8.366666666666667,31.310714285714287,52.39880952380952,8.320238095238095,987.0666666666666,1.866666666666788,0,-0.199564306385405,-0.9798847318010993,0.3757253310054467,2.0,87,3,1.0,6.123233995736766e-17,Moderate,Moderate,Moderate
2023-03-29,33.1,28.025,70.25,989.775,7.6375,174.51616830765488,Moderate,33.4,36.7,35.2,34.4,38.08571428571429,-2.1000000000000014,29.870833333333334,60.583333333333336,8.9,31.575,51.458333333333336,8.012500000000001,31.891666666666666,47.833333333333336,8.1875,29.82361111111111,60.76388888888889,8.183333333333334,30.82261904761905,55.17857142857143,8.039880952380953,988.8041666666668,3.1708333333333485,0,0.0955648576524552,-0.9954232054668336,0.8557477129602761,2.0,88,3,1.0,6.123233995736766e-17,Moderate,Moderate,Moderate
2023-03-30,31.0,28.229166666666668,68.45833333333333,987.8791666666666,6.229166666666667,194.9273154934079,Moderate,33.1,33.4,36.7,32.5,37.0,-5.700000000000003,28.025,70.25,7.6375,29.870833333333334,60.583333333333336,8.9,31.575,51.458333333333336,8.012500000000001,28.70833333333333,66.43055555555556,7.5888888888888895,30.360119047619047,57.60714285714285,7.47202380952381,989.775,0.8125,0,-0.2575934791666242,-0.9662533826542776,0.6426105651591428,2.0,89,3,1.0,6.123233995736766e-17,Moderate,Moderate,Moderate
2023-03-31,33.6,29.7,63.41666666666666,987.3541666666666,7.670833333333333,217.0258108284393,Moderate,31.0,33.1,33.4,32.56666666666666,35.41428571428572,0.2000000000000028,28.229166666666668,68.45833333333333,6.229166666666667,28.025,70.25,7.6375,29.870833333333334,60.583333333333336,8.9,28.65138888888889,67.37499999999999,7.179166666666667,30.131547619047616,59.1845238095238,7.522619047619047,987.8791666666666,-1.4500000000001592,0,-0.6021747345453183,-0.7983643210184656,0.0868505566044799,2.0,90,3,1.0,6.123233995736766e-17,Moderate,Moderate,Moderate
2023-04-01,29.4,29.6125,64.75,987.3,10.254166666666666,202.45484441498928,Moderate,33.6,31.0,33.1,31.33333333333333,33.2,-3.700000000000003,29.7,63.41666666666666,7.670833333333333,28.229166666666668,68.45833333333333,6.229166666666667,28.025,70.25,7.6375,29.18055555555556,65.54166666666667,8.051388888888889,29.84345238095238,60.96428571428572,8.127380952380951,987.3541666666666,-2.4750000000000227,0,-0.3819551915378721,-0.924180843589212,-0.3166994831667272,2.0,91,4,0.8660254037844387,-0.4999999999999998,Moderate,Moderate,Unhealthy
2023-04-02,26.9,28.975,65.25,987.0,9.8375,210.93898694751053,Moderate,29.4,33.6,31.0,29.96666666666667,32.01428571428571,-4.100000000000001,29.6125,64.75,10.254166666666666,29.7,63.41666666666666,7.670833333333333,28.229166666666668,68.45833333333333,6.229166666666667,29.429166666666664,64.47222222222221,9.254166666666668,29.42678571428571,63.45238095238095,8.363095238095239,987.3,-0.879166666666606,0,-0.5141250039043659,-0.8577152676502475,-0.3314924652935011,2.0,92,4,0.8660254037844387,-0.4999999999999998,Moderate,Unhealthy,Unhealthy
2023-04-03,34.2,29.65833333333333,61.54166666666666,986.3083333333334,9.041666666666666,209.21123641036536,Moderate,26.9,29.4,33.6,30.166666666666668,31.65714285714285,0.6000000000000014,28.975,65.25,9.8375,29.6125,64.75,10.254166666666666,29.7,63.41666666666666,7.670833333333333,29.415277777777774,63.84722222222222,9.71111111111111,29.15297619047619,64.89285714285714,8.510119047619048,987.0,-1.0458333333332348,0,-0.4880308405621141,-0.8728263851764774,-0.3135331395957443,2.0,93,4,0.8660254037844387,-0.4999999999999998,Unhealthy,Unhealthy,Unhealthy
2023-04-04,43.6,30.40833333333333,58.25,985.8416666666668,10.091666666666669,229.434102382084,Unhealthy,34.2,26.9,29.4,34.9,33.114285714285714,14.200000000000005,29.65833333333333,61.54166666666666,9.041666666666666,28.975,65.25,9.8375,29.6125,64.75,10.254166666666666,29.68055555555556,61.68055555555555,9.656944444444443,29.229761904761904,64.55952380952381,8.680357142857144,986.3083333333334,-1.458333333333144,0,-0.7596585128874705,-0.650322184611287,-0.4984632948777881,2.0,94,4,0.8660254037844387,-0.4999999999999998,Unhealthy,Unhealthy,Unhealthy
2023-04-05,44.1,31.21666666666667,53.333333333333336,985.9125,9.391666666666667,219.75808673543767,Unhealthy,43.6,34.2,26.9,40.63333333333333,34.68571428571429,17.200000000000003,30.40833333333333,58.25,10.091666666666669,29.65833333333333,61.54166666666666,9.041666666666666,28.975,65.25,9.8375,30.427777777777777,57.708333333333336,9.508333333333333,29.685714285714283,62.14285714285713,8.93095238095238,985.8416666666668,-1.0874999999999773,0,-0.6395475100697589,-0.7687515738933949,-0.7249854541098381,3.0,95,4,0.8660254037844387,-0.4999999999999998,Unhealthy,Unhealthy,Moderate
2023-04-06,45.0,31.504166666666663,50.5,986.9,7.608333333333333,184.2310863102275,Unhealthy,44.1,43.6,34.2,44.23333333333333,36.68571428571429,10.799999999999995,31.21666666666667,53.333333333333336,9.391666666666667,30.40833333333333,58.25,10.091666666666669,29.65833333333333,61.54166666666666,9.041666666666666,31.043055555555554,54.02777777777778,9.030555555555557,30.15357142857143,59.57738095238095,9.127976190476192,985.9125,0.5916666666665833,0,-0.0737792877341816,-0.997274594432966,-0.5070781584523953,3.0,96,4,0.8660254037844387,-0.4999999999999998,Unhealthy,Moderate,Moderate
2023-04-07,43.0,29.945833333333336,63.04166666666666,988.7791666666668,6.991666666666667,177.60026665873283,Unhealthy,45.0,44.1,43.6,44.03333333333333,38.02857142857143,-0.6000000000000014,31.504166666666663,50.5,7.608333333333333,31.21666666666667,53.333333333333336,9.391666666666667,30.40833333333333,58.25,10.091666666666669,30.88888888888889,55.625,7.997222222222223,30.18869047619048,59.523809523809526,9.030952380952382,986.9,2.9375,0,0.0418710037382918,-0.9991230249803814,0.1895633456932852,3.0,97,4,0.8660254037844387,-0.4999999999999998,Moderate,Moderate,Moderate
2023-04-08,34.6,28.85,68.66666666666667,990.975,6.808333333333334,164.0544969669669,Moderate,43.0,45.0,44.1,40.86666666666667,38.771428571428565,-9.5,29.945833333333336,63.04166666666666,6.991666666666667,31.504166666666663,50.5,7.608333333333333,31.21666666666667,53.333333333333336,9.391666666666667,30.1,60.73611111111111,7.136111111111112,30.079761904761902,60.083333333333336,8.538690476190478,988.7791666666668,5.0625,0,0.2747229257621234,-0.9615234339633636,0.8290894696443556,3.0,98,4,0.8660254037844387,-0.4999999999999998,Moderate,Moderate,Moderate
2023-04-09,29.7,29.45833333333333,65.54166666666667,991.1541666666668,6.583333333333333,132.2584462212177,Moderate,34.6,43.0,45.0,35.766666666666666,39.17142857142857,-15.3,28.85,68.66666666666667,6.808333333333334,29.945833333333336,63.04166666666666,6.991666666666667,31.504166666666663,50.5,7.608333333333333,29.418055555555554,65.75,6.794444444444444,30.14880952380952,60.125,8.073809523809524,990.975,4.254166666666833,0,0.7401190029152939,-0.6724759189173031,0.8284765056034722,2.0,99,4,0.8660254037844387,-0.4999999999999998,Moderate,Moderate,Unhealthy
2023-04-10,36.9,30.79583333333333,59.375,988.8291666666668,5.020833333333333,165.50106918518418,Moderate,29.7,34.6,43.0,33.733333333333334,39.55714285714286,-6.100000000000001,29.45833333333333,65.54166666666667,6.583333333333333,28.85,68.66666666666667,6.808333333333334,29.945833333333336,63.04166666666666,6.991666666666667,29.70138888888889,64.52777777777777,6.137499999999999,30.311309523809523,59.81547619047619,7.499404761904763,991.1541666666668,0.0499999999999545,0,0.2503619375996399,-0.9681523125011652,0.1695483144803503,2.0,100,4,0.8660254037844387,-0.4999999999999998,Moderate,Unhealthy,Unhealthy
2023-04-11,36.0,31.870833333333334,54.958333333333336,987.575,8.5375,230.9180611063989,Moderate,36.9,29.7,34.6,34.2,38.47142857142857,1.3999999999999986,30.79583333333333,59.375,5.020833333333333,29.45833333333333,65.54166666666667,6.583333333333333,28.85,68.66666666666667,6.808333333333334,30.70833333333333,59.958333333333336,6.713888888888889,30.52023809523809,59.345238095238095,7.277380952380952,988.8291666666668,-3.3999999999999773,0,-0.7762451737754851,-0.6304311462723483,-0.3919341195589326,2.0,101,4,0.8660254037844387,-0.4999999999999998,Unhealthy,Unhealthy,Unhealthy
2023-04-12,42.1,32.25,55.29166666666666,986.4625,7.441666666666666,193.06802148054047,Unhealthy,36.0,36.9,29.7,38.333333333333336,38.18571428571429,12.400000000000002,31.870833333333334,54.958333333333336,8.5375,30.79583333333333,59.375,5.020833333333333,29.45833333333333,65.54166666666667,6.583333333333333,31.63888888888889,56.54166666666666,7.0,30.667857142857144,59.625,6.998809523809524,987.575,-4.691666666666833,0,-0.2261076665137776,-0.9741023165682824,-0.49351397871864,2.0,102,4,0.8660254037844387,-0.4999999999999998,Unhealthy,Unhealthy,Unhealthy
2023-04-13,47.2,31.691666666666663,59.5,986.6458333333334,9.908333333333331,202.1753635418886,Unhealthy,42.1,36.0,36.9,41.76666666666667,38.5,10.300000000000004,32.25,55.29166666666666,7.441666666666666,31.870833333333334,54.958333333333336,8.5375,30.79583333333333,59.375,5.020833333333333,31.9375,56.583333333333336,8.629166666666666,30.69464285714286,60.910714285714285,7.327380952380952,986.4625,-2.183333333333394,0,-0.3774426392991777,-0.9260329659568663,-0.3246781653906384,3.0,103,4,0.8660254037844387,-0.4999999999999998,Unhealthy,Unhealthy,Unhealthy
2023-04-14,46.5,32.170833333333334,56.29166666666666,986.3541666666666,7.808333333333334,217.0101538272362,Unhealthy,47.2,42.1,36.0,45.26666666666667,39.0,10.5,31.691666666666663,59.5,9.908333333333331,32.25,55.29166666666666,7.441666666666666,31.870833333333334,54.958333333333336,8.5375,32.0375,57.02777777777777,8.386111111111111,31.0125,59.94642857142857,7.444047619047619,986.6458333333334,-1.2208333333334167,0,-0.6019565460627363,-0.7985288452224008,-0.2243125074057425,3.0,104,4,0.8660254037844387,-0.4999999999999998,Unhealthy,Unhealthy,Unhealthy
2023-04-15,52.9,31.90833333333333,58.0,985.7541666666666,6.304166666666667,233.2949142287677,Unhealthy,46.5,47.2,42.1,48.866666666666674,41.614285714285714,10.799999999999995,32.170833333333334,56.29166666666666,7.808333333333334,31.691666666666663,59.5,9.908333333333331,32.25,55.29166666666666,7.441666666666666,31.92361111111111,57.93055555555555,8.006944444444445,31.44940476190476,58.42261904761905,7.372023809523808,986.3541666666666,-0.7083333333333712,0,-0.8017225938135991,-0.5976963129958179,-0.1317949241421055,3.0,105,4,0.8660254037844387,-0.4999999999999998,Unhealthy,Unhealthy,Unhealthy
2023-04-16,52.1,29.85,64.79166666666667,986.5416666666666,6.395833333333333,166.65890405292384,Unhealthy,52.9,46.5,47.2,50.5,44.81428571428571,4.899999999999999,31.90833333333333,58.0,6.304166666666667,32.170833333333334,56.29166666666666,7.808333333333334,31.691666666666663,59.5,9.908333333333331,31.309722222222224,59.69444444444444,6.836111111111111,31.505357142857143,58.3154761904762,7.345238095238095,985.7541666666666,-0.1041666666667424,0,0.2307476998275153,-0.9730136170806196,0.3321211762776303,3.0,106,4,0.8660254037844387,-0.4999999999999998,Unhealthy,Unhealthy,Unhealthy
2023-04-17,46.7,30.625,61.333333333333336,987.2666666666668,6.545833333333333,191.2737748856786,Unhealthy,52.1,52.9,46.5,50.56666666666666,46.21428571428572,0.2000000000000028,29.85,64.79166666666667,6.395833333333333,31.90833333333333,58.0,6.304166666666667,32.170833333333334,56.29166666666666,7.808333333333334,30.79444444444444,61.375,6.415277777777778,31.480952380952377,58.595238095238095,7.563095238095237,986.5416666666666,0.9125000000001364,0,-0.1954972820945986,-0.9807042432321912,0.3984406535266826,3.0,107,4,0.8660254037844387,-0.4999999999999998,Unhealthy,Unhealthy,Unhealthy
2023-04-18,45.5,32.24583333333333,53.708333333333336,987.1708333333332,7.6,209.70061563777563,Unhealthy,46.7,52.1,52.9,48.1,47.57142857142857,-7.399999999999999,30.625,61.333333333333336,6.545833333333333,29.85,64.79166666666667,6.395833333333333,31.90833333333333,58.0,6.304166666666667,30.906944444444445,59.94444444444444,6.847222222222221,31.53452380952381,58.41666666666666,7.429166666666667,987.2666666666668,1.4166666666666288,0,-0.4954680017679377,-0.8686261907311378,0.0169248467542272,3.0,108,4,0.8660254037844387,-0.4999999999999998,Unhealthy,Unhealthy,Unhealthy
2023-04-19,41.1,32.770833333333336,52.375,984.525,11.254166666666668,234.35318792536705,Unhealthy,45.5,46.7,52.1,44.43333333333334,47.42857142857143,-11.0,32.24583333333333,53.708333333333336,7.6,30.625,61.333333333333336,6.545833333333333,29.85,64.79166666666667,6.395833333333333,31.88055555555556,55.80555555555557,8.466666666666667,31.60892857142857,58.0,7.973809523809523,987.1708333333332,-2.0166666666666515,0,-0.8126248807936373,-0.5827870993039627,-0.8666472888041215,3.0,109,4,0.8660254037844387,-0.4999999999999998,Unhealthy,Unhealthy,Unhealthy
2023-04-20,47.1,33.016666666666666,50.583333333333336,982.6791666666668,12.175,227.1607340350018,Unhealthy,41.1,45.5,46.7,44.56666666666666,47.41428571428572,0.3999999999999986,32.770833333333336,52.375,11.254166666666668,32.24583333333333,53.708333333333336,7.6,30.625,61.333333333333336,6.545833333333333,32.67777777777778,52.22222222222222,10.343055555555557,31.798214285714284,56.72619047619048,8.297619047619047,984.525,-4.587499999999977,0,-0.7332640572678771,-0.6799439846921593,-1.1614626291797172,3.0,110,4,0.8660254037844387,-0.4999999999999998,Unhealthy,Unhealthy,Unhealthy
2023-04-21,48.8,32.675000000000004,47.625,983.4166666666666,9.3125,206.52613623027665,Unhealthy,47.1,41.1,45.5,45.66666666666666,47.74285714285715,3.299999999999997,33.016666666666666,50.583333333333336,12.175,32.770833333333336,52.375,11.254166666666668,32.24583333333333,53.708333333333336,7.6,32.82083333333333,50.19444444444445,10.91388888888889,31.870238095238097,55.48809523809524,8.512500000000001,982.6791666666668,-3.754166666666606,0,-0.4466060028590909,-0.8947307294433481,-0.8114975045785605,3.0,111,4,0.8660254037844387,-0.4999999999999998,Unhealthy,Unhealthy,Moderate
2023-04-22,55.6,32.300000000000004,49.333333333333336,984.5958333333332,8.283333333333333,196.0670954049701,Unhealthy,48.8,47.1,41.1,50.5,48.12857142857143,14.5,32.675000000000004,47.625,9.3125,33.016666666666666,50.583333333333336,12.175,32.770833333333336,52.375,11.254166666666668,32.66388888888889,49.18055555555557,9.923611111111112,31.92619047619048,54.25,8.795238095238094,983.4166666666666,0.070833333333212,0,-0.276762838357113,-0.9609382557191252,-0.4319903816749686,3.0,112,4,0.8660254037844387,-0.4999999999999998,Unhealthy,Moderate,Moderate
2023-04-23,39.4,31.15,57.25,986.85,7.4125,197.96837133583944,Unhealthy,55.6,48.8,47.1,47.93333333333334,46.31428571428573,-7.700000000000003,32.300000000000004,49.333333333333336,8.283333333333333,32.675000000000004,47.625,9.3125,33.016666666666666,50.583333333333336,12.175,32.041666666666664,51.40277777777777,8.33611111111111,32.11190476190477,53.17261904761905,8.940476190476192,984.5958333333332,4.170833333333235,0,-0.3084919409841797,-0.9512269562768988,0.2043044414019102,3.0,113,4,0.8660254037844387,-0.4999999999999998,Moderate,Moderate,Moderate
2023-04-24,31.4,30.225,62.958333333333336,989.1,4.4375,42.45355591076628,Moderate,39.4,55.6,48.8,42.13333333333333,44.12857142857143,-17.4,31.15,57.25,7.4125,32.300000000000004,49.333333333333336,8.283333333333333,32.675000000000004,47.625,9.3125,31.225000000000005,56.513888888888886,6.711111111111111,32.05476190476191,53.40476190476191,8.639285714285714,986.85,5.683333333333394,1,0.6749923470373641,0.7378247294859333,0.703960676014083,3.0,114,4,0.8660254037844387,-0.4999999999999998,Moderate,Moderate,Moderate
2023-04-25,30.3,29.464583333333334,65.45833333333333,988.70625,5.297916666666668,112.7238687878984,Moderate,31.4,39.4,55.6,33.7,41.957142857142856,-25.3,30.225,62.958333333333336,4.4375,31.15,57.25,7.4125,32.300000000000004,49.333333333333336,8.283333333333333,30.279861111111117,61.88888888888889,5.715972222222223,31.65744047619048,55.083333333333336,8.310416666666667,989.1,4.110416666666765,0,0.9223772452212772,-0.3862903279892052,0.8394424424475373,2.0,115,4,0.8660254037844387,-0.4999999999999998,Moderate,Moderate,Moderate
2023-04-26,29.2,28.704166666666666,67.95833333333333,988.3125,6.158333333333334,182.99418166503048,Moderate,30.3,31.4,39.4,30.3,40.25714285714286,-10.2,29.464583333333334,65.45833333333333,5.297916666666668,30.225,62.958333333333336,4.4375,31.15,57.25,7.4125,29.464583333333334,65.45833333333333,5.297916666666668,31.07648809523809,57.30952380952381,7.582440476190477,988.70625,1.4624999999999773,0,-0.0522345460405813,-0.9986348442748902,0.7785297999180839,2.0,116,4,0.8660254037844387,-0.4999999999999998,Moderate,Moderate,Moderate
2023-04-27,27.7,28.9875,70.04166666666667,988.6083333333332,5.091666666666667,158.0364050939461,Moderate,29.2,30.3,31.4,29.066666666666663,37.48571428571428,-3.6999999999999993,28.704166666666666,67.95833333333333,6.158333333333334,29.464583333333334,65.45833333333333,5.297916666666668,30.225,62.958333333333336,4.4375,29.05208333333333,67.81944444444444,5.515972222222223,30.500892857142865,60.08928571428572,6.570535714285716,988.3125,-0.4916666666667879,0,0.3740173956437301,-0.9274216882065468,0.5755285403816693,2.0,117,4,0.8660254037844387,-0.4999999999999998,Moderate,Moderate,Good
2023-04-28,28.0,29.5625,67.5,988.075,7.308333333333334,261.7840340580393,Moderate,27.7,29.2,30.3,28.3,34.51428571428571,-2.3000000000000007,28.9875,70.04166666666667,5.091666666666667,28.704166666666666,67.95833333333333,6.158333333333334,29.464583333333334,65.45833333333333,5.297916666666668,29.084722222222226,68.5,6.186111111111111,30.05625,62.92857142857143,6.284226190476191,988.6083333333332,-0.631249999999909,0,-0.9897364477501964,-0.1429047374820816,0.2194838163681766,2.0,118,4,0.8660254037844387,-0.4999999999999998,Moderate,Good,Moderate
2023-04-29,28.9,29.695833333333336,67.95833333333333,987.1708333333332,4.7875000000000005,220.88060004582417,Moderate,28.0,27.7,29.2,28.2,30.7,-0.3000000000000007,29.5625,67.5,7.308333333333334,28.9875,70.04166666666667,5.091666666666667,28.704166666666666,67.95833333333333,6.158333333333334,29.415277777777774,68.50000000000001,5.729166666666667,29.68422619047619,65.58928571428571,5.784821428571429,988.075,-1.1416666666667652,0,-0.6544848494403075,-0.7560751165414042,0.0252095055038362,2.0,119,4,0.8660254037844387,-0.4999999999999998,Good,Moderate,Good
2023-04-30,24.5,26.97083333333333,75.29166666666667,988.4041666666668,8.700000000000001,85.14480257455989,Good,28.9,28.0,27.7,27.13333333333333,28.571428571428573,-3.1999999999999997,29.695833333333336,67.95833333333333,4.7875000000000005,29.5625,67.5,7.308333333333334,28.9875,70.04166666666667,5.091666666666667,28.74305555555556,70.25,6.9319444444444445,29.087202380952384,68.16666666666666,5.96875,987.1708333333332,-0.2041666666664241,1,0.9964117835480568,0.0846378024678111,0.5363121432342902,2.0,120,4,0.8660254037844387,-0.4999999999999998,Moderate,Good,Moderate
2023-05-01,25.2,27.79583333333333,73.66666666666667,988.325,6.2625,112.20810229050414,Moderate,24.5,28.9,28.0,26.2,27.685714285714287,-2.8000000000000007,26.97083333333333,75.29166666666667,8.700000000000001,29.695833333333336,67.95833333333333,4.7875000000000005,29.5625,67.5,7.308333333333334,28.15416666666667,72.30555555555556,6.583333333333335,28.74017857142857,69.69642857142857,6.229464285714286,988.4041666666668,0.25,0,0.9258171444650538,-0.3779717119237545,0.5231108278898523,1.0,121,5,0.4999999999999999,-0.8660254037844387,Good,Moderate,Moderate
2023-05-02,24.7,29.27083333333333,71.41666666666667,988.4208333333332,6.320833333333333,201.838572288106,Good,25.2,24.5,28.9,24.8,26.885714285714283,-4.199999999999999,27.79583333333333,73.66666666666667,6.2625,26.97083333333333,75.29166666666667,8.700000000000001,29.695833333333336,67.95833333333333,4.7875000000000005,28.0125,73.45833333333336,7.094444444444445,28.7125,70.54761904761905,6.375595238095238,988.325,1.25,0,-0.3719928204739199,-0.9282356066839162,0.2455115808814044,2.0,122,5,0.4999999999999999,-0.8660254037844387,Moderate,Moderate,Good
2023-05-03,26.8,30.17083333333333,65.54166666666667,988.75,6.466666666666666,244.6872645297369,Moderate,24.7,25.2,24.5,25.566666666666663,26.542857142857144,2.3000000000000007,29.27083333333333,71.41666666666667,6.320833333333333,27.79583333333333,73.66666666666667,6.2625,26.97083333333333,75.29166666666667,8.700000000000001,29.079166666666666,70.20833333333334,6.3500000000000005,28.922023809523807,70.20238095238095,6.419642857142857,988.4208333333332,0.3458333333331893,0,-0.9039875359792244,-0.4275588085798378,-0.2671001424259928,1.0,123,5,0.4999999999999999,-0.8660254037844387,Moderate,Good,Moderate
2023-05-04,29.2,31.008333333333336,62.66666666666666,986.6666666666666,7.804166666666667,226.2607426813912,Moderate,26.8,24.7,25.2,26.9,26.75714285714286,4.0,30.17083333333333,65.54166666666667,6.466666666666666,29.27083333333333,71.41666666666667,6.320833333333333,27.79583333333333,73.66666666666667,6.2625,30.149999999999995,66.54166666666667,6.86388888888889,29.210714285714285,69.14880952380952,6.807142857142857,988.75,-1.6583333333334167,0,-0.7224936047134152,-0.6913776038809873,-0.5312087423847535,2.0,124,5,0.4999999999999999,-0.8660254037844387,Good,Moderate,Good
2023-05-05,24.4,32.295833333333334,56.375,984.0458333333332,10.366666666666667,230.53502754997805,Good,29.2,26.8,24.7,26.8,26.242857142857144,-0.3000000000000007,31.008333333333336,62.66666666666666,7.804166666666667,30.17083333333333,65.54166666666667,6.466666666666666,29.27083333333333,71.41666666666667,6.320833333333333,31.15833333333333,61.52777777777778,8.2125,29.601190476190474,67.55952380952381,7.2440476190476195,986.6666666666666,-4.375,0,-0.7720133030924744,-0.6356063717807172,-0.9045045029447396,2.0,125,5,0.4999999999999999,-0.8660254037844387,Moderate,Good,Moderate
2023-05-06,25.6,33.375,51.91666666666666,982.5875,10.029166666666669,240.38227006647864,Moderate,24.4,29.2,26.8,26.4,25.77142857142857,-1.1999999999999993,32.295833333333334,56.375,10.366666666666667,31.008333333333336,62.66666666666666,7.804166666666667,30.17083333333333,65.54166666666667,6.466666666666666,32.22638888888889,56.98611111111111,9.4,30.126785714285717,65.26785714285714,7.992857142857143,984.0458333333332,-6.162500000000023,0,-0.8693420396830769,-0.4942109044119399,-1.2085673635058518,1.0,126,5,0.4999999999999999,-0.8660254037844387,Good,Moderate,Good
2023-05-07,24.4,32.975,54.875,982.6208333333334,13.191666666666668,214.88166057534644,Good,25.6,24.4,29.2,24.8,25.75714285714286,-4.800000000000001,33.375,51.91666666666666,10.029166666666669,32.295833333333334,56.375,10.366666666666667,31.008333333333336,62.66666666666666,7.804166666666667,32.88194444444445,54.38888888888889,11.195833333333336,30.984523809523807,62.35119047619048,8.63452380952381,982.5875,-4.045833333333235,0,-0.5718833271865688,-0.8203349682209213,-1.1863254816149855,2.0,127,5,0.4999999999999999,-0.8660254037844387,Moderate,Good,Good
2023-05-08,25.1,29.84583333333333,69.95833333333333,984.8375,9.954166666666667,173.6523559021573,Moderate,24.4,25.6,24.4,25.03333333333333,25.742857142857144,0.7000000000000028,32.975,54.875,13.191666666666668,33.375,51.91666666666666,10.029166666666669,32.295833333333334,56.375,10.366666666666667,32.06527777777777,58.91666666666666,11.058333333333335,31.277380952380952,61.82142857142857,9.161904761904765,982.6208333333334,0.7916666666667425,0,0.1105607976877257,-0.9938693626501692,-0.1893754062403201,1.0,128,5,0.4999999999999999,-0.8660254037844387,Good,Good,Good
2023-05-09,22.433333333333334,29.40277777777777,71.59722222222221,986.1569444444444,8.408333333333333,155.09849938708447,Good,25.1,24.4,25.6,23.977777777777774,25.41904761904762,-3.166666666666668,29.84583333333333,69.95833333333333,9.954166666666667,32.975,54.875,13.191666666666668,33.375,51.91666666666666,10.029166666666669,30.7412037037037,65.47685185185185,10.518055555555556,31.29623015873016,61.84722222222222,9.460119047619049,984.8375,3.569444444444457,0,0.4210595692828555,-0.907032986784569,0.2626588172933836,2.0,129,5,0.4999999999999999,-0.8660254037844387,Good,Good,Good
2023-05-10,19.76666666666667,28.959722222222226,73.23611111111111,987.4763888888888,6.862500000000001,134.1290653670685,Good,22.433333333333334,25.1,24.4,22.433333333333337,24.41428571428571,-4.633333333333329,29.40277777777777,71.59722222222221,8.408333333333333,29.84583333333333,69.95833333333333,9.954166666666667,32.975,54.875,13.191666666666668,29.40277777777777,71.59722222222223,8.408333333333333,31.123214285714287,62.94642857142856,9.516666666666667,986.1569444444444,4.855555555555384,0,0.7177731783121819,-0.696277002704835,0.6294739097929255,1.0,130,5,0.4999999999999999,-0.8660254037844387,Good,Good,Good
2023-05-11,17.1,28.516666666666666,74.875,988.7958333333332,5.316666666666666,115.57520885199568,Good,19.76666666666667,22.433333333333334,25.1,19.766666666666666,22.685714285714287,-8.0,28.959722222222226,73.23611111111111,6.862500000000001,29.40277777777777,71.59722222222221,8.408333333333333,29.84583333333333,69.95833333333333,9.954166666666667,28.959722222222226,73.23611111111113,6.862500000000001,30.767261904761902,64.69047619047619,9.161309523809525,987.4763888888888,3.9583333333332575,0,0.9020193999342327,-0.4316954970141413,0.4639038852757808,1.0,131,5,0.4999999999999999,-0.8660254037844387,Good,Good,Good
2023-05-12,20.9,26.745833333333334,86.54166666666667,988.8916666666668,4.8375,124.17142361730942,Good,17.1,19.76666666666667,22.433333333333334,19.25555555555556,22.185714285714283,-1.533333333333335,28.516666666666666,74.875,5.316666666666666,28.959722222222226,73.23611111111111,6.862500000000001,29.40277777777777,71.59722222222221,8.408333333333333,28.07407407407408,78.2175925925926,5.672222222222223,29.97440476190476,69.0,8.371428571428572,988.7958333333332,2.734722222222331,0,0.8273608115832438,-0.5616707998964483,0.8317242593901476,1.0,132,5,0.4999999999999999,-0.8660254037844387,Good,Good,Moderate
2023-05-13,22.3,28.0,80.83333333333333,988.8333333333334,6.9,117.67702524694096,Good,20.9,17.1,19.76666666666667,20.1,21.714285714285715,2.5333333333333314,26.745833333333334,86.54166666666667,4.8375,28.516666666666666,74.875,5.316666666666666,28.959722222222226,73.23611111111111,6.862500000000001,27.754166666666663,80.75,5.684722222222223,29.20654761904762,73.13095238095238,7.9244047619047615,988.8916666666668,1.3569444444445935,0,0.8855799492961746,-0.4644869787244686,0.5315390153832097,1.0,133,5,0.4999999999999999,-0.8660254037844387,Good,Moderate,Moderate
2023-05-14,18.0,28.8625,73.41666666666667,988.3625,7.504166666666666,165.65895576052446,Good,22.3,20.9,17.1,20.4,20.800000000000004,0.8999999999999986,28.0,80.83333333333333,6.9,26.745833333333334,86.54166666666667,4.8375,28.516666666666666,74.875,5.316666666666666,27.869444444444444,80.2638888888889,6.413888888888889,28.619047619047617,75.7797619047619,7.111904761904762,988.8333333333334,-0.4333333333332803,0,0.2476931106039181,-0.9688385432874536,0.1804363479125189,1.0,134,5,0.4999999999999999,-0.8660254037844387,Moderate,Moderate,Unhealthy
2023-05-15,27.6,29.63958333333333,65.04166666666666,988.5625,8.554166666666667,208.4481140394892,Moderate,18.0,22.3,20.9,22.633333333333336,21.15714285714285,6.700000000000003,28.8625,73.41666666666667,7.504166666666666,28.0,80.83333333333333,6.9,26.745833333333334,86.54166666666667,4.8375,28.834027777777777,73.09722222222221,7.652777777777779,28.589583333333334,75.07738095238095,6.911904761904762,988.3625,-0.3291666666667652,0,-0.4763627247702338,-0.8792488580882425,-0.3740497488415377,1.0,135,5,0.4999999999999999,-0.8660254037844387,Moderate,Unhealthy,Moderate
2023-05-16,37.2,30.416666666666668,56.66666666666666,988.7625,9.604166666666666,251.23727231845385,Moderate,27.6,18.0,22.3,27.600000000000005,23.26666666666667,14.900000000000002,29.63958333333333,65.04166666666666,8.554166666666667,28.8625,73.41666666666667,7.504166666666666,28.0,80.83333333333333,6.9,29.63958333333333,65.04166666666667,8.554166666666667,28.7344246031746,72.94444444444444,7.082738095238095,988.5625,-0.0708333333333257,0,-0.9468587015855424,-0.3216498083813218,-0.3696187021414223,2.0,136,5,0.4999999999999999,-0.8660254037844387,Unhealthy,Moderate,Moderate
2023-05-17,39.9,31.0,52.333333333333336,988.7125,13.025,260.37102939854185,Unhealthy,37.2,27.6,18.0,34.9,26.142857142857142,21.9,30.416666666666668,56.66666666666666,9.604166666666666,29.63958333333333,65.04166666666666,8.554166666666667,28.8625,73.41666666666667,7.504166666666666,30.352083333333336,58.013888888888886,10.394444444444444,29.025892857142857,69.95833333333333,7.96309523809524,988.7625,0.3500000000000227,0,-0.9859115873536034,-0.1672672769010664,-0.5259184744503854,2.0,137,5,0.4999999999999999,-0.8660254037844387,Moderate,Moderate,Unhealthy
2023-05-18,35.5,31.508333333333336,52.29166666666666,987.65,11.329166666666666,263.0261874778428,Moderate,39.9,37.2,27.6,37.53333333333333,28.77142857142857,7.899999999999999,31.0,52.333333333333336,13.025,30.416666666666668,56.66666666666666,9.604166666666666,29.63958333333333,65.04166666666666,8.554166666666667,30.975,53.763888888888886,11.319444444444445,29.453273809523807,66.73214285714286,8.82202380952381,988.7125,-0.9125000000000228,0,-0.992601749290226,-0.121415679819303,-0.684993071034933,3.0,138,5,0.4999999999999999,-0.8660254037844387,Moderate,Unhealthy,Unhealthy
2023-05-19,36.0,32.266666666666666,49.29166666666666,985.8041666666668,10.3,273.84566046180964,Moderate,35.5,39.9,37.2,37.13333333333333,30.928571428571427,-1.2000000000000028,31.508333333333336,52.29166666666666,11.329166666666666,31.0,52.333333333333336,13.025,30.416666666666668,56.66666666666666,9.604166666666666,31.59166666666667,51.30555555555555,11.551388888888887,30.24196428571429,61.41071428571428,9.602380952380951,987.65,-2.958333333333257,0,-0.9977483360963884,0.0670690526016914,-0.8896229627066826,2.0,139,5,0.4999999999999999,-0.8660254037844387,Unhealthy,Unhealthy,Moderate
2023-05-20,40.0,32.641666666666666,49.16666666666666,985.4833333333332,9.004166666666666,251.5584113662726,Unhealthy,36.0,35.5,39.9,37.16666666666666,33.457142857142856,0.1000000000000014,32.266666666666666,49.29166666666666,10.3,31.508333333333336,52.29166666666666,11.329166666666666,31.0,52.333333333333336,13.025,32.138888888888886,50.24999999999999,10.211111111111112,30.905059523809523,56.88690476190476,9.90297619047619,985.8041666666668,-3.2291666666667425,0,-0.9486466451322688,-0.3163377035373613,-0.7400741832734908,2.0,140,5,0.4999999999999999,-0.8660254037844387,Unhealthy,Moderate,Moderate
2023-05-21,37.7,32.50416666666667,53.41666666666666,986.6333333333332,7.245833333333334,198.10845567989185,Unhealthy,40.0,36.0,35.5,37.9,36.27142857142857,2.200000000000003,32.641666666666666,49.16666666666666,9.004166666666666,32.266666666666666,49.29166666666666,10.3,31.508333333333336,52.29166666666666,11.329166666666666,32.47083333333333,50.62499999999999,8.85,31.42529761904762,54.02976190476189,9.866071428571429,985.4833333333332,-1.0166666666667652,0,-0.3108167028402728,-0.9504698718189344,-0.3671287011535362,3.0,141,5,0.4999999999999999,-0.8660254037844387,Moderate,Moderate,Good
2023-05-22,31.6,30.725,58.458333333333336,987.6166666666668,7.491666666666667,215.58769034106967,Moderate,37.7,40.0,36.0,36.43333333333334,36.84285714285715,-4.399999999999999,32.50416666666667,53.41666666666666,7.245833333333334,32.641666666666666,49.16666666666666,9.004166666666666,32.266666666666666,49.29166666666666,10.3,31.95694444444445,53.68055555555555,7.913888888888889,31.580357142857142,53.08928571428572,9.714285714285714,986.6333333333332,1.8125,0,-0.5819482668403885,-0.8132258079534048,0.2698629017466925,3.0,142,5,0.4999999999999999,-0.8660254037844387,Moderate,Good,Moderate
2023-05-23,30.6,28.629166666666663,74.83333333333333,987.6833333333334,7.304166666666667,217.52959435675984,Moderate,31.6,37.7,40.0,33.300000000000004,35.9,-9.4,30.725,58.458333333333336,7.491666666666667,32.50416666666667,53.41666666666666,7.245833333333334,32.641666666666666,49.16666666666666,9.004166666666666,30.61944444444444,62.23611111111111,7.347222222222224,31.325,55.6845238095238,9.385714285714286,987.6166666666668,2.200000000000159,0,-0.6091711298307886,-0.7930387976515907,0.7645426372533904,2.0,143,5,0.4999999999999999,-0.8660254037844387,Good,Moderate,Moderate
2023-05-24,23.5,27.604166666666668,81.66666666666667,987.0958333333332,5.808333333333334,224.5615205002358,Good,30.6,31.6,37.7,28.566666666666663,33.557142857142864,-14.200000000000005,28.629166666666663,74.83333333333333,7.304166666666667,30.725,58.458333333333336,7.491666666666667,32.50416666666667,53.41666666666666,7.245833333333334,28.98611111111111,71.65277777777779,6.868055555555557,30.839880952380952,59.875,8.354761904761904,987.6833333333334,0.4624999999999772,0,-0.7016747022864023,-0.7124974471331731,0.9115887101778934,2.0,144,5,0.4999999999999999,-0.8660254037844387,Moderate,Moderate,Moderate
2023-05-25,26.9,28.570833333333336,76.25,987.275,7.466666666666666,206.53163143279428,Moderate,23.5,30.6,31.6,27.0,32.32857142857143,-4.700000000000003,27.604166666666668,81.66666666666667,5.808333333333334,28.629166666666663,74.83333333333333,7.304166666666667,30.725,58.458333333333336,7.491666666666667,28.268055555555552,77.58333333333333,6.859722222222223,30.42023809523809,63.29761904761904,7.80297619047619,987.0958333333332,-0.3416666666668106,0,-0.4466918138717232,-0.8946878916247776,0.4561110431710051,1.0,145,5,0.4999999999999999,-0.8660254037844387,Moderate,Moderate,Good
2023-05-26,34.0,29.504166666666663,70.91666666666667,987.2916666666666,6.258333333333333,197.72587554925133,Moderate,26.9,23.5,30.6,28.133333333333336,32.042857142857144,3.3999999999999986,28.570833333333336,76.25,7.466666666666666,27.604166666666668,81.66666666666667,5.808333333333334,28.629166666666663,74.83333333333333,7.304166666666667,28.55972222222222,76.27777777777779,6.511111111111112,30.02559523809524,66.38690476190477,7.225595238095238,987.275,-0.3916666666667652,0,-0.304463264721,-0.9525240786643824,-0.0274762035016702,2.0,146,5,0.4999999999999999,-0.8660254037844387,Moderate,Good,Good
2023-05-27,31.7,29.425,70.66666666666667,985.6833333333334,6.775,240.64390994462192,Moderate,34.0,26.9,23.5,30.866666666666664,30.85714285714286,8.2,29.504166666666663,70.91666666666667,6.258333333333333,28.570833333333336,76.25,7.466666666666666,27.604166666666668,81.66666666666667,5.808333333333334,29.16666666666666,72.61111111111111,6.833333333333333,29.56607142857143,69.45833333333333,6.9071428571428575,987.2916666666666,-1.4124999999997954,0,-0.8715897706747526,-0.4902359346836298,-0.3849381430775755,2.0,147,5,0.4999999999999999,-0.8660254037844387,Good,Good,Good
2023-05-28,23.3,27.2625,83.29166666666667,985.4041666666668,4.3625,83.7428986264103,Good,31.7,34.0,26.9,29.666666666666668,28.8,-3.599999999999998,29.425,70.66666666666667,6.775,29.504166666666663,70.91666666666667,6.258333333333333,28.570833333333336,76.25,7.466666666666666,28.730555555555554,74.95833333333336,5.798611111111112,28.817261904761903,73.72619047619048,6.495238095238095,985.6833333333334,-1.8708333333331664,1,0.9940428373707868,0.1089900796946015,0.2399353374963987,2.0,148,5,0.4999999999999999,-0.8660254037844387,Good,Good,Good
2023-05-29,22.7,26.745833333333334,85.95833333333333,986.2,6.3500000000000005,198.34767678738564,Good,23.3,31.7,34.0,25.9,27.528571428571432,-11.3,27.2625,83.29166666666667,4.3625,29.425,70.66666666666667,6.775,29.504166666666663,70.91666666666667,6.258333333333333,27.811111111111103,79.97222222222223,5.829166666666668,28.248809523809523,77.65476190476191,6.332142857142857,985.4041666666668,-1.0916666666665833,0,-0.3147823801701833,-0.9491638705378508,0.5657684611791861,1.0,149,5,0.4999999999999999,-0.8660254037844387,Good,Good,Good
2023-05-30,20.0,27.3125,84.45833333333333,986.0416666666666,4.666666666666667,225.4101818736934,Good,22.7,23.3,31.7,22.0,26.01428571428572,-11.7,26.745833333333334,85.95833333333333,6.3500000000000005,27.2625,83.29166666666667,4.3625,29.425,70.66666666666667,6.775,27.10694444444444,84.56944444444444,5.126388888888889,28.060714285714287,79.02976190476191,5.955357142857143,986.2,0.3583333333332348,0,-0.7121508124145425,-0.7020265097397015,0.5147875493043279,1.0,150,5,0.4999999999999999,-0.8660254037844387,Good,Good,Good
2023-05-31,20.7,28.20833333333333,78.20833333333333,985.0583333333334,8.204166666666667,212.2858798211903,Good,20.0,22.7,23.3,21.133333333333333,25.61428571428572,-2.6000000000000014,27.3125,84.45833333333333,4.666666666666667,26.745833333333334,85.95833333333333,6.3500000000000005,27.2625,83.29166666666667,4.3625,27.422222222222217,82.875,6.406944444444446,28.14702380952381,78.53571428571429,6.297619047619047,986.0416666666666,-0.3458333333334167,0,-0.5341440237865477,-0.8453934952749022,-0.2494855240979193,1.0,151,5,0.4999999999999999,-0.8660254037844387,Good,Good,Moderate
2023-06-01,23.2,29.5625,68.54166666666667,984.1083333333332,11.320833333333333,240.46337435824373,Good,20.7,20.0,22.7,21.3,25.085714285714285,0.5,28.20833333333333,78.20833333333333,8.204166666666667,27.3125,84.45833333333333,4.666666666666667,26.745833333333334,85.95833333333333,6.3500000000000005,28.361111111111104,77.06944444444446,8.06388888888889,28.28869047619048,77.43452380952381,6.848214285714286,985.0583333333334,-2.0916666666668107,0,-0.8700407422656103,-0.492979823925793,-0.8462304080980109,1.0,152,6,1.2246467991473532e-16,-1.0,Good,Moderate,Good
2023-06-02,25.0,30.366666666666664,62.04166666666666,984.9541666666668,12.320833333333333,238.98491175108305,Good,23.2,20.7,20.0,22.96666666666667,23.8,5.0,29.5625,68.54166666666667,11.320833333333333,28.20833333333333,78.20833333333333,8.204166666666667,27.3125,84.45833333333333,4.666666666666667,29.379166666666663,69.59722222222223,10.61527777777778,28.41190476190476,76.16666666666667,7.714285714285714,984.1083333333332,-1.0874999999998636,0,-0.857031641050423,-0.5152637831620024,-1.0801751409652998,1.0,153,6,1.2246467991473532e-16,-1.0,Moderate,Good,Good
2023-06-03,26.3,30.804166666666664,60.41666666666666,986.0041666666666,10.345833333333331,232.41632825871045,Moderate,25.0,23.2,20.7,24.83333333333333,23.02857142857143,5.600000000000001,30.366666666666664,62.04166666666666,12.320833333333333,29.5625,68.54166666666667,11.320833333333333,28.20833333333333,78.20833333333333,8.204166666666667,30.24444444444444,63.66666666666666,11.329166666666666,28.60892857142857,74.70238095238095,8.224404761904761,984.9541666666668,0.945833333333212,0,-0.7924634914932726,-0.6099193509393614,-0.9745095875756208,1.0,154,6,1.2246467991473532e-16,-1.0,Good,Good,Good
2023-06-04,22.8,30.3375,64.70833333333333,985.8416666666668,9.866666666666667,221.531635535862,Good,26.3,25.0,23.2,24.7,22.95714285714286,-0.3999999999999986,30.804166666666664,60.41666666666666,10.345833333333331,30.366666666666664,62.04166666666666,12.320833333333333,29.5625,68.54166666666667,11.320833333333333,30.50277777777777,62.388888888888886,10.844444444444443,29.048214285714288,72.04761904761905,9.010714285714284,986.0041666666666,1.733333333333576,0,-0.6630334787937606,-0.7485897447859167,-0.6236344827797545,2.0,155,6,1.2246467991473532e-16,-1.0,Good,Good,Good
2023-06-05,17.0,29.52083333333333,68.66666666666667,985.0916666666668,8.254166666666666,230.07377973264585,Good,22.8,26.3,25.0,22.03333333333333,22.142857142857142,-8.0,30.3375,64.70833333333333,9.866666666666667,30.804166666666664,60.41666666666666,10.345833333333331,30.366666666666664,62.04166666666666,12.320833333333333,30.220833333333328,64.59722222222223,9.488888888888887,29.444642857142856,69.57738095238095,9.282738095238091,985.8416666666668,0.1375000000000454,0,-0.7668715249013017,-0.6418006421744623,-0.2710184398918773,1.0,156,6,1.2246467991473532e-16,-1.0,Good,Good,Good
2023-06-06,17.7,28.508333333333336,76.5,984.6083333333332,6.783333333333334,201.91372923617968,Good,17.0,22.8,26.3,19.166666666666668,21.814285714285717,-8.600000000000001,29.52083333333333,68.66666666666667,8.254166666666666,30.3375,64.70833333333333,9.866666666666667,30.804166666666664,60.41666666666666,10.345833333333331,29.455555555555552,69.95833333333333,8.301388888888889,29.61547619047619,68.44047619047618,9.585119047619049,985.0916666666668,-1.3958333333333712,0,-0.3732101003367979,-0.9277468517901838,0.0602737507411026,1.0,157,6,1.2246467991473532e-16,-1.0,Good,Good,Good
2023-06-07,19.4,28.73333333333333,73.29166666666667,985.5166666666668,10.575,201.81014703342728,Good,17.7,17.0,22.8,18.03333333333333,21.62857142857143,-3.400000000000002,28.508333333333336,76.5,6.783333333333334,29.52083333333333,68.66666666666667,8.254166666666666,30.3375,64.70833333333333,9.866666666666667,28.92083333333333,72.81944444444446,8.5375,29.690476190476183,67.73809523809523,9.923809523809524,984.6083333333332,-0.3250000000000455,0,-0.3715322637694368,-0.9284200433954222,0.0051566703651642,1.0,158,6,1.2246467991473532e-16,-1.0,Good,Good,Good
2023-06-08,20.4,26.8125,84.5,986.0916666666668,8.6875,201.77514593746,Good,19.4,17.7,17.0,19.166666666666664,21.22857142857143,3.3999999999999986,28.73333333333333,73.29166666666667,10.575,28.508333333333336,76.5,6.783333333333334,29.52083333333333,68.66666666666667,8.254166666666666,28.018055555555552,78.09722222222223,8.681944444444445,29.297619047619044,70.01785714285714,9.547619047619047,985.5166666666668,1.0,0,-0.3709650371905674,-0.9286468333991136,0.237065880308342,1.0,159,6,1.2246467991473532e-16,-1.0,Good,Good,Good
2023-06-09,18.0,27.3125,80.83333333333333,985.2,8.416666666666666,219.3472660873861,Good,20.4,19.4,17.7,19.266666666666666,20.228571428571428,0.3000000000000007,26.8125,84.5,8.6875,28.73333333333333,73.29166666666667,10.575,28.508333333333336,76.5,6.783333333333334,27.61944444444444,79.54166666666667,9.22638888888889,28.861309523809524,72.70238095238095,8.989880952380952,986.0916666666668,0.5916666666668107,0,-0.6340190356251052,-0.7733174396488234,-0.1713963964039007,1.0,160,6,1.2246467991473532e-16,-1.0,Good,Good,Good
2023-06-10,17.6,28.25,76.29166666666667,984.1833333333334,10.545833333333333,224.10325414861325,Good,18.0,20.4,19.4,18.666666666666668,18.985714285714288,-1.7999999999999972,27.3125,80.83333333333333,8.416666666666666,26.8125,84.5,8.6875,28.73333333333333,73.29166666666667,10.575,27.45833333333333,80.54166666666667,9.216666666666669,28.49642857142857,74.9702380952381,9.01845238095238,985.2,-1.3333333333333712,0,-0.6959535818893262,-0.7180867718148113,-0.3940061306030457,1.0,161,6,1.2246467991473532e-16,-1.0,Good,Good,Good
2023-06-11,17.4,27.633333333333336,78.75,983.7291666666666,10.004166666666666,214.04868799570465,Good,17.6,18.0,20.4,17.666666666666668,18.214285714285715,-3.0,28.25,76.29166666666667,10.545833333333333,27.3125,80.83333333333333,8.416666666666666,26.8125,84.5,8.6875,27.73194444444444,78.625,9.655555555555557,28.110119047619044,76.97619047619048,9.038095238095238,984.1833333333334,-2.362500000000182,0,-0.5598971892907997,-0.8285620902649737,-0.7117424468462025,1.0,162,6,1.2246467991473532e-16,-1.0,Good,Good,Very Good
2023-06-12,16.8,28.78333333333333,70.875,984.3916666666668,12.420833333333334,225.28219393243813,Good,17.4,17.6,18.0,17.266666666666666,18.185714285714287,-1.1999999999999993,27.633333333333336,78.75,10.004166666666666,28.25,76.29166666666667,10.545833333333333,27.3125,80.83333333333333,8.416666666666666,28.222222222222214,75.30555555555556,10.990277777777775,28.004761904761903,77.29166666666667,9.633333333333336,983.7291666666666,-0.8083333333332803,0,-0.7105808424105835,-0.703615567194946,-0.9031293213088936,1.0,163,6,1.2246467991473532e-16,-1.0,Good,Very Good,Very Good
2023-06-13,19.8,28.9375,70.54166666666667,985.1208333333334,13.225,217.7414599192564,Good,16.8,17.4,17.6,18.0,18.485714285714288,2.1999999999999997,28.78333333333333,70.875,12.420833333333334,27.633333333333336,78.75,10.004166666666666,28.25,76.29166666666667,10.545833333333333,28.45138888888889,73.3888888888889,11.883333333333333,28.066071428571423,76.44047619047619,10.553571428571429,984.3916666666668,0.9375,0,-0.6120994189548502,-0.7907808174931501,-0.7925337732449234,1.0,164,6,1.2246467991473532e-16,-1.0,Very Good,Very Good,Very Good
2023-06-14,14.5,27.5875,78.66666666666667,986.8875,9.3625,223.9976031981018,Very Good,19.8,16.8,17.4,17.033333333333335,17.785714285714285,-2.8999999999999986,28.9375,70.54166666666667,13.225,28.78333333333333,70.875,12.420833333333334,27.633333333333336,78.75,10.004166666666666,28.436111111111103,73.36111111111111,11.669444444444444,27.902380952380952,77.20833333333334,10.38035714285714,985.1208333333334,3.1583333333334167,0,-0.6946282783677928,-0.719368858716998,-0.4678378473119975,1.0,165,6,1.2246467991473532e-16,-1.0,Very Good,Very Good,Good
2023-06-15,11.9,28.77916666666667,71.58333333333333,986.4666666666668,10.391666666666667,229.84375086511,Very Good,14.5,19.8,16.8,15.4,16.571428571428573,-4.9,27.5875,78.66666666666667,9.3625,28.9375,70.54166666666667,13.225,28.78333333333333,70.875,12.420833333333334,28.43472222222222,73.59722222222223,10.993055555555555,28.183333333333334,75.36309523809526,10.623809523809523,986.8875,2.075000000000045,0,-0.7642886752356979,-0.6448742675176781,-0.4433446734946993,0.0,166,6,1.2246467991473532e-16,-1.0,Very Good,Good,Very Good
2023-06-16,13.9,28.979166666666668,73.04166666666667,985.8083333333334,10.045833333333333,213.56420909657945,Very Good,11.9,14.5,19.8,13.433333333333332,15.985714285714286,-5.9,28.77916666666667,71.58333333333333,10.391666666666667,27.5875,78.66666666666667,9.3625,28.9375,70.54166666666667,13.225,28.44861111111111,74.43055555555556,9.933333333333332,28.42142857142857,74.25,10.85654761904762,986.4666666666668,0.6875,0,-0.5528711411397184,-0.833266764784763,-0.4015133480014061,0.0,167,6,1.2246467991473532e-16,-1.0,Good,Very Good,Very Good
2023-06-17,15.9,28.525,75.75,986.4541666666668,9.016666666666667,214.8191796268933,Good,13.9,11.9,14.5,13.9,15.742857142857144,1.4000000000000004,28.979166666666668,73.04166666666667,10.045833333333333,28.77916666666667,71.58333333333333,10.391666666666667,27.5875,78.66666666666667,9.3625,28.76111111111111,73.45833333333333,9.818055555555556,28.460714285714285,74.17261904761905,10.638095238095238,985.8083333333334,-0.4333333333332803,0,-0.5709884134620533,-0.8209581181108372,-0.4797644741312399,0.0,168,6,1.2246467991473532e-16,-1.0,Very Good,Very Good,Good
2023-06-18,14.0,28.008333333333336,75.70833333333333,986.8916666666668,10.733333333333334,210.19629256754504,Very Good,15.9,13.9,11.9,14.6,15.257142857142856,2.1,28.525,75.75,9.016666666666667,28.979166666666668,73.04166666666667,10.045833333333333,28.77916666666667,71.58333333333333,10.391666666666667,28.504166666666663,74.83333333333333,9.931944444444444,28.51428571428572,73.73809523809526,10.742261904761904,986.4541666666668,0.4249999999999545,0,-0.5029640210313145,-0.8643073490072911,-0.1538327638412795,1.0,169,6,1.2246467991473532e-16,-1.0,Very Good,Good,Good
2023-06-19,13.3,28.491666666666664,70.20833333333333,986.5333333333332,9.995833333333334,231.6044220929712,Very Good,14.0,15.9,13.9,14.4,14.757142857142858,-0.5999999999999996,28.008333333333336,75.70833333333333,10.733333333333334,28.525,75.75,9.016666666666667,28.979166666666668,73.04166666666667,10.045833333333333,28.341666666666665,73.88888888888889,9.915277777777778,28.472619047619048,73.64285714285714,10.395833333333334,986.8916666666668,0.7249999999997954,0,-0.7837413952283784,-0.6210872929029178,-0.2364188586182712,0.0,170,6,1.2246467991473532e-16,-1.0,Good,Good,Good
2023-06-20,17.0,29.39583333333333,68.20833333333333,986.5666666666666,9.925,239.6239321659988,Good,13.3,14.0,15.9,14.766666666666667,14.357142857142858,1.0999999999999996,28.491666666666664,70.20833333333333,9.995833333333334,28.008333333333336,75.70833333333333,10.733333333333334,28.525,75.75,9.016666666666667,28.631944444444443,71.375,10.218055555555557,28.53809523809524,73.30952380952381,9.924404761904762,986.5333333333332,0.1124999999998408,0,-0.8627249617806584,-0.5056734522600148,-0.5004917248298434,0.0,171,6,1.2246467991473532e-16,-1.0,Good,Good,Good
2023-06-21,17.6,30.141666666666666,63.208333333333336,987.35,10.429166666666667,247.6235888297348,Good,17.0,13.3,14.0,15.966666666666669,14.8,3.6000000000000014,29.39583333333333,68.20833333333333,9.925,28.491666666666664,70.20833333333333,9.995833333333334,28.008333333333336,75.70833333333333,10.733333333333334,29.34305555555555,67.20833333333333,10.116666666666667,28.90297619047619,71.10119047619047,10.076785714285716,986.5666666666666,0.4583333333332575,0,-0.9247028429731952,-0.3806897059250357,-0.6299494957561796,1.0,172,6,1.2246467991473532e-16,-1.0,Good,Good,Good
2023-06-22,18.8,30.73333333333333,59.125,987.2208333333332,10.583333333333334,251.8285280427994,Good,17.6,17.0,13.3,17.8,15.785714285714286,5.5,30.141666666666666,63.208333333333336,10.429166666666667,29.39583333333333,68.20833333333333,9.925,28.491666666666664,70.20833333333333,9.995833333333334,30.09027777777777,63.51388888888889,10.3125,29.182142857142853,69.32142857142857,10.104166666666668,987.35,0.6875,0,-0.9501274479039952,-0.3118618808694658,-0.6826766652619316,1.0,173,6,1.2246467991473532e-16,-1.0,Good,Good,Good
2023-06-23,19.6,31.429166666666664,57.25,985.7541666666666,9.970833333333331,274.54222107997066,Good,18.8,17.6,17.0,18.666666666666668,16.6,2.6000000000000014,30.73333333333333,59.125,10.583333333333334,30.141666666666666,63.208333333333336,10.429166666666667,29.39583333333333,68.20833333333333,9.925,30.768055555555552,59.86111111111112,10.327777777777778,29.53214285714285,67.06547619047619,10.093452380952382,987.2208333333332,-0.8125,0,-0.996859246805632,0.0791936996111953,-0.7935439329421907,1.0,174,6,1.2246467991473532e-16,-1.0,Good,Good,Good
2023-06-24,17.6,29.641666666666666,66.41666666666667,985.3583333333332,9.429166666666667,252.3000820383249,Good,19.6,18.8,17.6,18.666666666666668,16.842857142857145,0.0,31.429166666666664,57.25,9.970833333333331,30.73333333333333,59.125,10.583333333333334,30.141666666666666,63.208333333333336,10.429166666666667,30.601388888888888,60.93055555555557,9.994444444444444,29.691666666666663,65.73214285714286,10.152380952380954,985.7541666666666,-1.991666666666788,0,-0.9526619165789676,-0.3040316968674287,-0.3591564838105025,1.0,175,6,1.2246467991473532e-16,-1.0,Good,Good,Very Good
2023-06-25,15.2,30.554166666666664,59.208333333333336,985.4708333333332,8.533333333333333,279.22430309457985,Good,17.6,19.6,18.8,17.46666666666667,17.014285714285716,-3.6000000000000014,29.641666666666666,66.41666666666667,9.429166666666667,31.429166666666664,57.25,9.970833333333331,30.73333333333333,59.125,10.583333333333334,30.54166666666666,60.95833333333334,9.31111111111111,30.055357142857137,63.375,9.83809523809524,985.3583333333332,-1.75,0,-0.9870683596260476,0.1602998859174383,-0.3293195139458061,1.0,176,6,1.2246467991473532e-16,-1.0,Good,Very Good,Very Good
2023-06-26,16.5,29.104166666666668,67.875,985.9541666666668,10.7,263.64115219006305,Good,15.2,17.6,19.6,16.433333333333334,17.47142857142857,-3.1000000000000014,30.554166666666664,59.208333333333336,8.533333333333333,29.641666666666666,66.41666666666667,9.429166666666667,31.429166666666664,57.25,9.970833333333331,29.766666666666666,64.50000000000001,9.554166666666664,30.142857142857142,63.04166666666667,9.938690476190477,985.4708333333332,0.2000000000001591,0,-0.9938477244068358,-0.1107551384422144,0.0626848951885018,1.0,177,6,1.2246467991473532e-16,-1.0,Very Good,Very Good,Good
2023-06-27,14.1,29.195833333333336,68.0,986.425,7.183333333333334,280.5254863020362,Very Good,16.5,15.2,17.6,15.266666666666666,17.057142857142857,-3.5000000000000018,29.104166666666668,67.875,10.7,30.554166666666664,59.208333333333336,8.533333333333333,29.641666666666666,66.41666666666667,9.429166666666667,29.618055555555557,65.02777777777779,8.805555555555555,30.11428571428571,63.011904761904766,9.54702380952381,985.9541666666668,1.0666666666667195,0,-0.9831737483054604,0.1826728787833361,-0.1340026172386454,1.0,178,6,1.2246467991473532e-16,-1.0,Very Good,Good,Good
2023-06-28,14.5,29.09166666666667,70.79166666666667,987.2416666666668,5.4750000000000005,222.6993273713217,Very Good,14.1,16.5,15.2,15.033333333333331,16.614285714285714,-0.6999999999999993,29.195833333333336,68.0,7.183333333333334,29.104166666666668,67.875,10.7,30.554166666666664,59.208333333333336,8.533333333333333,29.13055555555556,68.8888888888889,7.786111111111111,29.964285714285715,64.0952380952381,8.839285714285714,986.425,1.7708333333335986,0,-0.6781510422289233,-0.7349225564124597,0.2329284972106187,0.0,179,6,1.2246467991473532e-16,-1.0,Good,Good,Good
2023-06-29,18.5,28.95,75.66666666666667,986.2,5.366666666666667,243.67850485048612,Good,14.5,14.1,16.5,15.7,16.571428571428573,2.0,29.09166666666667,70.79166666666667,5.4750000000000005,29.195833333333336,68.0,7.183333333333334,29.104166666666668,67.875,10.7,29.079166666666666,71.48611111111113,6.008333333333334,29.709523809523805,66.45833333333334,8.094047619047618,987.2416666666668,0.2458333333332802,0,-0.896320144209351,-0.4434074865003163,0.0966847667045768,0.0,180,6,1.2246467991473532e-16,-1.0,Good,Good,Very Good
2023-06-30,18.0,28.9875,75.75,985.3625,6.9750000000000005,208.7357942106271,Good,18.5,14.5,14.1,17.0,16.342857142857145,3.9,28.95,75.66666666666667,5.366666666666667,29.09166666666667,70.79166666666667,5.4750000000000005,29.195833333333336,68.0,7.183333333333334,29.009722222222223,74.06944444444446,5.93888888888889,29.360714285714288,69.10119047619048,7.666071428571429,986.2,-1.0625,0,-0.4807713804369335,-0.8768459840546488,0.0306651051735406,1.0,181,6,1.2246467991473532e-16,-1.0,Good,Very Good,Very Good
2023-07-01,15.7,28.541666666666668,78.08333333333333,985.7,9.316666666666666,202.96301311067063,Good,18.0,18.5,14.5,17.400000000000002,16.071428571428573,1.1999999999999993,28.9875,75.75,6.9750000000000005,28.95,75.66666666666667,5.366666666666667,29.09166666666667,70.79166666666667,5.4750000000000005,28.82638888888889,76.5,7.219444444444444,29.203571428571426,70.76785714285715,7.65,985.3625,-1.5416666666667425,0,-0.3901368216531136,-0.9207568953803206,-0.0157905575509862,1.0,182,7,-0.4999999999999997,-0.8660254037844388,Very Good,Very Good,Good
2023-07-02,14.3,28.2375,77.625,986.6958333333332,9.025,200.39378835198187,Very Good,15.7,18.0,18.5,16.0,15.94285714285714,-4.199999999999999,28.541666666666668,78.08333333333333,9.316666666666666,28.9875,75.75,6.9750000000000005,28.95,75.66666666666667,5.366666666666667,28.588888888888885,77.15277777777779,8.438888888888888,28.87261904761905,73.39880952380952,7.720238095238095,985.7,0.4958333333331666,0,-0.3484704310558427,-0.9373197739724448,-0.0213884520409568,1.0,183,7,-0.4999999999999997,-0.8660254037844388,Very Good,Good,Good
2023-07-03,12.9,28.09583333333333,74.625,987.5958333333332,10.758333333333333,220.6925292081352,Very Good,14.3,15.7,18.0,14.3,15.428571428571429,-5.1,28.2375,77.625,9.025,28.541666666666668,78.08333333333333,9.316666666666666,28.9875,75.75,6.9750000000000005,28.291666666666668,76.77777777777779,9.7,28.728571428571428,74.36309523809523,7.728571428571429,986.6958333333332,2.233333333333235,0,-0.6519995452150963,-0.7582193568086399,-0.0381131336206534,0.0,184,7,-0.4999999999999997,-0.8660254037844388,Good,Good,Good
2023-07-04,15.8,27.40416666666667,77.16666666666667,988.0833333333334,7.337499999999999,220.71914810341164,Good,12.9,14.3,15.7,14.333333333333334,15.671428571428573,0.1000000000000014,28.09583333333333,74.625,10.758333333333333,28.2375,77.625,9.025,28.541666666666668,78.08333333333333,9.316666666666666,27.912499999999994,76.47222222222224,9.040277777777776,28.472619047619048,75.67261904761905,7.750595238095238,987.5958333333332,2.3833333333333258,0,-0.652351733971863,-0.757916364240741,0.1241292221567145,0.0,185,7,-0.4999999999999997,-0.8660254037844388,Good,Good,Good
2023-07-05,17.3,26.479166666666668,79.375,987.8041666666668,8.008333333333333,214.77594485584427,Good,15.8,12.9,14.3,15.333333333333334,16.071428571428573,3.0,27.40416666666667,77.16666666666667,7.337499999999999,28.09583333333333,74.625,10.758333333333333,28.2375,77.625,9.025,27.32638888888889,77.05555555555556,8.701388888888888,28.09940476190476,76.89880952380952,8.1125,988.0833333333334,1.108333333333576,0,-0.570368764906569,-0.8213887459777831,0.2404407664677489,1.0,186,7,-0.4999999999999997,-0.8660254037844388,Good,Good,Good
2023-07-06,16.7,28.883333333333336,67.70833333333333,987.7625,7.033333333333334,258.6350834100165,Good,17.3,15.8,12.9,16.6,15.814285714285717,3.799999999999999,26.479166666666668,79.375,8.008333333333333,27.40416666666667,77.16666666666667,7.337499999999999,28.09583333333333,74.625,10.758333333333333,27.58888888888889,74.75,7.459722222222222,28.089880952380955,75.76190476190477,8.350595238095238,987.8041666666668,0.1666666666668561,0,-0.9803920205879836,-0.1970570627189257,-0.068624864446922,1.0,187,7,-0.4999999999999997,-0.8660254037844388,Good,Good,Good
2023-07-07,18.7,29.35833333333333,68.33333333333333,987.5875,6.2125,237.19500396353965,Good,16.7,17.3,15.8,17.566666666666666,15.914285714285713,2.8999999999999986,28.883333333333336,67.70833333333333,7.033333333333334,26.479166666666668,79.375,8.008333333333333,27.40416666666667,77.16666666666667,7.337499999999999,28.240277777777777,71.80555555555556,7.084722222222222,28.142857142857142,74.70238095238096,8.241666666666667,987.7625,-0.4958333333333939,0,-0.840519364814553,-0.5417815033495886,-0.2467297778143663,1.0,188,7,-0.4999999999999997,-0.8660254037844388,Good,Good,Very Good
2023-07-08,23.8,29.7,69.79166666666667,987.4833333333332,6.570833333333334,165.6224951864342,Good,18.7,16.7,17.3,19.73333333333333,17.071428571428573,6.5,29.35833333333333,68.33333333333333,6.2125,28.883333333333336,67.70833333333333,7.033333333333334,26.479166666666668,79.375,8.008333333333333,29.313888888888886,68.61111111111113,6.605555555555557,28.308333333333337,73.51785714285714,7.849404761904762,987.5875,-0.3208333333335531,0,0.2483095876625138,-0.968680725871467,-0.4237943042490081,1.0,189,7,-0.4999999999999997,-0.8660254037844388,Good,Very Good,Very Good
2023-07-09,21.1,28.454166666666666,74.375,987.4833333333332,6.158333333333334,150.51837315664534,Good,23.8,18.7,16.7,21.2,18.04285714285714,4.400000000000002,29.7,69.79166666666667,6.570833333333334,29.35833333333333,68.33333333333333,6.2125,28.883333333333336,67.70833333333333,7.033333333333334,29.17083333333333,70.83333333333336,6.313888888888889,28.339285714285715,73.05357142857143,7.439880952380952,987.4833333333332,-0.2791666666668106,0,0.4921444360210162,-0.8705135576736045,0.2380701435496749,1.0,190,7,-0.4999999999999997,-0.8660254037844388,Very Good,Very Good,Good
2023-07-10,15.0,28.34166666666667,74.625,987.6166666666668,8.208333333333334,188.87079429072105,Very Good,21.1,23.8,18.7,19.96666666666667,18.342857142857145,-3.6999999999999993,28.454166666666666,74.375,6.158333333333334,29.7,69.79166666666667,6.570833333333334,29.35833333333333,68.33333333333333,6.2125,28.83194444444444,72.93055555555556,6.979166666666668,28.374404761904763,73.05357142857143,7.075595238095239,987.4833333333332,0.0291666666668106,0,-0.1542067677220361,-0.9880385988354514,0.2805704334755628,1.0,191,7,-0.4999999999999997,-0.8660254037844388,Very Good,Good,Good
2023-07-11,14.7,28.375,77.41666666666667,987.7208333333332,5.466666666666666,219.15874964016805,Very Good,15.0,21.1,23.8,16.933333333333337,18.185714285714287,-9.1,28.34166666666667,74.625,8.208333333333334,28.454166666666666,74.375,6.158333333333334,29.7,69.79166666666667,6.570833333333334,28.39027777777777,75.47222222222223,6.611111111111112,28.51309523809524,73.08928571428571,6.808333333333335,987.6166666666668,0.2374999999999545,0,-0.6314712140648919,-0.7753993202263021,0.3840316203759322,0.0,192,7,-0.4999999999999997,-0.8660254037844388,Good,Good,Good
2023-07-12,17.1,28.95,72.66666666666667,987.8541666666666,7.158333333333334,239.78822469202493,Good,14.7,15.0,21.1,15.6,18.15714285714285,-4.0,28.375,77.41666666666667,5.466666666666666,28.34166666666667,74.625,8.208333333333334,28.454166666666666,74.375,6.158333333333334,28.555555555555557,74.90277777777779,6.9444444444444455,28.866071428571427,72.13095238095238,6.686904761904763,987.7208333333332,0.3708333333333939,0,-0.8641714041016096,-0.5031975599434604,0.0466854453989884,0.0,193,7,-0.4999999999999997,-0.8660254037844388,Good,Good,Good
2023-07-13,16.8,30.516666666666666,62.41666666666666,986.9583333333334,10.875,253.1417798404765,Good,17.1,14.7,15.0,16.200000000000003,18.17142857142857,1.8000000000000007,28.95,72.66666666666667,7.158333333333334,28.375,77.41666666666667,5.466666666666666,28.34166666666667,74.625,8.208333333333334,29.28055555555555,70.83333333333333,7.833333333333333,29.09940476190476,71.375,7.235714285714287,987.8541666666666,-0.6583333333334167,0,-0.9570253084692883,-0.2900044119479278,-0.4283176090276845,1.0,194,7,-0.4999999999999997,-0.8660254037844388,Good,Good,Good
2023-07-14,18.2,29.77083333333333,64.70833333333333,986.4875,14.183333333333332,262.3559549785555,Good,16.8,17.1,14.7,17.366666666666667,18.1,3.5,30.516666666666666,62.41666666666666,10.875,28.95,72.66666666666667,7.158333333333334,28.375,77.41666666666667,5.466666666666666,29.745833333333326,66.59722222222223,10.738888888888887,29.15833333333333,70.85714285714286,8.374404761904762,986.9583333333334,-1.2333333333332348,0,-0.9911135778437776,-0.1330183288637562,-0.6554562352244636,1.0,195,7,-0.4999999999999997,-0.8660254037844388,Good,Good,Good
2023-07-15,17.433333333333334,29.65555555555555,64.75,984.9944444444444,15.463888888888889,260.69745842006057,Good,18.2,16.8,17.1,17.477777777777778,17.190476190476193,0.3333333333333321,29.77083333333333,64.70833333333333,14.183333333333332,30.516666666666666,62.41666666666666,10.875,28.95,72.66666666666667,7.158333333333334,29.98101851851851,63.958333333333336,13.507407407407408,29.151984126984125,70.13690476190476,9.644841269841269,986.4875,-2.859722222222217,0,-0.9868485468619796,-0.1616475968160344,-0.984271451280028,1.0,196,7,-0.4999999999999997,-0.8660254037844388,Good,Good,Very Good
2023-07-16,16.666666666666668,29.54027777777777,64.79166666666666,983.5013888888888,16.744444444444444,259.0375701924974,Good,17.433333333333334,18.2,16.8,17.433333333333334,16.557142857142857,-0.1333333333333328,29.65555555555555,64.75,15.463888888888889,29.77083333333333,64.70833333333333,14.183333333333332,30.516666666666666,62.41666666666666,10.875,29.655555555555548,64.75,15.463888888888889,29.307142857142853,68.76785714285714,11.157142857142857,984.9944444444444,-3.456944444444616,0,-0.9817520903555916,-0.1901652783302617,-1.0538033481630558,1.0,197,7,-0.4999999999999997,-0.8660254037844388,Good,Very Good,Good
2023-07-17,15.9,29.425,64.83333333333333,982.0083333333332,18.025,257.37907363400257,Good,16.666666666666668,17.433333333333334,18.2,16.666666666666668,16.685714285714287,-2.299999999999999,29.54027777777777,64.79166666666666,16.744444444444444,29.65555555555555,64.75,15.463888888888889,29.77083333333333,64.70833333333333,14.183333333333332,29.54027777777777,64.79166666666667,16.744444444444444,29.46190476190476,67.36904761904762,12.559523809523808,983.5013888888888,-4.479166666666743,0,-0.9758370235230676,-0.2184996648089877,-1.4493342150770756,1.0,198,7,-0.4999999999999997,-0.8660254037844388,Very Good,Good,Good
2023-07-18,14.5,29.59583333333333,64.33333333333333,982.1166666666668,17.595833333333335,254.16838662290576,Very Good,15.9,16.666666666666668,17.433333333333334,15.68888888888889,16.657142857142855,-2.9333333333333336,29.425,64.83333333333333,18.025,29.54027777777777,64.79166666666666,16.744444444444444,29.65555555555555,64.75,15.463888888888889,29.52037037037037,64.65277777777777,17.455092592592592,29.636309523809523,65.49999999999999,14.292261904761904,982.0083333333332,-2.877777777777624,0,-0.9620676143965416,-0.2728111165794885,-1.5650728668470772,1.0,199,7,-0.4999999999999997,-0.8660254037844388,Good,Good,Good
2023-07-19,17.6,29.67083333333333,62.79166666666666,982.7833333333332,14.833333333333334,259.59923548151704,Good,14.5,15.9,16.666666666666668,16.0,16.728571428571428,0.9333333333333336,29.59583333333333,64.33333333333333,17.595833333333335,29.425,64.83333333333333,18.025,29.54027777777777,64.79166666666666,16.744444444444444,29.563888888888883,63.98611111111112,16.818055555555556,29.73928571428571,64.08928571428571,15.388690476190476,982.1166666666668,-0.7180555555555657,0,-0.9835690619930316,-0.1805322693873527,-1.4628572907041848,0.0,200,7,-0.4999999999999997,-0.8660254037844388,Good,Good,Good
2023-07-20,18.0,29.8125,61.208333333333336,984.0,11.745833333333332,267.1837261360549,Good,17.6,14.5,15.9,16.700000000000003,16.900000000000002,2.1,29.67083333333333,62.79166666666666,14.833333333333334,29.59583333333333,64.33333333333333,17.595833333333335,29.425,64.83333333333333,18.025,29.69305555555555,62.77777777777778,14.725,29.638690476190472,63.91666666666666,15.513095238095236,982.7833333333332,1.991666666666788,0,-0.9987922221299216,-0.0491334612333937,-1.1598235963742995,1.0,201,7,-0.4999999999999997,-0.8660254037844388,Good,Good,Very Good
2023-07-21,19.0,27.2,82.125,986.3208333333332,6.304166666666667,352.3337765525111,Good,18.0,17.6,14.5,18.200000000000003,17.014285714285712,4.5,29.8125,61.208333333333336,11.745833333333332,29.67083333333333,62.79166666666666,14.833333333333334,29.59583333333333,64.33333333333333,17.595833333333335,28.89444444444444,68.70833333333333,10.96111111111111,29.27142857142857,66.4047619047619,14.3875,984.0,4.204166666666424,0,-0.1334019656315327,0.9910620139858268,-0.0413529523986243,1.0,202,7,-0.4999999999999997,-0.8660254037844388,Good,Very Good,Very Good
2023-07-22,18.3,26.883333333333336,84.95833333333333,987.4916666666668,6.341666666666666,72.09759235503736,Good,19.0,18.0,17.6,18.433333333333334,17.13809523809524,0.6999999999999993,27.2,82.125,6.304166666666667,29.8125,61.208333333333336,11.745833333333332,29.67083333333333,62.79166666666666,14.833333333333334,27.96527777777777,76.09722222222223,8.130555555555555,28.875396825396823,69.29166666666666,13.084325396825395,986.3208333333332,4.708333333333599,1,0.9515814875048604,0.3073966047926319,0.4491099357306367,1.0,203,7,-0.4999999999999997,-0.8660254037844388,Very Good,Very Good,Good
2023-07-23,14.9,26.745833333333334,84.83333333333333,987.425,6.533333333333334,68.4373008637022,Very Good,18.3,19.0,18.0,17.400000000000002,16.885714285714286,-3.1,26.883333333333336,84.95833333333333,6.341666666666666,27.2,82.125,6.304166666666667,29.8125,61.208333333333336,11.745833333333332,26.94305555555555,83.97222222222223,6.393055555555556,28.47619047619048,72.15476190476191,11.625595238095238,987.4916666666668,3.4249999999999545,1,0.9300159463458652,0.3675191689455189,0.6791223211830735,1.0,204,7,-0.4999999999999997,-0.8660254037844388,Very Good,Good,Good
2023-07-24,14.8,26.625,83.125,986.1458333333334,6.55,241.42444941507105,Very Good,14.9,18.3,19.0,16.000000000000004,16.72857142857143,-4.199999999999999,26.745833333333334,84.83333333333333,6.533333333333334,26.883333333333336,84.95833333333333,6.341666666666666,27.2,82.125,6.304166666666667,26.751388888888886,84.30555555555556,6.4750000000000005,28.07619047619048,74.76785714285714,9.986309523809524,987.425,-0.1749999999998408,0,-0.8781871642114855,-0.4783171590212811,0.1133834834127517,0.0,205,7,-0.4999999999999997,-0.8660254037844388,Good,Good,Good
2023-07-25,16.8,27.054166666666664,82.0,986.2291666666666,8.424999999999999,252.9256327182388,Good,14.8,14.9,18.3,15.5,17.057142857142857,-1.5,26.625,83.125,6.55,26.745833333333334,84.83333333333333,6.533333333333334,26.883333333333336,84.95833333333333,6.341666666666666,26.808333333333326,83.31944444444446,7.169444444444444,27.71309523809524,77.29166666666666,8.676190476190476,986.1458333333334,-1.2625000000001592,0,-0.9559244655328852,-0.2936126976063321,-0.0824519849232509,0.0,206,7,-0.4999999999999997,-0.8660254037844388,Good,Good,Good
2023-07-26,17.5,28.675,72.25,986.1375,11.8125,265.3499096796198,Good,16.8,14.8,14.9,16.36666666666667,17.042857142857144,2.6,27.054166666666664,82.0,8.424999999999999,26.625,83.125,6.55,26.745833333333334,84.83333333333333,6.533333333333334,27.45138888888889,79.125,8.929166666666665,27.570833333333333,78.64285714285714,8.244642857142857,986.2291666666666,-1.287499999999909,0,-0.9967083843585468,-0.0810703185473921,-0.585951550432826,1.0,207,7,-0.4999999999999997,-0.8660254037844388,Good,Good,Good
2023-07-27,17.5,29.58333333333333,64.79166666666667,984.6833333333334,16.662499999999998,263.850865180563,Good,17.5,16.8,14.8,17.266666666666666,16.97142857142857,2.6999999999999997,28.675,72.25,11.8125,27.054166666666664,82.0,8.424999999999999,26.625,83.125,6.55,28.4375,73.0138888888889,12.299999999999995,27.53809523809524,79.15476190476191,8.94702380952381,986.1375,-1.4624999999999773,0,-0.9942464502359668,-0.1071167409566746,-1.273122692920439,1.0,208,7,-0.4999999999999997,-0.8660254037844388,Good,Good,Very Good
2023-07-28,16.6,29.1625,66.16666666666667,982.5875,18.1125,259.127388747946,Good,17.5,17.5,16.8,17.200000000000003,16.62857142857143,-0.1999999999999993,29.58333333333333,64.79166666666667,16.662499999999998,28.675,72.25,11.8125,27.054166666666664,82.0,8.424999999999999,29.14027777777777,67.73611111111113,15.529166666666669,27.81845238095238,76.875,10.633928571428571,984.6833333333334,-3.641666666666652,0,-0.9820489926287193,-0.1886260217385658,-1.6839781748486249,1.0,209,7,-0.4999999999999997,-0.8660254037844388,Good,Very Good,Very Good
2023-07-29,15.1,28.9875,67.54166666666667,982.8,18.23333333333333,249.6833131695749,Good,16.6,17.5,17.5,16.400000000000002,16.17142857142857,-2.4000000000000004,29.1625,66.16666666666667,18.1125,29.58333333333333,64.79166666666667,16.662499999999998,28.675,72.25,11.8125,29.24444444444444,66.16666666666667,17.66944444444444,28.11904761904762,74.38690476190477,12.332738095238094,982.5875,-3.337500000000091,0,-0.9377878532518928,-0.3472087877534302,-1.584945106970433,1.0,210,7,-0.4999999999999997,-0.8660254037844388,Very Good,Very Good,Good
2023-07-30,14.4,28.8125,67.125,983.9541666666668,16.05,237.25637450807548,Very Good,15.1,16.6,17.5,15.366666666666667,16.1,-3.1,28.9875,67.54166666666667,18.23333333333333,29.1625,66.16666666666667,18.1125,29.58333333333333,64.79166666666667,16.662499999999998,28.9875,66.94444444444446,17.46527777777778,28.414285714285715,71.85714285714286,13.692261904761905,982.8,-0.7291666666666288,0,-0.841099194498264,-0.5408808972540735,-1.2615001451903562,1.0,211,7,-0.4999999999999997,-0.8660254037844388,Very Good,Good,Good
2023-07-31,12.9,27.604166666666668,78.875,985.6333333333332,11.879166666666668,208.464253815326,Very Good,14.4,15.1,16.6,14.133333333333336,15.828571428571427,-3.700000000000001,28.8125,67.125,16.05,28.9875,67.54166666666667,18.23333333333333,29.1625,66.16666666666667,18.1125,28.468055555555555,71.18055555555556,15.3875,28.554166666666667,71.25,14.453571428571427,983.9541666666668,3.045833333333235,0,-0.4766103834377257,-0.8791146355278953,-0.7339991477613355,0.0,212,7,-0.4999999999999997,-0.8660254037844388,Good,Good,Good
2023-08-01,19.3,28.6125,72.83333333333333,985.8708333333334,11.3375,219.50456313194684,Good,12.9,14.4,15.1,15.533333333333331,16.185714285714287,4.200000000000001,27.604166666666668,78.875,11.879166666666668,28.8125,67.125,16.05,28.9875,67.54166666666667,18.23333333333333,28.343055555555555,72.94444444444444,13.088888888888889,28.776785714285715,69.94047619047619,14.86964285714286,985.6333333333332,3.0708333333334394,0,-0.6361396717360265,-0.771573922604685,-0.6655593286297817,0.0,213,8,-0.8660254037844384,-0.5000000000000004,Good,Good,Good
2023-08-02,22.0,27.95833333333333,74.33333333333333,986.1583333333332,9.95,221.6095345900546,Good,19.3,12.9,14.4,18.066666666666663,16.82857142857143,7.6,28.6125,72.83333333333333,11.3375,27.604166666666668,78.875,11.879166666666668,28.8125,67.125,16.05,28.058333333333334,75.34722222222221,11.055555555555555,28.67440476190476,70.23809523809524,14.603571428571428,985.8708333333334,2.204166666666424,0,-0.6640506445310745,-0.7476875961909923,-0.3338758460100084,1.0,214,8,-0.8660254037844384,-0.5000000000000004,Good,Good,Good
2023-08-03,19.6,28.45833333333333,71.95833333333333,985.7958333333332,16.433333333333334,235.38970438460595,Good,22.0,19.3,12.9,20.3,17.12857142857143,6.700000000000001,27.95833333333333,74.33333333333333,9.95,28.6125,72.83333333333333,11.3375,27.604166666666668,78.875,11.879166666666668,28.34305555555555,73.04166666666667,12.573611111111113,28.51369047619048,71.26190476190477,14.570833333333336,986.1583333333332,0.1625000000000227,0,-0.8230343180476463,-0.5679916472236592,-0.8293458884068782,1.0,215,8,-0.8660254037844384,-0.5000000000000004,Good,Good,Good
2023-08-04,17.6,27.84166666666667,73.95833333333333,988.1333333333332,15.225,229.93196636560788,Good,19.6,22.0,19.3,19.73333333333333,17.271428571428572,-1.6999999999999993,28.45833333333333,71.95833333333333,16.433333333333334,27.95833333333333,74.33333333333333,9.95,28.6125,72.83333333333333,11.3375,28.08611111111111,73.41666666666667,13.869444444444444,28.325,72.375,14.158333333333331,985.7958333333332,2.262499999999818,0,-0.7652806502298257,-0.6436967658640325,-0.4578911359619499,1.0,216,8,-0.8660254037844384,-0.5000000000000004,Good,Good,Good
2023-08-05,17.9,28.77916666666667,66.25,988.7541666666666,14.645833333333334,239.99451895804663,Good,17.6,19.6,22.0,18.366666666666667,17.67142857142857,-4.100000000000001,27.84166666666667,73.95833333333333,15.225,28.45833333333333,71.95833333333333,16.433333333333334,27.95833333333333,74.33333333333333,9.95,28.35972222222222,70.72222222222223,15.434722222222222,28.29523809523809,72.19047619047619,13.645833333333334,988.1333333333332,2.5958333333334167,0,-0.8659775687076356,-0.5000828436321448,-0.8409986028066213,1.0,217,8,-0.8660254037844384,-0.5000000000000004,Good,Good,Good
2023-08-06,19.4,28.329166666666666,71.0,986.8583333333332,15.858333333333334,241.74266927664007,Good,17.9,17.6,19.6,18.3,18.38571428571429,-0.2000000000000028,28.77916666666667,66.25,14.645833333333334,27.84166666666667,73.95833333333333,15.225,28.45833333333333,71.95833333333333,16.433333333333334,28.316666666666663,70.40277777777779,15.243055555555555,28.226190476190474,72.74404761904762,13.61845238095238,988.7541666666666,1.0625,0,-0.8808301719879702,-0.473432369104229,-0.8438461806848666,1.0,218,8,-0.8660254037844384,-0.5000000000000004,Good,Good,Good
2023-08-07,18.4,28.4125,67.29166666666667,985.7083333333334,14.841666666666669,244.9771041267209,Good,19.4,17.9,17.6,18.566666666666663,19.17142857142857,0.7999999999999972,28.329166666666666,71.0,15.858333333333334,28.77916666666667,66.25,14.645833333333334,27.84166666666667,73.95833333333333,15.225,28.506944444444443,68.18055555555556,15.115277777777775,28.341666666666665,71.08928571428571,14.041666666666668,986.8583333333332,-2.424999999999841,0,-0.9061388328820976,-0.4229803961687469,-1.0646944864100432,1.0,219,8,-0.8660254037844384,-0.5000000000000004,Good,Good,Good
2023-08-08,18.4,28.23333333333333,72.75,986.55,11.8,233.1688774866204,Good,18.4,19.4,17.9,18.73333333333333,19.04285714285714,0.5,28.4125,67.29166666666667,14.841666666666669,28.329166666666666,71.0,15.858333333333334,28.77916666666667,66.25,14.645833333333334,28.325,70.34722222222223,14.166666666666666,28.2875,71.07738095238095,14.107738095238096,985.7083333333334,-2.2041666666666515,0,-0.8004058690084085,-0.5994584596591281,-0.685702814881361,1.0,220,8,-0.8660254037844384,-0.5000000000000004,Good,Good,Good
2023-08-09,16.4,28.77916666666667,70.75,988.0125,11.0625,239.92982877425337,Good,18.4,18.4,19.4,17.73333333333333,18.24285714285714,-3.0,28.23333333333333,72.75,11.8,28.4125,67.29166666666667,14.841666666666669,28.329166666666666,71.0,15.858333333333334,28.475,70.2638888888889,12.568055555555556,28.404761904761905,70.56547619047619,14.266666666666667,986.55,1.154166666666811,0,-0.8654123949813463,-0.5010602624561743,-0.5395325723648235,1.0,221,8,-0.8660254037844384,-0.5000000000000004,Good,Good,Good
2023-08-10,19.5,29.8125,64.0,987.3833333333332,11.491666666666667,245.10578000314229,Good,16.4,18.4,18.4,18.1,18.228571428571428,1.1000000000000014,28.77916666666667,70.75,11.0625,28.23333333333333,72.75,11.8,28.4125,67.29166666666667,14.841666666666669,28.941666666666663,69.16666666666667,11.451388888888893,28.598214285714285,69.42857142857143,13.560714285714289,988.0125,1.6749999999998408,0,-0.9070864838048908,-0.4209443085474366,-0.6447596046646026,1.0,222,8,-0.8660254037844384,-0.5000000000000004,Good,Good,Good
2023-08-11,20.0,30.59166666666667,59.25,986.1125,14.1125,254.9646388437096,Good,19.5,16.4,18.4,18.633333333333333,18.571428571428573,1.6000000000000014,29.8125,64.0,11.491666666666667,28.77916666666667,70.75,11.0625,28.23333333333333,72.75,11.8,29.727777777777774,64.66666666666667,12.222222222222223,28.991071428571427,67.32738095238095,13.401785714285715,987.3833333333332,-0.4375,0,-0.9657659073511434,-0.2594151348673063,-1.0196171461913324,1.0,223,8,-0.8660254037844384,-0.5000000000000004,Good,Good,Good
2023-08-12,21.6,30.3375,61.75,985.3666666666668,14.525,244.911069208901,Good,20.0,19.5,16.4,20.366666666666667,19.1,5.200000000000003,30.59166666666667,59.25,14.1125,29.8125,64.0,11.491666666666667,28.77916666666667,70.75,11.0625,30.24722222222222,61.66666666666666,13.37638888888889,29.213690476190475,66.68452380952381,13.38452380952381,986.1125,-2.645833333333257,0,-0.9056507349539692,-0.4240244642439106,-1.0804657368342718,1.0,224,8,-0.8660254037844384,-0.5000000000000004,Good,Good,Good
2023-08-13,19.7,30.141666666666666,65.0,985.1125,12.258333333333333,245.5980039290868,Good,21.6,20.0,19.5,20.433333333333334,19.142857142857142,0.1999999999999993,30.3375,61.75,14.525,30.59166666666667,59.25,14.1125,29.8125,64.0,11.491666666666667,30.35694444444444,62.0,13.631944444444445,29.472619047619048,65.82738095238095,12.870238095238095,985.3666666666668,-2.270833333333257,0,-0.9106692685174708,-0.4131361559799076,-0.9210994817636596,1.0,225,8,-0.8660254037844384,-0.5000000000000004,Good,Good,Good
2023-08-14,22.5,30.73333333333333,60.54166666666666,985.2333333333332,12.995833333333332,246.27425076161305,Good,19.7,21.6,20.0,21.266666666666666,19.728571428571428,2.5,30.141666666666666,65.0,12.258333333333333,30.3375,61.75,14.525,30.59166666666667,59.25,14.1125,30.404166666666665,62.43055555555557,13.259722222222225,29.804166666666667,64.86309523809524,12.60654761904762,985.1125,-0.8791666666667197,0,-0.9154818619339378,-0.4023592430527357,-0.8364006826176218,1.0,226,8,-0.8660254037844384,-0.5000000000000004,Good,Good,Good
2023-08-15,21.4,30.041666666666668,63.16666666666666,985.9416666666666,13.466666666666669,233.8453471388314,Good,22.5,19.7,21.6,21.2,20.15714285714285,-0.2000000000000028,30.73333333333333,60.54166666666666,12.995833333333332,30.141666666666666,65.0,12.258333333333333,30.3375,61.75,14.525,30.305555555555557,62.90277777777777,12.906944444444443,30.0625,63.494047619047606,12.844642857142857,985.2333333333332,0.5749999999998181,0,-0.8074274982718282,-0.5899668084176404,-0.6524877421367782,1.0,227,8,-0.8660254037844384,-0.5000000000000004,Good,Good,Good
2023-08-16,18.6,30.1625,62.125,986.5041666666666,8.979166666666666,230.0346528506192,Good,21.4,22.5,19.7,20.83333333333333,20.47142857142857,-1.099999999999998,30.041666666666668,63.16666666666666,13.466666666666669,30.73333333333333,60.54166666666666,12.995833333333332,30.141666666666666,65.0,12.258333333333333,30.3125,61.94444444444444,11.81388888888889,30.26011904761905,62.26190476190475,12.54702380952381,985.9416666666666,1.3916666666666515,0,-0.7664330650099642,-0.6423241836171452,-0.5329576543427773,1.0,228,8,-0.8660254037844384,-0.5000000000000004,Good,Good,Very Good
2023-08-17,17.4,29.79583333333333,65.20833333333333,986.5666666666666,8.454166666666667,234.27424432959413,Good,18.6,21.4,22.5,19.13333333333333,20.17142857142857,-5.100000000000001,30.1625,62.125,8.979166666666666,30.041666666666668,63.16666666666666,13.466666666666669,30.73333333333333,60.54166666666666,12.995833333333332,30.0,63.5,10.3,30.257738095238093,62.4345238095238,12.11309523809524,986.5041666666666,1.3333333333333712,0,-0.8118211306774993,-0.5839062011877478,-0.197136737840462,1.0,229,8,-0.8660254037844384,-0.5000000000000004,Good,Very Good,Good
2023-08-18,20.6,30.03333333333333,62.833333333333336,985.6041666666666,10.8,276.570916964744,Good,17.4,18.6,21.4,18.86666666666667,20.25714285714286,-0.7999999999999972,29.79583333333333,65.20833333333333,8.454166666666667,30.1625,62.125,8.979166666666666,30.041666666666668,63.16666666666666,13.466666666666669,29.99722222222222,63.38888888888889,9.411111111111111,30.177976190476187,62.94642857142856,11.63988095238095,986.5666666666666,-0.3374999999999772,0,-0.9934309791163708,0.1144329049351132,-0.3564621127097208,1.0,230,8,-0.8660254037844384,-0.5000000000000004,Very Good,Good,Good
2023-08-25,12.6,29.65416666666667,63.91666666666666,986.3208333333332,11.270833333333334,258.5397890377695,Very Good,20.6,17.4,18.6,16.866666666666664,18.97142857142857,-6.000000000000002,30.03333333333333,62.833333333333336,10.8,29.79583333333333,65.20833333333333,8.454166666666667,30.1625,62.125,8.979166666666666,29.82777777777777,63.98611111111112,10.175000000000002,30.08035714285714,63.25595238095239,11.175,985.6041666666666,-0.1833333333333939,0,-0.9800629193255588,-0.1986873779661482,-0.2820200449228717,1.0,237,8,-0.8660254037844384,-0.5000000000000004,Good,Good,Good
2023-08-26,15.3,29.4125,63.875,986.3291666666668,13.2125,261.58863428893403,Good,12.6,20.6,17.4,16.166666666666668,18.342857142857145,-2.099999999999998,29.65416666666667,63.91666666666666,11.270833333333334,30.03333333333333,62.833333333333336,10.8,29.79583333333333,65.20833333333333,8.454166666666667,29.7,63.54166666666666,11.761111111111113,29.97619047619048,63.09523809523809,11.311309523809523,986.3208333333332,-0.2374999999998408,0,-0.9892433351431316,-0.1462792667294109,-0.474771059082745,0.0,238,8,-0.8660254037844384,-0.5000000000000004,Good,Good,Good
2023-08-27,18.1,29.89583333333333,60.333333333333336,985.3208333333332,15.283333333333331,261.56420032486056,Good,15.3,12.6,20.6,15.333333333333334,17.714285714285715,-2.5,29.4125,63.875,13.2125,29.65416666666667,63.91666666666666,11.270833333333334,30.03333333333333,62.833333333333336,10.8,29.654166666666665,62.708333333333336,13.255555555555556,29.85654761904762,63.06547619047619,11.638095238095238,986.3291666666668,-0.2833333333334167,0,-0.989180863941968,-0.1467011193243665,-0.7790843087129183,1.0,239,8,-0.8660254037844384,-0.5000000000000004,Good,Good,Good
2023-08-28,21.1,30.879166666666663,56.04166666666666,984.0916666666668,14.525,257.81834041975094,Good,18.1,15.3,12.6,18.166666666666668,17.67142857142857,8.500000000000002,29.89583333333333,60.333333333333336,15.283333333333331,29.4125,63.875,13.2125,29.65416666666667,63.91666666666666,11.270833333333334,30.0625,60.083333333333336,14.340277777777777,29.976190476190474,62.04761904761904,11.789285714285713,985.3208333333332,-2.2291666666664014,0,-0.9774834894273086,-0.2110119141115323,-1.2536408976382656,1.0,240,8,-0.8660254037844384,-0.5000000000000004,Good,Good,Good
2023-08-29,20.3,29.77916666666667,63.41666666666666,984.225,11.0,249.43261434890485,Good,21.1,18.1,15.3,19.833333333333336,17.914285714285715,5.0,30.879166666666663,56.04166666666666,14.525,29.89583333333333,60.333333333333336,15.283333333333331,29.4125,63.875,13.2125,30.18472222222222,59.93055555555555,13.602777777777776,29.92142857142857,62.23214285714285,12.07797619047619,984.0916666666668,-2.1041666666667425,0,-0.9362596621145788,-0.3513087603477815,-1.012264021921073,1.0,241,8,-0.8660254037844384,-0.5000000000000004,Good,Good,Good
2023-08-30,21.5,28.71666666666667,72.16666666666667,985.7166666666668,5.041666666666667,175.20371263681045,Good,20.3,21.1,18.1,20.96666666666667,18.5,3.3999999999999986,29.77916666666667,63.41666666666666,11.0,30.879166666666663,56.04166666666666,14.525,29.89583333333333,60.333333333333336,15.283333333333331,29.791666666666668,63.875,10.188888888888888,29.767261904761902,63.22619047619048,11.590476190476192,984.225,0.3958333333335986,0,0.0836132726751982,-0.9964982792923142,-0.2275003700074172,1.0,242,8,-0.8660254037844384,-0.5000000000000004,Good,Good,Good
2023-08-31,15.9,27.6,80.5,985.9625,7.370833333333334,236.8195317993662,Good,21.5,20.3,21.1,19.23333333333333,17.82857142857143,-5.200000000000001,28.71666666666667,72.16666666666667,5.041666666666667,29.77916666666667,63.41666666666666,11.0,30.879166666666663,56.04166666666666,14.525,28.69861111111111,72.02777777777779,7.804166666666666,29.419642857142858,65.75,11.10059523809524,985.7166666666668,1.8708333333331664,0,-0.8369509259669143,-0.5472779435744919,0.4180275694372611,1.0,243,8,-0.8660254037844384,-0.5000000000000004,Good,Good,Good
2023-09-01,17.4,27.304166666666664,82.66666666666667,985.3208333333332,8.495833333333334,260.71752656992675,Good,15.9,21.5,20.3,18.26666666666667,18.514285714285712,-2.900000000000002,27.6,80.5,7.370833333333334,28.71666666666667,72.16666666666667,5.041666666666667,29.77916666666667,63.41666666666666,11.0,27.873611111111117,78.44444444444446,6.969444444444444,29.08392857142857,68.42857142857143,10.704166666666666,985.9625,1.095833333333189,0,-0.9869051042540328,-0.1613019379838215,0.3061707986841693,1.0,244,9,-1.0,-1.8369701987210294e-16,Good,Good,Good
2023-09-02,19.5,27.5875,81.66666666666667,983.9541666666668,7.495833333333334,248.4317343854624,Good,17.4,15.9,21.5,17.599999999999998,19.11428571428572,-2.0,27.304166666666664,82.66666666666667,8.495833333333334,27.6,80.5,7.370833333333334,28.71666666666667,72.16666666666667,5.041666666666667,27.49722222222222,81.61111111111111,7.787499999999999,28.823214285714283,70.97023809523809,9.8875,985.3208333333332,-1.7625000000000457,0,-0.9299802362298996,-0.3676095213970663,-0.1502024850567282,1.0,245,9,-1.0,-1.8369701987210294e-16,Good,Good,Good
2023-09-03,17.5,27.254166666666663,82.70833333333333,983.1208333333334,6.075,244.52044587561537,Good,19.5,17.4,15.9,18.133333333333333,19.028571428571432,1.5999999999999996,27.5875,81.66666666666667,7.495833333333334,27.304166666666664,82.66666666666667,8.495833333333334,27.6,80.5,7.370833333333334,27.38194444444444,82.34722222222223,7.355555555555555,28.445833333333333,74.16666666666666,8.57202380952381,983.9541666666668,-2.8416666666665837,0,-0.902738853837232,-0.4301889837881028,-0.3211106374285761,1.0,246,9,-1.0,-1.8369701987210294e-16,Good,Good,Very Good
2023-09-04,18.9,27.23333333333333,85.08333333333333,982.775,6.8500000000000005,246.2643868282617,Good,17.5,19.5,17.4,18.633333333333333,18.714285714285715,1.5,27.254166666666663,82.70833333333333,6.075,27.5875,81.66666666666667,7.495833333333334,27.304166666666664,82.66666666666667,8.495833333333334,27.35833333333333,83.15277777777779,6.8069444444444445,27.925,78.31547619047619,7.475595238095238,983.1208333333334,-2.545833333333235,0,-0.9154125789590578,-0.4025168447202263,-0.3433382461187868,1.0,247,9,-1.0,-1.8369701987210294e-16,Good,Very Good,Very Good
2023-09-05,16.3,27.695833333333336,83.375,984.8083333333334,6.770833333333333,239.04172427967407,Good,18.9,17.5,19.5,17.566666666666666,18.142857142857142,-3.1999999999999997,27.23333333333333,85.08333333333333,6.8500000000000005,27.254166666666663,82.70833333333333,6.075,27.5875,81.66666666666667,7.495833333333334,27.39444444444444,83.72222222222223,6.565277777777777,27.62738095238095,81.16666666666666,6.871428571428572,982.775,0.8541666666666288,0,-0.857542137532593,-0.514413726834764,-0.146792555953529,1.0,248,9,-1.0,-1.8369701987210294e-16,Very Good,Very Good,Good
2023-09-06,12.4,26.825,81.125,987.1666666666666,8.575000000000001,245.2586485890897,Very Good,16.3,18.9,17.5,15.866666666666667,16.842857142857145,-5.1,27.695833333333336,83.375,6.770833333333333,27.23333333333333,85.08333333333333,6.8500000000000005,27.254166666666663,82.70833333333333,6.075,27.251388888888886,83.19444444444444,7.398611111111111,27.357142857142858,82.44642857142857,7.376190476190476,984.8083333333334,4.045833333333235,0,-0.9082063586403882,-0.4185226518662597,0.0891002446863183,1.0,249,9,-1.0,-1.8369701987210294e-16,Very Good,Good,Good
2023-09-07,14.2,26.475,86.41666666666667,987.3833333333332,7.587499999999999,260.2984454356091,Very Good,12.4,16.3,18.9,14.3,16.6,-4.699999999999999,26.825,81.125,8.575000000000001,27.695833333333336,83.375,6.770833333333333,27.23333333333333,85.08333333333333,6.8500000000000005,26.998611111111103,83.6388888888889,7.644444444444443,27.196428571428573,83.29166666666666,7.4071428571428575,987.1666666666666,4.608333333333235,0,-0.985698897227194,-0.1685161238727427,0.1407268661873382,0.0,250,9,-1.0,-1.8369701987210294e-16,Good,Good,Very Good
2023-09-08,15.1,27.10833333333333,83.25,986.7958333333332,6.795833333333333,248.47036497990703,Good,14.2,12.4,16.3,13.9,16.271428571428572,-1.200000000000001,26.475,86.41666666666667,7.587499999999999,26.825,81.125,8.575000000000001,27.695833333333336,83.375,6.770833333333333,26.802777777777777,83.59722222222223,7.652777777777778,27.16845238095238,83.375,7.164285714285716,987.3833333333332,1.9874999999998408,0,-0.9302278785915588,-0.3669824163240634,0.0521701242338194,0.0,251,9,-1.0,-1.8369701987210294e-16,Good,Very Good,Very Good
2023-09-09,15.9,27.4375,84.20833333333333,985.1125,6.591666666666666,209.81379924873627,Good,15.1,14.2,12.4,15.066666666666668,15.757142857142858,3.5,27.10833333333333,83.25,6.795833333333333,26.475,86.41666666666667,7.587499999999999,26.825,81.125,8.575000000000001,27.00694444444444,84.625,6.9916666666666645,27.147023809523805,83.73809523809523,7.035119047619048,986.7958333333332,-2.0541666666666742,0,-0.4971829412611682,-0.8676457358385932,-0.2499730243798213,1.0,252,9,-1.0,-1.8369701987210294e-16,Very Good,Very Good,Very Good
2023-09-10,12.2,26.6125,85.375,985.1791666666668,7.925,200.7650268712188,Very Good,15.9,15.1,14.2,14.4,15.0,-2.0,27.4375,84.20833333333333,6.591666666666666,27.10833333333333,83.25,6.795833333333333,26.475,86.41666666666667,7.587499999999999,27.052777777777777,84.27777777777779,7.104166666666665,27.05535714285714,84.1190476190476,7.2994047619047615,985.1125,-2.204166666666424,0,-0.3545362822056309,-0.935042258189334,-0.1735557514305437,1.0,253,9,-1.0,-1.8369701987210294e-16,Very Good,Very Good,Very Good
2023-09-11,8.83,27.2125,78.91666666666667,986.0583333333334,11.554166666666667,218.56956337762207,Very Good,12.2,15.9,15.1,12.31,13.561428571428571,-6.27,26.6125,85.375,7.925,27.4375,84.20833333333333,6.591666666666666,27.10833333333333,83.25,6.795833333333333,27.087499999999995,82.83333333333333,8.690277777777776,27.052380952380958,83.23809523809523,7.971428571428572,985.1791666666668,-0.7374999999998408,0,-0.6234643499636756,-0.7818517789993008,-0.2527652852098549,0.0,254,9,-1.0,-1.8369701987210294e-16,Very Good,Very Good,Good
2023-09-12,11.9,27.2125,80.16666666666667,987.0916666666668,12.016666666666666,222.3614732907447,Very Good,8.83,12.2,15.9,10.976666666666668,12.932857142857143,-4.0,27.2125,78.91666666666667,11.554166666666667,26.6125,85.375,7.925,27.4375,84.20833333333333,6.591666666666666,27.0125,81.48611111111113,10.49861111111111,26.983333333333334,82.77976190476191,8.720833333333333,986.0583333333334,1.979166666666856,0,-0.6738056845706991,-0.7389085866602252,-0.2897302566623395,0.0,255,9,-1.0,-1.8369701987210294e-16,Very Good,Good,Very Good
2023-09-13,11.9,26.77916666666667,78.25,987.5041666666666,12.079166666666666,239.3672619294641,Very Good,11.9,8.83,12.2,10.876666666666663,12.861428571428572,-0.2999999999999989,27.2125,80.16666666666667,12.016666666666666,27.2125,78.91666666666667,11.554166666666667,26.6125,85.375,7.925,27.06805555555556,79.11111111111113,11.883333333333333,26.976785714285715,82.36904761904762,9.221428571428572,987.0916666666668,2.324999999999818,0,-0.8604510268015284,-0.5095331495361175,-0.4666802450869481,0.0,256,9,-1.0,-1.8369701987210294e-16,Good,Very Good,Very Good
2023-09-14,17.4,27.316666666666663,76.58333333333333,986.6791666666668,13.679166666666667,256.32211425954694,Good,11.9,11.9,8.83,13.733333333333334,13.318571428571428,8.569999999999999,26.77916666666667,78.25,12.079166666666666,27.2125,80.16666666666667,12.016666666666666,27.2125,78.91666666666667,11.554166666666667,27.10277777777777,78.33333333333333,12.591666666666663,27.09702380952381,80.96428571428571,10.091666666666669,987.5041666666666,0.620833333333394,0,-0.9716404592530556,-0.2364631428838563,-0.6143632112851223,0.0,257,9,-1.0,-1.8369701987210294e-16,Very Good,Very Good,Very Good
2023-09-15,14.4,26.254166666666663,83.70833333333333,985.6083333333332,10.045833333333333,238.68885607138884,Very Good,17.4,11.9,11.9,14.566666666666668,13.218571428571428,2.5,27.316666666666663,76.58333333333333,13.679166666666667,26.77916666666667,78.25,12.079166666666666,27.2125,80.16666666666667,12.016666666666666,26.78333333333333,79.51388888888889,11.93472222222222,26.975,81.02976190476191,10.55595238095238,986.6791666666668,-1.483333333333576,0,-0.8543577684155831,-0.5196852927955002,-0.4656670868000263,1.0,258,9,-1.0,-1.8369701987210294e-16,Very Good,Very Good,Very Good
2023-09-16,13.3,26.09583333333333,87.625,986.0083333333332,5.1375,176.9252483913209,Very Good,14.4,17.4,11.9,15.033333333333331,12.847142857142856,1.4000000000000004,26.254166666666663,83.70833333333333,10.045833333333333,27.316666666666663,76.58333333333333,13.679166666666667,26.77916666666667,78.25,12.079166666666666,26.555555555555557,82.6388888888889,9.620833333333332,26.78333333333333,81.51785714285714,10.348214285714286,985.6083333333332,-1.495833333333394,0,0.053638785030825,-0.9985604041521058,-0.2226451476795382,0.0,259,9,-1.0,-1.8369701987210294e-16,Very Good,Very Good,Very Good
2023-09-17,12.6,26.29583333333333,87.79166666666667,986.5833333333334,6.429166666666667,158.98646875637132,Very Good,13.3,14.4,17.4,13.433333333333332,12.904285714285717,-4.799999999999999,26.09583333333333,87.625,5.1375,26.254166666666663,83.70833333333333,10.045833333333333,27.316666666666663,76.58333333333333,13.679166666666667,26.21527777777777,86.375,7.204166666666666,26.73809523809524,81.86309523809523,10.13452380952381,986.0083333333332,-0.0958333333334167,0,0.3585884183405066,-0.9334957665849662,0.1546036051244181,0.0,260,9,-1.0,-1.8369701987210294e-16,Very Good,Very Good,Very Good
2023-09-18,11.2,26.46666666666667,85.66666666666667,988.3791666666666,5.270833333333333,242.39323747913613,Very Good,12.6,13.3,14.4,12.366666666666667,13.242857142857142,-3.200000000000001,26.29583333333333,87.79166666666667,6.429166666666667,26.09583333333333,87.625,5.1375,26.254166666666663,83.70833333333333,10.045833333333333,26.286111111111108,87.02777777777779,5.6125,26.631547619047616,82.82738095238096,9.236904761904762,986.5833333333334,2.7708333333333712,0,-0.8861488910361521,-0.4634006289544694,0.2920083810596172,0.0,261,9,-1.0,-1.8369701987210294e-16,Very Good,Very Good,Very Good
2023-09-19,11.6,27.320833333333336,82.0,989.6958333333332,4.525,304.8166709045204,Very Good,11.2,12.6,13.3,11.8,13.2,-1.700000000000001,26.46666666666667,85.66666666666667,5.270833333333333,26.29583333333333,87.79166666666667,6.429166666666667,26.09583333333333,87.625,5.1375,26.694444444444443,85.15277777777779,5.408333333333332,26.647023809523805,83.08928571428571,8.166666666666666,988.3791666666666,3.6875,0,-0.8209831183173087,0.5709524668814276,0.2696562370393248,0.0,262,9,-1.0,-1.8369701987210294e-16,Very Good,Very Good,Very Good
2023-09-20,14.5,27.3625,83.70833333333333,988.8166666666666,4.791666666666667,291.3087652344157,Very Good,11.6,11.2,12.6,12.433333333333332,13.571428571428571,1.9000000000000004,27.320833333333336,82.0,4.525,26.46666666666667,85.66666666666667,5.270833333333333,26.29583333333333,87.79166666666667,6.429166666666667,27.05,83.79166666666667,4.8625,26.73035714285714,83.86904761904762,7.125595238095238,989.6958333333332,2.233333333333235,0,-0.9316356457108368,0.3633937583956994,0.2691562554776407,0.0,263,9,-1.0,-1.8369701987210294e-16,Very Good,Very Good,Good
2023-09-21,14.2,27.4875,83.25,988.3333333333334,6.7250000000000005,256.35940035266185,Very Good,14.5,11.6,11.2,13.433333333333332,13.114285714285714,3.0,27.3625,83.70833333333333,4.791666666666667,27.320833333333336,82.0,4.525,26.46666666666667,85.66666666666667,5.270833333333333,27.39027777777778,82.9861111111111,5.347222222222221,26.754761904761903,84.82142857142857,6.132142857142857,988.8166666666666,-0.0458333333332348,0,-0.9717941354581398,-0.235830783167013,0.1766641651627546,0.0,264,9,-1.0,-1.8369701987210294e-16,Very Good,Good,Good
2023-09-22,13.5,26.566666666666663,86.5,988.1958333333332,5.791666666666667,52.86406759928524,Very Good,14.2,14.5,11.6,14.066666666666665,12.985714285714284,1.9000000000000004,27.4875,83.25,6.7250000000000005,27.3625,83.70833333333333,4.791666666666667,27.320833333333336,82.0,4.525,27.13888888888889,84.4861111111111,5.769444444444443,26.79940476190476,85.22023809523809,5.524404761904762,988.3333333333334,-1.5,1,0.7972054769303378,0.6037080648395154,0.423754096014404,0.0,265,9,-1.0,-1.8369701987210294e-16,Good,Good,Good
2023-09-23,16.8,27.0375,85.79166666666667,988.1125,4.1000000000000005,71.46130203509074,Good,13.5,14.2,14.5,14.833333333333334,13.485714285714286,2.3000000000000007,26.566666666666663,86.5,5.791666666666667,27.4875,83.25,6.7250000000000005,27.3625,83.70833333333333,4.791666666666667,27.03055555555555,85.18055555555556,5.538888888888888,26.93392857142857,84.95833333333334,5.3761904761904775,988.1958333333332,-0.7041666666666515,1,0.9481091291671648,0.3179450883248246,0.3664024921931346,0.0,266,9,-1.0,-1.8369701987210294e-16,Good,Good,Good
2023-09-24,16.3,27.58333333333333,81.625,986.6541666666668,5.766666666666667,287.4812349413228,Good,16.8,13.5,14.2,15.533333333333337,14.014285714285716,2.1000000000000014,27.0375,85.79166666666667,4.1000000000000005,26.566666666666663,86.5,5.791666666666667,27.4875,83.25,6.7250000000000005,27.0625,84.6388888888889,5.219444444444444,27.11785714285714,84.07738095238096,5.281547619047619,988.1125,-1.6791666666665606,0,-0.9538153843719712,0.3003934295808566,0.1840194964173361,1.0,267,9,-1.0,-1.8369701987210294e-16,Good,Good,Very Good
2023-09-25,19.3,27.6875,80.79166666666667,985.4083333333332,5.091666666666667,330.62479052892525,Good,16.3,16.8,13.5,17.46666666666667,15.171428571428573,5.800000000000001,27.58333333333333,81.625,5.766666666666667,27.0375,85.79166666666667,4.1000000000000005,26.566666666666663,86.5,5.791666666666667,27.436111111111103,82.73611111111113,4.98611111111111,27.292261904761904,83.3809523809524,5.255952380952381,986.6541666666668,-2.7875000000000227,0,-0.4905267540616178,0.8714261320099215,-0.0909861213077434,1.0,268,9,-1.0,-1.8369701987210294e-16,Good,Very Good,Very Good
2023-09-26,18.9,25.241666666666664,92.79166666666669,984.9416666666666,5.595833333333334,260.9074216927894,Good,19.3,16.3,16.8,18.166666666666668,16.214285714285715,2.099999999999998,27.6875,80.79166666666667,5.091666666666667,27.58333333333333,81.625,5.766666666666667,27.0375,85.79166666666667,4.1000000000000005,26.837499999999995,85.06944444444446,5.484722222222222,26.995238095238097,84.92261904761905,5.408928571428572,985.4083333333332,-3.1708333333333485,0,-0.9874342851520596,-0.1580301632798028,0.3123657276637225,1.0,269,9,-1.0,-1.8369701987210294e-16,Very Good,Very Good,Very Good
2023-09-27,12.5,25.675,87.70833333333333,984.6708333333332,6.283333333333334,201.05542725059087,Very Good,18.9,19.3,16.3,16.900000000000002,15.928571428571429,-3.8000000000000007,25.241666666666664,92.79166666666669,5.595833333333334,27.6875,80.79166666666667,5.091666666666667,27.58333333333333,81.625,5.766666666666667,26.20138888888889,87.09722222222223,5.656944444444444,26.754166666666663,85.49404761904762,5.622023809523809,984.9416666666666,-1.983333333333576,0,-0.3592709162355552,-0.9332333088500778,0.2863062890208607,1.0,270,9,-1.0,-1.8369701987210294e-16,Very Good,Very Good,Very Good
2023-09-28,9.06,25.85,87.16666666666667,987.1416666666668,9.608333333333333,163.99687298670926,Very Good,12.5,18.9,19.3,13.486666666666666,15.194285714285714,-10.24,25.675,87.70833333333333,6.283333333333334,25.241666666666664,92.79166666666669,5.595833333333334,27.6875,80.79166666666667,5.091666666666667,25.588888888888885,89.22222222222223,7.162499999999999,26.52023809523809,86.05357142857143,6.033928571428571,984.6708333333332,1.733333333333576,0,0.2756898178762072,-0.9612466511355884,0.3554022946918813,0.0,271,9,-1.0,-1.8369701987210294e-16,Very Good,Very Good,Very Good
2023-09-29,8.1,26.291666666666668,85.625,989.7125,7.858333333333333,184.42616543205028,Very Good,9.06,12.5,18.9,9.886666666666668,14.422857142857143,-10.8,25.85,87.16666666666667,9.608333333333333,25.675,87.70833333333333,6.283333333333334,25.241666666666664,92.79166666666669,5.595833333333334,25.938888888888886,86.83333333333333,7.916666666666665,26.480952380952377,85.92857142857143,6.329166666666667,987.1416666666668,4.770833333333371,0,-0.0771743471222894,-0.9970176127562884,0.02952781890276,0.0,272,9,-1.0,-1.8369701987210294e-16,Very Good,Very Good,Good
2023-09-30,10.9,26.704166666666666,82.95833333333333,990.0,5.166666666666667,245.4954529062577,Very Good,8.1,9.06,12.5,9.353333333333332,13.579999999999998,-1.5999999999999996,26.291666666666668,85.625,7.858333333333333,25.85,87.16666666666667,9.608333333333333,25.675,87.70833333333333,6.283333333333334,26.281944444444445,85.25000000000001,7.544444444444443,26.433333333333334,85.52380952380953,6.481547619047618,989.7125,5.329166666666765,0,-0.9099283572265424,-0.414765457475675,0.1019467399011473,0.0,273,9,-1.0,-1.8369701987210294e-16,Very Good,Good,Good
2023-10-01,11.8,27.320833333333336,82.375,988.225,6.658333333333334,289.00492728988235,Very Good,10.9,8.1,9.06,10.266666666666666,12.937142857142858,2.74,26.704166666666666,82.95833333333333,5.166666666666667,26.291666666666668,85.625,7.858333333333333,25.85,87.16666666666667,9.608333333333333,26.772222222222226,83.65277777777779,6.561111111111111,26.395833333333336,85.6309523809524,6.608928571428572,990.0,1.0833333333332575,0,-0.9454905740779228,0.3256494654222538,-0.0433900002776454,0.0,274,10,-0.8660254037844386,0.5000000000000001,Good,Good,Very Good
2023-10-02,15.8,27.575,84.16666666666667,988.6625,6.595833333333334,292.17977187764166,Good,11.8,10.9,8.1,12.833333333333334,12.437142857142858,7.700000000000001,27.320833333333336,82.375,6.658333333333334,26.704166666666666,82.95833333333333,5.166666666666667,26.291666666666668,85.625,7.858333333333333,27.2,83.16666666666667,6.140277777777778,26.37976190476191,86.11309523809523,6.823809523809524,988.225,-1.0499999999999543,0,-0.926003922789312,0.3775138871337134,0.0779263584926984,0.0,275,10,-0.8660254037844386,0.5000000000000001,Good,Very Good,Very Good
2023-10-03,15.1,26.954166666666666,87.66666666666667,988.8833333333332,4.720833333333333,276.4014745772933,Good,15.8,11.8,10.9,14.233333333333334,11.894285714285711,4.199999999999999,27.575,84.16666666666667,6.595833333333334,27.320833333333336,82.375,6.658333333333334,26.704166666666666,82.95833333333333,5.166666666666667,27.28333333333333,84.73611111111113,5.991666666666667,26.624404761904763,85.38095238095238,6.698809523809524,988.6625,-1.116666666666788,0,-0.9937650500415356,0.1114945080079912,0.294324476442038,1.0,276,10,-0.8660254037844386,0.5000000000000001,Very Good,Very Good,Very Good
2023-10-04,11.6,26.27916666666667,89.375,988.5125,5.279166666666667,246.0344639754464,Very Good,15.1,15.8,11.8,14.166666666666666,11.765714285714283,-0.200000000000001,26.954166666666666,87.66666666666667,4.720833333333333,27.575,84.16666666666667,6.595833333333334,27.320833333333336,82.375,6.658333333333334,26.936111111111103,87.06944444444446,5.531944444444444,26.710714285714285,85.61904761904762,6.555357142857143,988.8833333333332,0.2875000000000227,0,-0.9137899484561198,-0.4061870629409089,0.530496084063684,1.0,277,10,-0.8660254037844386,0.5000000000000001,Very Good,Very Good,Very Good
2023-10-05,11.2,26.28333333333333,90.04166666666667,987.3333333333334,4.833333333333333,91.740321171608,Very Good,11.6,15.1,15.8,12.633333333333333,12.071428571428571,-4.600000000000001,26.27916666666667,89.375,5.279166666666667,26.954166666666666,87.66666666666667,4.720833333333333,27.575,84.16666666666667,6.595833333333334,26.50555555555555,89.02777777777779,4.944444444444444,26.77261904761905,86.02976190476191,5.873214285714286,988.5125,-1.3291666666666515,0,0.9995387353674504,-0.0303696641410171,0.5206456357574218,0.0,278,10,-0.8660254037844386,0.5000000000000001,Very Good,Very Good,Very Good
2023-10-06,11.0,26.65833333333333,87.33333333333333,987.4833333333332,5.470833333333334,206.1396824802565,Very Good,11.2,11.6,15.1,11.266666666666666,12.485714285714284,-4.1,26.28333333333333,90.04166666666667,4.833333333333333,26.27916666666667,89.375,5.279166666666667,26.954166666666666,87.66666666666667,4.720833333333333,26.406944444444445,88.91666666666667,5.194444444444444,26.825,86.27380952380952,5.5321428571428575,987.3333333333334,-1.3999999999999773,0,-0.4405610291520776,-0.8977226629602609,0.3364365036430958,0.0,279,10,-0.8660254037844386,0.5000000000000001,Very Good,Very Good,Very Good
2023-10-07,10.4,27.4875,80.375,988.325,8.0625,205.94562706510345,Very Good,11.0,11.2,11.6,10.866666666666664,12.414285714285716,-1.1999999999999993,26.65833333333333,87.33333333333333,5.470833333333334,26.28333333333333,90.04166666666667,4.833333333333333,26.27916666666667,89.375,5.279166666666667,26.80972222222222,85.91666666666667,6.122222222222223,26.936904761904763,85.90476190476191,5.945833333333334,987.4833333333332,-0.1875,0,-0.4375180058938293,-0.899209649925248,0.059425722453549,0.0,280,10,-0.8660254037844386,0.5000000000000001,Very Good,Very Good,Good
2023-10-08,10.9,26.85,82.33333333333333,989.9083333333332,6.729166666666667,241.94604059630345,Very Good,10.4,11.0,11.2,10.766666666666667,12.285714285714286,-0.2999999999999989,27.4875,80.375,8.0625,26.65833333333333,87.33333333333333,5.470833333333334,26.28333333333333,90.04166666666667,4.833333333333333,26.998611111111103,83.34722222222223,6.754166666666666,26.869642857142857,85.89880952380953,5.955952380952381,988.325,2.574999999999818,0,-0.8825050674834239,-0.4703028873673617,0.2584266272974316,0.0,281,10,-0.8660254037844386,0.5000000000000001,Very Good,Good,Very Good
2023-10-09,12.2,26.65,85.125,990.1875,3.5666666666666664,128.11298265431492,Very Good,10.9,10.4,11.0,11.166666666666666,11.77142857142857,1.1999999999999993,26.85,82.33333333333333,6.729166666666667,27.4875,80.375,8.0625,26.65833333333333,87.33333333333333,5.470833333333334,26.995833333333334,82.61111111111113,6.119444444444444,26.7375,86.03571428571429,5.523214285714286,989.9083333333332,2.704166666666765,0,0.786795187562614,-0.6172141709555209,0.454171930445656,0.0,282,10,-0.8660254037844386,0.5000000000000001,Good,Very Good,Very Good
2023-10-10,15.6,25.666666666666668,88.54166666666667,990.6458333333334,8.591666666666667,67.18004677563175,Good,12.2,10.9,10.4,12.9,11.842857142857143,5.199999999999999,26.65,85.125,3.5666666666666664,26.85,82.33333333333333,6.729166666666667,27.4875,80.375,8.0625,26.38888888888889,85.33333333333333,6.295833333333333,26.553571428571427,86.16071428571429,6.076190476190476,990.1875,2.3208333333333258,1,0.9217281435961638,0.3878366012933404,0.7933748328859577,0.0,283,10,-0.8660254037844386,0.5000000000000001,Very Good,Very Good,Very Good
2023-10-11,14.0,26.229166666666668,83.58333333333333,991.3208333333332,10.1625,80.91860097401502,Very Good,15.6,12.2,10.9,13.933333333333332,12.185714285714283,3.1,25.666666666666668,88.54166666666667,8.591666666666667,26.65,85.125,3.5666666666666664,26.85,82.33333333333333,6.729166666666667,26.18194444444444,85.75,7.440277777777777,26.54642857142857,85.33333333333333,6.773809523809524,990.6458333333334,1.4125000000000227,1,0.9874651004533171,0.1578374967703174,0.5288911478743384,1.0,284,10,-0.8660254037844386,0.5000000000000001,Very Good,Very Good,Very Good
2023-10-12,13.1,26.375,83.70833333333333,992.125,8.641666666666667,72.81449526184252,Very Good,14.0,15.6,12.2,14.233333333333333,12.457142857142856,0.9000000000000004,26.229166666666668,83.58333333333333,10.1625,25.666666666666668,88.54166666666667,8.591666666666667,26.65,85.125,3.5666666666666664,26.09027777777777,85.27777777777779,9.131944444444445,26.559523809523807,84.42857142857143,7.317857142857142,991.3208333333332,1.9375,1,0.9553531427436596,0.2954663646674738,0.3653415616114681,0.0,285,10,-0.8660254037844386,0.5000000000000001,Very Good,Very Good,Good
2023-10-13,14.7,26.70833333333333,80.66666666666667,991.55,8.9375,57.62892142135303,Very Good,13.1,14.0,15.6,13.933333333333332,12.985714285714286,-0.9000000000000004,26.375,83.70833333333333,8.641666666666667,26.229166666666668,83.58333333333333,10.1625,25.666666666666668,88.54166666666667,8.591666666666667,26.4375,82.65277777777779,9.247222222222222,26.566666666666663,83.47619047619047,7.813095238095237,992.125,0.9041666666665832,1,0.8445982893735553,0.5354005319265794,0.0685770769257866,0.0,286,10,-0.8660254037844386,0.5000000000000001,Very Good,Good,Good
2023-10-14,12.7,26.891666666666666,80.16666666666667,989.6708333333332,6.9750000000000005,53.11374370442008,Very Good,14.7,13.1,14.0,13.5,13.314285714285717,-1.3000000000000007,26.70833333333333,80.66666666666667,8.9375,26.375,83.70833333333333,8.641666666666667,26.229166666666668,83.58333333333333,10.1625,26.658333333333328,81.5138888888889,8.184722222222222,26.48154761904761,83.44642857142857,7.657738095238095,991.55,-1.6499999999999773,1,0.7998286600159753,0.6002283853809727,0.0632450094102518,0.0,287,10,-0.8660254037844386,0.5000000000000001,Good,Good,Very Good
2023-10-15,16.9,27.445833333333336,75.66666666666667,988.5208333333334,8.174999999999999,63.07302048183822,Good,12.7,14.7,13.1,14.766666666666666,14.171428571428567,3.799999999999999,26.891666666666666,80.16666666666667,6.9750000000000005,26.70833333333333,80.66666666666667,8.9375,26.375,83.70833333333333,8.641666666666667,27.01527777777777,78.83333333333336,8.029166666666667,26.566666666666663,82.49404761904762,7.864285714285714,989.6708333333332,-3.6041666666666288,1,0.8915843876447413,0.4528545900265907,-0.1042297560626505,0.0,288,10,-0.8660254037844386,0.5000000000000001,Good,Very Good,Good
2023-10-16,22.9,26.754166666666663,75.25,989.7083333333334,9.916666666666666,67.3703864172938,Good,16.9,12.7,14.7,17.5,15.7,8.2,27.445833333333336,75.66666666666667,8.174999999999999,26.891666666666666,80.16666666666667,6.9750000000000005,26.70833333333333,80.66666666666667,8.9375,27.03055555555555,77.02777777777779,8.355555555555554,26.58154761904762,81.08333333333334,8.77142857142857,988.5208333333334,-1.8416666666665835,1,0.9230114690341648,0.3847724366835454,0.1549109107329802,1.0,289,10,-0.8660254037844386,0.5000000000000001,Very Good,Good,Very Good
2023-10-27,11.2,26.416666666666668,84.79166666666667,990.4041666666668,5.379166666666666,98.26061193725064,Very Good,22.9,16.9,12.7,17.0,15.07142857142857,-1.5,26.754166666666663,75.25,9.916666666666666,27.445833333333336,75.66666666666667,8.174999999999999,26.891666666666666,80.16666666666667,6.9750000000000005,26.87222222222222,78.56944444444444,7.82361111111111,26.68869047619048,80.54761904761905,8.3125,989.7083333333334,0.7333333333335759,0,0.9896247931111902,-0.1436759160737596,0.3714036905135653,1.0,300,10,-0.8660254037844386,0.5000000000000001,Good,Very Good,Good
2023-10-28,15.2,26.46666666666667,86.04166666666667,990.3416666666668,4.341666666666667,54.32121895908773,Good,11.2,22.9,16.9,16.433333333333334,15.242857142857142,-1.6999999999999993,26.416666666666668,84.79166666666667,5.379166666666666,26.754166666666663,75.25,9.916666666666666,27.445833333333336,75.66666666666667,8.174999999999999,26.54583333333333,82.02777777777779,6.545833333333333,26.722619047619048,80.89880952380953,7.480952380952381,990.4041666666668,1.8208333333334397,1,0.8122995802579818,0.5832404237642541,0.5908280580092414,0.0,301,10,-0.8660254037844386,0.5000000000000001,Very Good,Good,Very Good
2023-10-29,12.3,25.383333333333336,90.04166666666667,990.4125,4.5375000000000005,78.00335451788239,Very Good,15.2,11.2,22.9,12.9,15.128571428571428,-10.599999999999998,26.46666666666667,86.04166666666667,4.341666666666667,26.416666666666668,84.79166666666667,5.379166666666666,26.754166666666663,75.25,9.916666666666666,26.08888888888889,86.95833333333333,4.752777777777777,26.58095238095238,81.80357142857143,6.894642857142856,990.3416666666668,0.7041666666666515,1,0.97815977174251,0.2078544224803524,0.8599007237002102,1.0,302,10,-0.8660254037844386,0.5000000000000001,Good,Very Good,Good
2023-10-30,17.4,24.90833333333333,91.75,991.175,8.191666666666666,60.245440348382495,Good,12.3,15.2,11.2,14.966666666666669,15.514285714285714,6.199999999999999,25.383333333333336,90.04166666666667,4.5375000000000005,26.46666666666667,86.04166666666667,4.341666666666667,26.416666666666668,84.79166666666667,5.379166666666666,25.58611111111111,89.27777777777779,5.690277777777777,26.323809523809523,83.38690476190477,6.788095238095238,990.4125,0.7708333333331439,1,0.8681593223674128,0.4962855941759288,0.8574619251335419,0.0,303,10,-0.8660254037844386,0.5000000000000001,Very Good,Good,Moderate
2023-10-31,13.5,25.820833333333336,81.70833333333333,992.4458333333332,12.954166666666666,48.817777439790575,Very Good,17.4,12.3,15.2,14.4,15.628571428571428,-1.6999999999999993,24.90833333333333,91.75,8.191666666666666,25.383333333333336,90.04166666666667,4.5375000000000005,26.46666666666667,86.04166666666667,4.341666666666667,25.370833333333334,87.83333333333333,8.56111111111111,26.170833333333334,83.60714285714286,7.642261904761905,991.175,2.1041666666664014,1,0.7526192474527641,0.6584559729880466,0.5230305013536777,1.0,304,10,-0.8660254037844386,0.5000000000000001,Good,Moderate,Moderate
2023-11-01,17.1,26.025,74.20833333333333,992.5666666666666,12.733333333333334,48.99417935117708,Good,13.5,17.4,12.3,16.0,15.657142857142857,4.800000000000001,25.820833333333336,81.70833333333333,12.954166666666666,24.90833333333333,91.75,8.191666666666666,25.383333333333336,90.04166666666667,4.5375000000000005,25.584722222222226,82.55555555555556,11.293055555555554,25.967857142857145,83.39880952380953,8.293452380952383,992.4458333333332,2.1541666666665837,1,0.7546429276285156,0.6561356961637302,0.0164392408267948,0.0,305,11,-0.5000000000000004,0.8660254037844384,Moderate,Moderate,Moderate
2023-11-02,28.2,26.025,74.70833333333333,991.4125,7.6125,67.42570034863127,Moderate,17.1,13.5,17.4,19.6,16.414285714285715,10.8,26.025,74.20833333333333,12.733333333333334,25.820833333333336,81.70833333333333,12.954166666666666,24.90833333333333,91.75,8.191666666666666,25.95694444444444,76.875,11.1,25.863690476190477,83.32142857142857,7.964285714285714,992.5666666666666,0.2375000000000682,1,0.9233825020896632,0.383881172805639,-0.1588927850837706,1.0,306,11,-0.5000000000000004,0.8660254037844384,Moderate,Moderate,Moderate
2023-11-03,29.7,26.666666666666668,78.08333333333333,989.0791666666668,5.470833333333334,65.35304575968985,Moderate,28.2,17.1,13.5,25.0,19.057142857142857,16.2,26.025,74.70833333333333,7.6125,26.025,74.20833333333333,12.733333333333334,25.820833333333336,81.70833333333333,12.954166666666666,26.238888888888884,75.66666666666667,8.605555555555556,25.89940476190477,82.36309523809523,7.977380952380953,991.4125,-3.366666666666447,1,0.9088946591233245,0.417025776921638,-0.0726126174308798,2.0,307,11,-0.5000000000000004,0.8660254037844384,Moderate,Moderate,Good
2023-11-04,33.4,26.666666666666668,83.0,989.2708333333334,5.020833333333333,124.445099938795,Moderate,29.7,28.2,17.1,30.433333333333334,21.65714285714285,16.299999999999997,26.666666666666668,78.08333333333333,5.470833333333334,26.025,74.70833333333333,7.6125,26.025,74.20833333333333,12.733333333333334,26.45277777777778,78.59722222222223,6.034722222222221,25.92797619047619,81.92857142857143,8.074404761904763,989.0791666666668,-3.295833333333235,0,0.8246685332100832,-0.5656163101724789,0.2603855140499316,2.0,308,11,-0.5000000000000004,0.8660254037844384,Moderate,Good,Good
2023-11-05,27.1,26.616666666666664,85.41666666666667,990.2916666666666,5.8,228.8015740239598,Moderate,33.4,29.7,28.2,30.066666666666663,23.77142857142857,-1.099999999999998,26.666666666666668,83.0,5.020833333333333,26.666666666666668,78.08333333333333,5.470833333333334,26.025,74.70833333333333,7.6125,26.649999999999995,82.16666666666667,5.4305555555555545,26.104166666666668,81.26785714285714,8.254761904761905,989.2708333333334,-1.120833333333394,0,-0.7524330040631735,-0.6586687896025348,0.4355833551942048,2.0,309,11,-0.5000000000000004,0.8660254037844384,Good,Good,Good
2023-11-06,16.2,27.308333333333334,78.04166666666667,990.4625,6.195833333333334,43.66016095010679,Good,27.1,33.4,29.7,25.566666666666663,23.6,-13.5,26.616666666666664,85.41666666666667,5.8,26.666666666666668,83.0,5.020833333333333,26.666666666666668,78.08333333333333,5.470833333333334,26.863888888888884,82.15277777777779,5.672222222222222,26.44702380952381,79.30952380952381,7.9696428571428575,990.2916666666666,1.383333333333212,1,0.6903795487162356,0.7234473572516295,0.4176549887318323,2.0,310,11,-0.5000000000000004,0.8660254037844384,Good,Good,Good
2023-11-07,15.6,26.816666666666663,81.0,990.9041666666668,6.6125,66.77050948531974,Good,16.2,27.1,33.4,19.633333333333333,23.9,-17.799999999999997,27.308333333333334,78.04166666666667,6.195833333333334,26.616666666666664,85.41666666666667,5.8,26.666666666666668,83.0,5.020833333333333,26.91388888888888,81.48611111111113,6.202777777777778,26.589285714285715,79.20833333333334,7.063690476190476,990.4625,1.6333333333334394,1,0.9189324530214874,0.3944149423943164,0.4887382070689892,1.0,311,11,-0.5000000000000004,0.8660254037844384,Good,Good,Good
2023-11-08,21.6,27.004166666666663,81.83333333333333,990.1875,5.366666666666667,69.60061293510415,Good,15.6,16.2,27.1,17.8,24.54285714285714,-5.5,26.816666666666663,81.0,6.6125,27.308333333333334,78.04166666666667,6.195833333333334,26.616666666666664,85.41666666666667,5.8,27.04305555555555,80.29166666666667,6.058333333333333,26.729166666666664,80.29761904761905,6.011309523809524,990.9041666666668,-0.1041666666666287,1,0.9372857183698832,0.3485620205068994,0.3924509777787033,1.0,312,11,-0.5000000000000004,0.8660254037844384,Good,Good,Good
2023-11-09,23.1,26.9625,82.08333333333333,990.4583333333334,6.416666666666667,117.5658884600047,Good,21.6,15.6,16.2,20.1,23.814285714285717,6.900000000000002,27.004166666666663,81.83333333333333,5.366666666666667,26.816666666666663,81.0,6.6125,27.308333333333334,78.04166666666667,6.195833333333334,26.927777777777774,81.63888888888889,6.131944444444444,26.86309523809524,81.35119047619047,5.84047619047619,990.1875,-0.004166666666606,0,0.8864792494752504,-0.4627683440446168,0.5379011902293312,1.0,313,11,-0.5000000000000004,0.8660254037844384,Good,Good,Good
2023-11-10,24.4,26.916666666666668,85.33333333333333,991.55,5.595833333333334,154.5527251457861,Good,23.1,21.6,15.6,23.03333333333333,23.057142857142857,8.799999999999999,26.9625,82.08333333333333,6.416666666666667,27.004166666666663,81.83333333333333,5.366666666666667,26.816666666666663,81.0,6.6125,26.96111111111111,83.08333333333333,5.793055555555555,26.89880952380952,82.38690476190474,5.858333333333334,990.4583333333334,0.6458333333331439,0,0.4296803309403812,-0.902981070235121,0.6057304962505685,1.0,314,11,-0.5000000000000004,0.8660254037844384,Good,Good,Good
2023-11-11,18.3,26.854166666666668,85.66666666666667,991.9,6.133333333333333,4.870531223372439,Good,24.4,23.1,21.6,21.933333333333334,20.9,-3.3000000000000007,26.916666666666668,85.33333333333333,5.595833333333334,26.9625,82.08333333333333,6.416666666666667,27.004166666666663,81.83333333333333,5.366666666666667,26.911111111111108,84.36111111111111,6.048611111111111,26.92559523809524,82.76785714285714,6.017261904761905,991.55,1.7124999999999773,1,0.0849044643970004,0.9963890966512322,0.6558318046424587,1.0,315,11,-0.5000000000000004,0.8660254037844384,Good,Good,Very Good
2023-11-12,16.2,27.041666666666668,82.875,992.125,6.3125,81.14275127044846,Good,18.3,24.4,23.1,19.633333333333333,19.342857142857145,-6.900000000000002,26.854166666666668,85.66666666666667,6.133333333333333,26.916666666666668,85.33333333333333,5.595833333333334,26.9625,82.08333333333333,6.416666666666667,26.9375,84.625,6.013888888888888,26.98630952380952,82.40476190476191,6.090476190476191,991.9,1.6666666666666288,1,0.9880750279611415,0.1539731766236879,0.6422996792048793,1.0,316,11,-0.5000000000000004,0.8660254037844384,Good,Very Good,Very Good
2023-11-13,17.0,26.941666666666663,78.95833333333333,992.3708333333334,9.6125,61.38543436287603,Good,16.2,18.3,24.4,17.166666666666668,19.457142857142856,-7.399999999999999,27.041666666666668,82.875,6.3125,26.854166666666668,85.66666666666667,6.133333333333333,26.916666666666668,85.33333333333333,5.595833333333334,26.94583333333333,82.5,7.352777777777777,26.933928571428567,82.53571428571429,6.578571428571429,992.125,0.8208333333334394,1,0.8778612548160686,0.4789150418318029,0.5308026454877262,1.0,317,11,-0.5000000000000004,0.8660254037844384,Very Good,Very Good,Very Good
2023-11-14,12.6,27.070833333333336,69.41666666666667,993.6208333333334,16.120833333333334,59.951665723899225,Very Good,17.0,16.2,18.3,15.266666666666667,19.02857142857143,-5.700000000000001,26.941666666666663,78.95833333333333,9.6125,27.041666666666668,82.875,6.3125,26.854166666666668,85.66666666666667,6.133333333333333,27.018055555555552,77.08333333333333,10.681944444444444,26.97023809523809,80.88095238095238,7.936904761904763,992.3708333333334,1.7208333333334167,1,0.8656032995521419,0.5007303943285697,0.2604401165787907,1.0,318,11,-0.5000000000000004,0.8660254037844384,Very Good,Very Good,Very Good
2023-11-15,12.3,26.375,70.25,994.0958333333332,12.116666666666667,60.26665598900036,Very Good,12.6,17.0,16.2,13.966666666666669,17.7,-3.899999999999999,27.070833333333336,69.41666666666667,16.120833333333334,26.941666666666663,78.95833333333333,9.6125,27.041666666666668,82.875,6.3125,26.79583333333333,72.875,12.616666666666667,26.880357142857143,79.22619047619047,8.901190476190477,993.6208333333334,1.970833333333189,1,0.8683430288571689,0.495964095711734,0.2501881100500749,0.0,319,11,-0.5000000000000004,0.8660254037844384,Very Good,Very Good,Good
2023-11-16,13.1,26.75,69.16666666666667,994.8875,18.116666666666667,58.59941327418562,Very Good,12.3,12.6,17.0,12.666666666666666,16.271428571428572,-3.9,26.375,70.25,12.116666666666667,27.070833333333336,69.41666666666667,16.120833333333334,26.941666666666663,78.95833333333333,9.6125,26.73194444444444,69.61111111111113,15.451388888888893,26.85,77.38095238095238,10.572619047619048,994.0958333333332,2.5166666666666515,1,0.853545461937065,0.5210183724271557,-0.0608507715990998,0.0,320,11,-0.5000000000000004,0.8660254037844384,Very Good,Good,Moderate
2023-11-17,12.5,23.4125,58.0,997.0333333333332,17.254166666666666,54.155427676743045,Very Good,13.1,12.3,12.6,12.633333333333333,14.571428571428571,-0.0999999999999996,26.75,69.16666666666667,18.116666666666667,26.375,70.25,12.116666666666667,27.070833333333336,69.41666666666667,16.120833333333334,25.5125,65.80555555555556,15.829166666666666,26.34940476190476,73.47619047619048,12.23809523809524,994.8875,3.412499999999796,1,0.8106085152703759,0.5855884518765349,0.7091783488922655,0.0,321,11,-0.5000000000000004,0.8660254037844384,Good,Moderate,Moderate
2023-11-18,23.2,22.229166666666668,54.79166666666666,996.25,15.383333333333333,51.835935029335474,Good,12.5,13.1,12.3,16.266666666666666,15.271428571428572,10.9,23.4125,58.0,17.254166666666666,26.75,69.16666666666667,18.116666666666667,26.375,70.25,12.116666666666667,24.13055555555555,60.65277777777778,16.918055555555554,25.68869047619048,69.06547619047619,13.559523809523808,997.0333333333332,2.1541666666668107,1,0.7862445947963603,0.6179153964366862,0.5977375335833971,0.0,322,11,-0.5000000000000004,0.8660254037844384,Moderate,Moderate,Moderate
2023-11-19,27.2,22.166666666666668,58.375,995.1041666666666,13.033333333333331,52.233170170801706,Moderate,23.2,12.5,13.1,20.966666666666665,16.842857142857145,14.1,22.229166666666668,54.79166666666666,15.383333333333333,23.4125,58.0,17.254166666666666,26.75,69.16666666666667,18.116666666666667,22.60277777777777,57.05555555555557,15.223611111111111,24.992261904761904,65.56547619047619,14.519642857142856,996.25,0.2166666666665833,1,0.7905097094223927,0.6124495075587245,0.7435951571590568,1.0,323,11,-0.5000000000000004,0.8660254037844384,Moderate,Moderate,Moderate
2023-11-20,31.3,22.60833333333333,64.20833333333333,994.0208333333334,10.295833333333333,45.3352458370814,Moderate,27.2,23.2,12.5,27.23333333333333,18.885714285714283,18.8,22.166666666666668,58.375,13.033333333333331,22.229166666666668,54.79166666666666,15.383333333333333,23.4125,58.0,17.254166666666666,22.334722222222226,59.125,12.904166666666669,24.373214285714283,63.45833333333333,14.617261904761904,995.1041666666666,-3.012499999999818,1,0.711232036761243,0.7029573172564987,0.2353302715719067,2.0,324,11,-0.5000000000000004,0.8660254037844384,Moderate,Moderate,Moderate
2023-11-21,33.5,23.46666666666667,67.375,992.1291666666666,7.725,43.03677977975161,Moderate,31.3,27.2,23.2,30.666666666666668,21.871428571428574,10.3,22.60833333333333,64.20833333333333,10.295833333333333,22.166666666666668,58.375,13.033333333333331,22.229166666666668,54.79166666666666,15.383333333333333,22.74722222222222,63.31944444444445,10.351388888888888,23.85833333333333,63.16666666666666,13.417857142857144,994.0208333333334,-4.120833333333394,1,0.682467696119425,0.730915756947026,-0.0276382642535561,2.0,325,11,-0.5000000000000004,0.8660254037844384,Moderate,Moderate,Good
2023-11-22,37.0,24.02083333333333,69.625,990.6583333333332,7.620833333333334,39.53889718502485,Moderate,33.5,31.3,27.2,33.93333333333334,25.4,9.8,23.46666666666667,67.375,7.725,22.60833333333333,64.20833333333333,10.295833333333333,22.166666666666668,58.375,13.033333333333331,23.365277777777774,67.06944444444444,8.547222222222222,23.52202380952381,63.07738095238095,12.77559523809524,992.1291666666666,-4.445833333333439,1,0.6366019172024642,0.7711925823127106,-0.0840745159494626,2.0,326,11,-0.5000000000000004,0.8660254037844384,Moderate,Good,Good
2023-11-23,34.4,24.92083333333333,69.75,990.5708333333332,8.770833333333334,40.62480512435246,Moderate,37.0,33.5,31.3,34.96666666666667,28.442857142857143,3.099999999999998,24.02083333333333,69.625,7.620833333333334,23.46666666666667,67.375,7.725,22.60833333333333,64.20833333333333,10.295833333333333,24.136111111111106,68.91666666666667,8.03888888888889,23.260714285714283,63.160714285714285,11.44047619047619,990.6583333333332,-3.450000000000159,1,0.6511028684241861,0.7589894957967449,-0.1167534423229913,2.0,327,11,-0.5000000000000004,0.8660254037844384,Good,Good,Moderate
2023-11-24,21.8,25.741666666666664,64.875,991.9666666666668,14.35,53.719469729326704,Good,34.4,37.0,33.5,31.066666666666663,29.77142857142857,-11.7,24.92083333333333,69.75,8.770833333333334,24.02083333333333,69.625,7.620833333333334,23.46666666666667,67.375,7.725,24.894444444444435,68.08333333333333,10.247222222222222,23.59345238095238,64.14285714285714,11.025595238095235,990.5708333333332,-0.1624999999997953,1,0.8061294082337804,0.5917392814243913,-0.2115711494536495,2.0,328,11,-0.5000000000000004,0.8660254037844384,Good,Moderate,Good
2023-11-25,24.3,25.48333333333333,61.625,992.5666666666666,13.491666666666667,42.404325214058815,Good,21.8,34.4,37.0,26.83333333333333,29.928571428571427,-12.7,25.741666666666664,64.875,14.35,24.92083333333333,69.75,8.770833333333334,24.02083333333333,69.625,7.620833333333334,25.38194444444444,65.41666666666667,12.204166666666667,24.058333333333334,65.11904761904762,10.75535714285714,991.9666666666668,1.9083333333334167,1,0.6743581310846051,0.7384044359563928,-0.2240899323599308,1.0,329,11,-0.5000000000000004,0.8660254037844384,Moderate,Good,Moderate
2023-11-26,33.0,25.65,70.16666666666667,992.9958333333334,14.891666666666666,47.25781394890623,Moderate,24.3,21.8,34.4,26.366666666666664,30.75714285714286,-1.3999999999999986,25.48333333333333,61.625,13.491666666666667,25.741666666666664,64.875,14.35,24.92083333333333,69.75,8.770833333333334,25.625,65.55555555555556,14.244444444444444,24.55595238095238,66.80357142857143,11.020833333333332,992.5666666666666,2.425000000000182,1,0.7344150768656572,0.6787005929512739,-0.2762251469325238,1.0,330,11,-0.5000000000000004,0.8660254037844384,Good,Moderate,Unhealthy
2023-11-27,17.0,25.39583333333333,66.83333333333333,992.8916666666668,14.225,51.2851852925786,Good,33.0,24.3,21.8,24.76666666666667,28.714285714285715,-4.800000000000001,25.65,70.16666666666667,14.891666666666666,25.48333333333333,61.625,13.491666666666667,25.741666666666664,64.875,14.35,25.50972222222222,66.20833333333333,14.202777777777778,24.954166666666666,67.17857142857143,11.582142857142856,992.9958333333334,0.9249999999999544,1,0.780268715120446,0.6254444277506102,-0.0964004714410925,2.0,331,11,-0.5000000000000004,0.8660254037844384,Moderate,Unhealthy,Unhealthy
2023-11-28,35.3,24.2,62.16666666666666,992.2291666666666,13.995833333333332,57.05057479235962,Moderate,17.0,33.0,24.3,28.433333333333334,28.97142857142857,10.999999999999996,25.39583333333333,66.83333333333333,14.225,25.65,70.16666666666667,14.891666666666666,25.48333333333333,61.625,13.491666666666667,25.081944444444435,66.3888888888889,14.370833333333332,25.05892857142857,66.43452380952381,12.47797619047619,992.8916666666668,-0.3374999999999772,1,0.839150992205563,0.543898531235762,-0.0183277063458981,1.0,332,11,-0.5000000000000004,0.8660254037844384,Unhealthy,Unhealthy,Good
2023-11-29,37.9,23.979166666666668,67.625,992.3,8.991666666666667,40.162441895965685,Unhealthy,35.3,17.0,33.0,30.066666666666663,29.1,4.899999999999999,24.2,62.16666666666666,13.995833333333332,25.39583333333333,66.83333333333333,14.225,25.65,70.16666666666667,14.891666666666666,24.524999999999995,65.54166666666667,12.404166666666669,25.052976190476187,66.14880952380953,12.673809523809524,992.2291666666666,-0.6958333333334394,1,0.6449568711818551,0.7642189701357275,0.2688513046935771,2.0,333,11,-0.5000000000000004,0.8660254037844384,Unhealthy,Good,Very Good
2023-11-30,39.0,25.89583333333333,69.54166666666667,992.4541666666668,9.645833333333334,45.818119350431004,Unhealthy,37.9,35.3,17.0,37.4,29.75714285714286,22.0,23.979166666666668,67.625,8.991666666666667,24.2,62.16666666666666,13.995833333333332,25.39583333333333,66.83333333333333,14.225,24.691666666666663,66.44444444444444,10.877777777777778,25.192261904761903,66.11904761904762,12.798809523809524,992.3,-0.4375,1,0.7171310449098584,0.6969383505206861,0.0747955994033165,3.0,334,11,-0.5000000000000004,0.8660254037844384,Good,Very Good,Very Good
2023-12-01,23.4,26.445833333333336,73.66666666666667,991.9208333333332,12.670833333333334,51.998491220606354,Good,39.0,37.9,35.3,33.43333333333333,29.985714285714284,-11.9,25.89583333333333,69.54166666666667,9.645833333333334,23.979166666666668,67.625,8.991666666666667,24.2,62.16666666666666,13.995833333333332,25.440277777777776,70.27777777777779,10.436111111111112,25.29285714285714,67.375,12.55892857142857,992.4541666666668,-0.3083333333333939,1,0.7879945410163807,0.6156822259318386,-0.2315544419927421,3.0,335,12,-2.4492935982947064e-16,1.0,Very Good,Very Good,Good
2023-12-02,14.5,26.541666666666668,72.45833333333333,992.1625,12.8875,57.280672828806416,Very Good,23.4,39.0,37.9,25.633333333333336,28.58571428571428,-23.4,26.445833333333336,73.66666666666667,12.670833333333334,25.89583333333333,69.54166666666667,9.645833333333334,23.979166666666668,67.625,8.991666666666667,26.29444444444444,71.8888888888889,11.734722222222222,25.444047619047616,68.92261904761905,12.472619047619048,991.9208333333332,-0.1374999999999318,1,0.8413284987097359,0.5405241504861942,-0.403127282916524,1.0,336,12,-2.4492935982947064e-16,1.0,Very Good,Good,Good
2023-12-03,13.3,26.320833333333336,70.83333333333333,992.3833333333332,12.970833333333331,55.74292012426138,Very Good,14.5,23.4,39.0,17.066666666666666,25.77142857142857,-25.7,26.541666666666668,72.45833333333333,12.8875,26.445833333333336,73.66666666666667,12.670833333333334,25.89583333333333,69.54166666666667,9.645833333333334,26.436111111111117,72.31944444444444,12.843055555555557,25.53988095238095,69.01785714285714,12.198214285714286,992.1625,-0.0708333333335531,1,0.8265201986202616,0.5629070627312499,-0.1323739929313574,0.0,337,12,-2.4492935982947064e-16,1.0,Good,Good,Moderate
2023-12-04,22.2,25.775,74.54166666666667,991.9041666666668,8.779166666666667,64.9106669658953,Good,13.3,14.5,23.4,16.666666666666668,26.51428571428571,-1.1999999999999993,26.320833333333336,70.83333333333333,12.970833333333331,26.541666666666668,72.45833333333333,12.8875,26.445833333333336,73.66666666666667,12.670833333333334,26.212499999999995,72.61111111111111,11.545833333333333,25.594047619047625,70.11904761904762,11.420238095238094,992.3833333333332,-0.0166666666664241,1,0.9056477580828072,0.4240308223226058,0.1500754067905932,0.0,338,12,-2.4492935982947064e-16,1.0,Good,Moderate,Good
2023-12-05,21.0,26.229166666666668,74.54166666666667,990.9333333333334,7.4125,76.25174353704892,Good,22.2,13.3,14.5,18.83333333333333,24.47142857142857,6.5,25.775,74.54166666666667,8.779166666666667,26.320833333333336,70.83333333333333,12.970833333333331,26.541666666666668,72.45833333333333,12.8875,26.10833333333333,73.30555555555556,9.720833333333331,25.883928571428573,71.88690476190476,10.479761904761904,991.9041666666668,-1.2291666666666288,1,0.9713493022550688,0.2376563338280528,0.1899982902515343,1.0,339,12,-2.4492935982947064e-16,1.0,Moderate,Good,Moderate
2023-12-06,28.1,27.245833333333334,70.83333333333333,991.4875,6.766666666666667,52.348057015576615,Moderate,21.0,22.2,13.3,23.76666666666667,23.071428571428573,14.8,26.229166666666668,74.54166666666667,7.4125,25.775,74.54166666666667,8.779166666666667,26.320833333333336,70.83333333333333,12.970833333333331,26.416666666666668,73.30555555555556,7.652777777777778,26.35059523809524,72.34523809523809,10.16190476190476,990.9333333333334,-0.8958333333332575,1,0.7917361748233475,0.6108631839259048,0.2554309582019607,1.0,340,12,-2.4492935982947064e-16,1.0,Good,Moderate,Unhealthy
2023-12-07,19.1,26.125,65.08333333333333,992.6,12.633333333333333,76.71116552209527,Good,28.1,21.0,22.2,22.73333333333333,20.228571428571428,-3.099999999999998,27.245833333333334,70.83333333333333,6.766666666666667,26.229166666666668,74.54166666666667,7.4125,25.775,74.54166666666667,8.779166666666667,26.53333333333333,70.15277777777777,8.9375,26.383333333333333,71.70833333333334,10.588690476190475,991.4875,0.6958333333332121,1,0.9732236852688236,0.2298600844682913,0.3255286429346843,2.0,341,12,-2.4492935982947064e-16,1.0,Moderate,Unhealthy,Unhealthy
2023-12-08,26.8,25.3125,67.70833333333333,991.95,5.904166666666666,66.70013449141413,Moderate,19.1,28.1,21.0,24.666666666666668,20.714285714285715,5.800000000000001,26.125,65.08333333333333,12.633333333333333,27.245833333333334,70.83333333333333,6.766666666666667,26.229166666666668,74.54166666666667,7.4125,26.22777777777777,67.875,8.434722222222222,26.22142857142857,70.85714285714286,9.62202380952381,992.6,1.0166666666666515,1,0.9184473098116318,0.3955433466761592,0.5344180839178215,1.0,342,12,-2.4492935982947064e-16,1.0,Unhealthy,Unhealthy,Moderate
2023-12-09,37.9,26.133333333333336,70.33333333333333,990.3916666666668,4.1875,80.63895141706598,Unhealthy,26.8,19.1,28.1,27.933333333333337,24.057142857142857,9.799999999999995,25.3125,67.70833333333333,5.904166666666666,26.125,65.08333333333333,12.633333333333333,27.245833333333334,70.83333333333333,6.766666666666667,25.85694444444444,67.70833333333333,7.574999999999999,26.16309523809524,70.55357142857142,8.379166666666666,991.95,-1.095833333333189,1,0.9866829675833292,0.1626552227287986,0.5072005325270275,2.0,343,12,-2.4492935982947064e-16,1.0,Unhealthy,Moderate,Unhealthy
2023-12-10,37.6,26.879166666666663,68.125,988.9083333333332,4.825,154.9948242284837,Unhealthy,37.9,26.8,19.1,34.1,27.52857142857143,18.5,26.133333333333336,70.33333333333333,4.1875,25.3125,67.70833333333333,5.904166666666666,26.125,65.08333333333333,12.633333333333333,26.10833333333333,68.72222222222223,4.972222222222221,26.24285714285714,70.16666666666666,7.21547619047619,990.3916666666668,-3.6916666666668334,0,0.4227001306543463,-0.9062696064333166,0.3202909503328715,3.0,344,12,-2.4492935982947064e-16,1.0,Moderate,Unhealthy,Moderate
2023-12-11,31.9,27.29583333333333,70.45833333333333,989.7666666666668,5.341666666666666,108.08420606822015,Moderate,37.6,37.9,26.8,35.800000000000004,28.914285714285715,5.099999999999998,26.879166666666663,68.125,4.825,26.133333333333336,70.33333333333333,4.1875,25.3125,67.70833333333333,5.904166666666666,26.76944444444444,69.6388888888889,4.784722222222221,26.46011904761905,69.58333333333334,6.724404761904762,988.9083333333332,-2.1833333333332803,0,0.9506013353701102,-0.3104144023600762,0.2133504958759979,3.0,345,12,-2.4492935982947064e-16,1.0,Unhealthy,Moderate,Moderate
2023-12-12,38.0,27.241666666666664,69.45833333333333,990.0333333333332,6.670833333333333,90.79690648625872,Unhealthy,31.9,37.6,37.9,35.833333333333336,31.342857142857145,0.1000000000000014,27.29583333333333,70.45833333333333,5.341666666666666,26.879166666666663,68.125,4.825,26.133333333333336,70.33333333333333,4.1875,27.13888888888888,69.34722222222223,5.6125,26.604761904761904,68.85714285714286,6.618452380952381,989.7666666666668,-0.3583333333335758,0,0.999903276397922,-0.0139081935815034,0.3010702647509153,2.0,346,12,-2.4492935982947064e-16,1.0,Moderate,Moderate,Moderate
2023-12-13,37.3,26.225,69.0,992.0,8.5625,62.85228750648412,Moderate,38.0,31.9,37.6,35.73333333333334,32.65714285714286,-0.3000000000000042,27.241666666666664,69.45833333333333,6.670833333333333,27.29583333333333,70.45833333333333,5.341666666666666,26.879166666666663,68.125,4.825,26.92083333333333,69.6388888888889,6.858333333333332,26.45892857142857,68.59523809523809,6.875,990.0333333333332,3.0916666666668107,1,0.889833145478822,0.4562860651030949,0.6649804442216821,3.0,347,12,-2.4492935982947064e-16,1.0,Moderate,Moderate,Unhealthy
2023-12-14,30.9,26.325,70.16666666666667,992.475,7.575,56.1675822719024,Moderate,37.3,38.0,31.9,35.4,34.34285714285714,-1.0,26.225,69.0,8.5625,27.241666666666664,69.45833333333333,6.670833333333333,27.29583333333333,70.45833333333333,5.341666666666666,26.597222222222214,69.54166666666667,7.602777777777778,26.4875,69.32142857142857,6.152380952380952,992.0,2.708333333333257,1,0.8306695863967151,0.556765694197757,0.6859530507501809,2.0,348,12,-2.4492935982947064e-16,1.0,Moderate,Unhealthy,Moderate
2023-12-15,31.9,26.83333333333333,67.95833333333333,991.6208333333334,6.033333333333334,67.77966630509718,Moderate,30.9,37.3,38.0,33.36666666666667,35.07142857142857,-6.100000000000001,26.325,70.16666666666667,7.575,26.225,69.0,8.5625,27.241666666666664,69.45833333333333,6.670833333333333,26.46111111111111,69.04166666666667,7.390277777777778,26.704761904761902,69.35714285714286,6.170833333333333,992.475,1.5875000000002046,1,0.9257364346190116,0.3781693451601818,0.5273176198702755,2.0,349,12,-2.4492935982947064e-16,1.0,Unhealthy,Moderate,Good
2023-12-16,40.3,27.10833333333333,67.33333333333333,991.45,7.083333333333333,40.94888010377832,Unhealthy,31.9,30.9,37.3,34.36666666666667,35.41428571428571,3.0,26.83333333333333,67.95833333333333,6.033333333333334,26.325,70.16666666666667,7.575,26.225,69.0,8.5625,26.75555555555555,68.48611111111111,6.897222222222222,26.84404761904762,68.92857142857143,6.58452380952381,991.6208333333334,-0.5499999999999545,1,0.6553854081416883,0.7552946225116081,0.3408432355049717,2.0,350,12,-2.4492935982947064e-16,1.0,Moderate,Good,Moderate
2023-12-17,28.4,26.491666666666664,63.5,993.0708333333332,16.170833333333334,64.91654237725857,Moderate,40.3,31.9,30.9,33.53333333333333,34.1,-2.5,27.10833333333333,67.33333333333333,7.083333333333333,26.83333333333333,67.95833333333333,6.033333333333334,26.325,70.16666666666667,7.575,26.811111111111103,66.2638888888889,9.7625,26.788690476190474,68.26785714285714,8.205357142857142,991.45,0.5958333333331893,1,0.9056912356775658,0.4239379501965397,0.3143312688729413,3.0,351,12,-2.4492935982947064e-16,1.0,Good,Moderate,Good
2023-12-18,16.9,24.058333333333334,65.95833333333333,994.1,9.404166666666669,46.0752645795572,Good,28.4,40.3,31.9,28.53333333333333,31.957142857142856,-15.0,26.491666666666664,63.5,16.170833333333334,27.10833333333333,67.33333333333333,7.083333333333333,26.83333333333333,67.95833333333333,6.033333333333334,25.886111111111106,65.59722222222223,10.886111111111113,26.326190476190472,67.62499999999999,8.785714285714286,993.0708333333332,2.4791666666666288,1,0.7202516928989775,0.69371283603243,0.8022971500524143,2.0,352,12,-2.4492935982947064e-16,1.0,Moderate,Good,Good
2023-12-19,27.5,25.40416666666667,69.70833333333333,993.4375,8.7875,48.06490285900986,Moderate,16.9,28.4,40.3,24.26666666666667,30.457142857142856,-12.799999999999995,24.058333333333334,65.95833333333333,9.404166666666669,26.491666666666664,63.5,16.170833333333334,27.10833333333333,67.33333333333333,7.083333333333333,25.31805555555555,66.3888888888889,11.454166666666667,26.06369047619048,67.66071428571429,9.08809523809524,994.1,1.9874999999999543,1,0.7439023186560169,0.6682883661251346,0.4902209832367375,1.0,353,12,-2.4492935982947064e-16,1.0,Good,Good,Good
2023-12-20,21.5,25.129166666666663,61.75,993.6041666666666,14.125,59.67224722311915,Good,27.5,16.9,28.4,21.96666666666667,28.2,-6.899999999999999,25.40416666666667,69.70833333333333,8.7875,24.058333333333334,65.95833333333333,9.404166666666669,26.491666666666664,63.5,16.170833333333334,24.863888888888884,65.80555555555556,10.772222222222224,25.90714285714285,66.625,9.882738095238096,993.4375,0.5333333333334167,1,0.8631510675858729,0.5049457738464278,0.5216719764299994,2.0,354,12,-2.4492935982947064e-16,1.0,Good,Good,Good
2023-12-21,15.7,22.316666666666663,56.41666666666666,995.4041666666668,16.595833333333335,57.9969805897104,Good,21.5,27.5,16.9,21.566666666666663,26.02857142857143,-1.1999999999999993,25.129166666666663,61.75,14.125,25.40416666666667,69.70833333333333,8.7875,24.058333333333334,65.95833333333333,9.404166666666669,24.283333333333328,62.625,13.169444444444444,25.334523809523805,64.66071428571429,11.171428571428573,993.6041666666666,1.304166666666788,1,0.8480201689484856,0.5299639544880216,0.5053744288283297,1.0,355,12,-2.4492935982947064e-16,1.0,Good,Good,Moderate
2023-12-22,19.8,19.6625,54.083333333333336,998.2291666666666,19.308333333333334,57.48910383800381,Good,15.7,21.5,27.5,19.000000000000004,24.3,-7.699999999999999,22.316666666666663,56.41666666666666,16.595833333333335,25.129166666666663,61.75,14.125,25.40416666666667,69.70833333333333,8.7875,22.36944444444444,57.41666666666666,16.67638888888889,24.310119047619047,62.67857142857142,13.067857142857145,995.4041666666668,4.791666666666629,1,0.8432892501989872,0.5374599896725617,1.0954065219967108,1.0,356,12,-2.4492935982947064e-16,1.0,Good,Moderate,Moderate
2023-12-23,24.1,18.95,54.083333333333336,999.0791666666668,16.837500000000002,48.46114665105699,Good,19.8,15.7,21.5,19.86666666666667,21.985714285714288,2.6000000000000014,19.6625,54.083333333333336,19.308333333333334,22.316666666666663,56.41666666666666,16.595833333333335,25.129166666666663,61.75,14.125,20.309722222222216,54.86111111111112,17.580555555555556,23.144642857142856,60.785714285714285,14.461309523809527,998.2291666666666,5.475000000000136,1,0.7485062134669228,0.6631277768284249,1.157044074544619,1.0,357,12,-2.4492935982947064e-16,1.0,Moderate,Moderate,Unhealthy
2023-12-24,29.7,20.325,53.208333333333336,999.4125,16.666666666666668,50.28025793658743,Moderate,24.1,19.8,15.7,24.53333333333333,22.17142857142857,14.0,18.95,54.083333333333336,16.837500000000002,19.6625,54.083333333333336,19.308333333333334,22.316666666666663,56.41666666666666,16.595833333333335,19.64583333333333,53.79166666666668,17.604166666666668,22.26369047619048,59.31547619047619,14.532142857142857,999.0791666666668,4.008333333333212,1,0.769179412978833,0.639032886985903,0.4644339073175649,1.0,358,12,-2.4492935982947064e-16,1.0,Moderate,Unhealthy,Unhealthy
2023-12-25,32.9,19.804166666666667,51.41666666666666,998.3208333333332,14.3375,55.5137879556819,Moderate,29.7,24.1,19.8,28.9,24.457142857142856,13.099999999999998,20.325,53.208333333333336,16.666666666666668,18.95,54.083333333333336,16.837500000000002,19.6625,54.083333333333336,19.308333333333334,19.69305555555555,52.90277777777778,15.947222222222225,21.65595238095238,57.23809523809524,15.236904761904762,999.4125,0.0916666666665833,1,0.8242624677137039,0.5662078984953453,0.1676871479715664,2.0,359,12,-2.4492935982947064e-16,1.0,Unhealthy,Unhealthy,Moderate
2023-12-26,41.9,20.991666666666667,60.875,997.3041666666668,9.658333333333331,60.508941876560186,Unhealthy,32.9,29.7,24.1,34.833333333333336,26.514285714285712,17.799999999999997,19.804166666666667,51.41666666666666,14.3375,20.325,53.208333333333336,16.666666666666668,18.95,54.083333333333336,16.837500000000002,20.373611111111103,55.16666666666666,13.554166666666667,21.02559523809524,55.97619047619048,15.361309523809524,998.3208333333332,-1.7749999999999773,1,0.8704325355153766,0.4922877218825112,-0.0015249812864947,2.0,360,12,-2.4492935982947064e-16,1.0,Unhealthy,Moderate,Moderate
2023-12-27,38.2,23.2,62.625,996.625,10.725,41.52218400709927,Unhealthy,41.9,32.9,29.7,37.66666666666666,28.9,8.500000000000004,20.991666666666667,60.875,9.658333333333331,19.804166666666667,51.41666666666666,14.3375,20.325,53.208333333333336,16.666666666666668,21.33194444444444,58.30555555555555,11.573611111111113,20.75,56.10119047619048,14.875595238095238,997.3041666666668,-2.7875000000000227,1,0.662909982187046,0.7486991087992361,0.0021202815003749,3.0,361,12,-2.4492935982947064e-16,1.0,Moderate,Moderate,Moderate
2023-12-28,33.8,24.0375,64.95833333333333,994.9833333333332,9.320833333333333,39.9951053606722,Moderate,38.2,41.9,32.9,37.96666666666667,31.485714285714288,0.8999999999999986,23.2,62.625,10.725,20.991666666666667,60.875,9.658333333333331,19.804166666666667,51.41666666666666,14.3375,22.743055555555557,62.81944444444445,9.901388888888889,20.995833333333334,57.32142857142857,13.836309523809524,996.625,-3.3374999999999773,1,0.6427221660243336,0.7660993521084514,-0.2135959770407182,3.0,362,12,-2.4492935982947064e-16,1.0,Moderate,Moderate,Good
2023-12-29,28.9,25.0125,64.79166666666667,993.625,8.529166666666667,37.66226649789662,Moderate,33.8,38.2,41.9,33.63333333333333,32.785714285714285,-13.0,24.0375,64.95833333333333,9.320833333333333,23.2,62.625,10.725,20.991666666666667,60.875,9.658333333333331,24.08333333333333,64.125,9.525,21.76011904761905,58.85119047619048,12.296428571428573,994.9833333333332,-3.679166666666788,1,0.6110058284795704,0.7916260970710818,-0.2705490574903103,2.0,363,12,-2.4492935982947064e-16,1.0,Moderate,Good,Moderate
2023-12-30,27.2,25.325,68.54166666666667,992.2625,8.091666666666667,35.650803455821745,Moderate,28.9,33.8,38.2,29.96666666666667,33.22857142857143,-11.000000000000004,25.0125,64.79166666666667,8.529166666666667,24.0375,64.95833333333333,9.320833333333333,23.2,62.625,10.725,24.791666666666668,66.09722222222223,8.647222222222222,22.67083333333333,60.91666666666666,11.047023809523813,993.625,-4.3624999999999545,1,0.5828437075684028,0.8125842802736946,0.017111602649708,2.0,364,12,-2.4492935982947064e-16,1.0,Good,Moderate,Good
2023-12-31,23.9,25.6125,68.45833333333333,992.225,7.545833333333333,37.547922668213005,Good,27.2,28.9,33.8,26.666666666666668,32.4,-9.9,25.325,68.54166666666667,8.091666666666667,25.0125,64.79166666666667,8.529166666666667,24.0375,64.95833333333333,9.320833333333333,25.316666666666663,67.2638888888889,8.055555555555555,23.426190476190477,63.095238095238095,9.74404761904762,992.2625,-2.758333333333212,1,0.6094247833486997,0.7928438897036355,0.1725250790255188,2.0,365,12,-2.4492935982947064e-16,1.0,Moderate,Good,Moderate
2024-01-01,26.5,25.679166666666664,66.25,991.8958333333334,7.895833333333333,52.90052012528338,Moderate,23.9,27.2,28.9,25.86666666666667,31.485714285714284,-2.3999999999999986,25.6125,68.45833333333333,7.545833333333333,25.325,68.54166666666667,8.091666666666667,25.0125,64.79166666666667,8.529166666666667,25.53888888888888,67.75,7.844444444444444,24.265476190476196,65.21428571428571,8.823809523809524,992.225,-1.7291666666666288,1,0.7975894046533832,0.6032007473343031,0.3196733816329163,1.0,1,1,0.4999999999999999,0.8660254037844387,Good,Moderate,Moderate
2024-01-02,23.7,25.53333333333333,63.66666666666666,991.6416666666668,7.370833333333334,39.80446452798856,Good,26.5,23.9,27.2,24.7,28.885714285714283,-3.5,25.679166666666664,66.25,7.895833333333333,25.6125,68.45833333333333,7.545833333333333,25.325,68.54166666666667,8.091666666666667,25.60833333333333,66.125,7.604166666666667,24.914285714285715,65.61309523809523,8.497023809523808,991.8958333333334,-0.6208333333332803,1,0.6401695627415422,0.7682336434570557,0.3997080840906066,2.0,2,1,0.4999999999999999,0.8660254037844387,Moderate,Moderate,Moderate
2024-01-03,32.2,24.975,62.0,991.9291666666668,8.4625,45.35035722954149,Moderate,23.7,26.5,23.9,27.46666666666667,28.02857142857143,8.300000000000004,25.53333333333333,63.66666666666666,7.370833333333334,25.679166666666664,66.25,7.895833333333333,25.6125,68.45833333333333,7.545833333333333,25.39583333333333,63.97222222222223,7.909722222222221,25.16785714285714,65.52380952380952,8.173809523809522,991.6416666666668,-0.2958333333332348,1,0.7114174124826614,0.7027697099452102,0.5410819593553696,1.0,3,1,0.4999999999999999,0.8660254037844387,Moderate,Moderate,Moderate
2024-01-04,26.4,24.704166666666666,66.45833333333333,992.625,9.320833333333333,50.09849376390025,Moderate,32.2,23.7,26.5,27.433333333333337,26.97142857142857,-0.1000000000000014,24.975,62.0,8.4625,25.53333333333333,63.66666666666666,7.370833333333334,25.679166666666664,66.25,7.895833333333333,25.07083333333333,64.04166666666667,8.384722222222223,25.26309523809524,65.73809523809523,8.173809523809522,991.9291666666668,0.7291666666666288,1,0.7671482886224413,0.6414697991828293,0.6167293878702741,2.0,4,1,0.4999999999999999,0.8660254037844387,Moderate,Moderate,Moderate
2024-01-05,29.6,24.6,64.75,992.7625,7.166666666666667,51.31386811962796,Moderate,26.4,32.2,23.7,29.40000000000001,27.071428571428573,5.900000000000002,24.704166666666666,66.45833333333333,9.320833333333333,24.975,62.0,8.4625,25.53333333333333,63.66666666666666,7.370833333333334,24.759722222222223,64.40277777777779,8.316666666666666,25.20416666666667,65.73214285714286,7.979166666666667,992.625,1.1208333333332805,1,0.7805817209273622,0.6250537392529362,0.6305255211672952,2.0,5,1,0.4999999999999999,0.8660254037844387,Moderate,Moderate,Moderate
2024-01-06,32.2,24.48333333333333,62.66666666666666,992.95,7.858333333333333,46.453729284089206,Moderate,29.6,26.4,32.2,29.40000000000001,27.785714285714285,0.0,24.6,64.75,7.166666666666667,24.704166666666666,66.45833333333333,9.320833333333333,24.975,62.0,8.4625,24.59583333333333,64.625,8.115277777777777,25.08392857142857,64.89285714285714,7.945833333333334,992.7625,1.0208333333332575,1,0.7248182356667703,0.6889401463443035,0.5946622050613694,2.0,6,1,0.4999999999999999,0.8660254037844387,Moderate,Moderate,Unhealthy
2024-01-07,34.7,24.266666666666666,65.58333333333333,993.2416666666668,7.7,51.65510498019728,Moderate,32.2,29.6,26.4,32.16666666666667,29.32857142857143,8.300000000000004,24.48333333333333,62.66666666666666,7.858333333333333,24.6,64.75,7.166666666666667,24.704166666666666,66.45833333333333,9.320833333333333,24.45,64.33333333333333,7.575,24.89166666666667,64.48214285714285,7.9678571428571425,992.95,0.6166666666667879,1,0.7842904919429459,0.6203937654811594,0.6727668688842524,2.0,7,1,0.4999999999999999,0.8660254037844387,Moderate,Unhealthy,Unhealthy
2024-01-08,37.5,24.65,67.54166666666667,992.3375,6.825,56.09299461445124,Moderate,34.7,32.2,29.6,34.800000000000004,30.9,7.899999999999999,24.266666666666666,65.58333333333333,7.7,24.48333333333333,62.66666666666666,7.858333333333333,24.6,64.75,7.166666666666667,24.466666666666665,65.2638888888889,7.461111111111111,24.744642857142853,64.66666666666666,7.814880952380952,993.2416666666668,-0.4250000000000682,1,0.8299440850461823,0.5578465879584236,0.5114390429546083,2.0,8,1,0.4999999999999999,0.8660254037844387,Unhealthy,Unhealthy,Unhealthy
2024-01-09,43.1,26.070833333333336,64.875,991.025,4.775,86.98849676808898,Unhealthy,37.5,34.7,32.2,38.43333333333334,33.67142857142857,10.9,24.65,67.54166666666667,6.825,24.266666666666666,65.58333333333333,7.7,24.48333333333333,62.66666666666666,7.858333333333333,24.995833333333326,66.00000000000001,6.433333333333334,24.821428571428573,64.83928571428571,7.444047619047619,992.3375,-1.925000000000068,1,0.9986190071763084,0.052536449310969,0.2274888326988286,2.0,9,1,0.4999999999999999,0.8660254037844387,Unhealthy,Unhealthy,Unhealthy
2024-01-10,46.3,27.09583333333333,62.125,990.1583333333332,6.6625000000000005,118.1384901669727,Unhealthy,43.1,37.5,34.7,42.3,35.68571428571429,11.599999999999994,26.070833333333336,64.875,4.775,24.65,67.54166666666667,6.825,24.266666666666666,65.58333333333333,7.7,25.938888888888886,64.84722222222223,6.087500000000001,25.124404761904763,64.85714285714286,7.186904761904763,991.025,-3.0833333333335986,0,0.8818102505655234,-0.4716043702061812,-0.0351958915927231,3.0,10,1,0.4999999999999999,0.8660254037844387,Unhealthy,Unhealthy,Unhealthy
2024-01-11,41.0,27.225,65.20833333333333,990.8458333333332,5.970833333333334,97.3648335825702,Unhealthy,46.3,43.1,37.5,43.46666666666667,37.771428571428565,3.5,27.09583333333333,62.125,6.6625000000000005,26.070833333333336,64.875,4.775,24.65,67.54166666666667,6.825,26.79722222222222,64.06944444444446,5.802777777777778,25.48452380952381,64.67857142857142,6.708333333333334,990.1583333333332,-1.491666666666788,0,0.9917500264339842,-0.1281869145747395,0.1076193331296232,3.0,11,1,0.4999999999999999,0.8660254037844387,Unhealthy,Unhealthy,Moderate
2024-01-12,42.3,27.6,65.375,990.3041666666668,6.8375,114.33919469273452,Unhealthy,41.0,46.3,43.1,43.2,39.58571428571429,-0.8000000000000043,27.225,65.20833333333333,5.970833333333334,27.09583333333333,62.125,6.6625000000000005,26.070833333333336,64.875,4.775,27.30694444444444,64.23611111111113,6.490277777777778,25.913095238095234,64.76785714285714,6.661309523809523,990.8458333333332,-0.7208333333331893,0,0.9111215561305848,-0.4121377317768678,0.160032092391424,3.0,12,1,0.4999999999999999,0.8660254037844387,Unhealthy,Moderate,Moderate
2024-01-13,39.5,27.179166666666664,66.16666666666667,991.0166666666668,7.925,59.1723894282822,Unhealthy,42.3,41.0,46.3,40.93333333333334,40.62857142857143,-6.799999999999997,27.6,65.375,6.8375,27.225,65.20833333333333,5.970833333333334,27.09583333333333,62.125,6.6625000000000005,27.334722222222226,65.58333333333334,6.911111111111111,26.298214285714288,65.26785714285714,6.670833333333333,990.3041666666668,0.8583333333335759,1,0.8587130461116068,0.5124567342105336,0.434576346033839,3.0,13,1,0.4999999999999999,0.8660254037844387,Moderate,Moderate,Moderate
2024-01-14,37.1,26.129166666666663,61.41666666666666,992.6916666666666,9.758333333333333,51.010972344952336,Moderate,39.5,42.3,41.0,39.63333333333333,40.971428571428575,-3.899999999999999,27.179166666666664,66.16666666666667,7.925,27.6,65.375,6.8375,27.225,65.20833333333333,5.970833333333334,26.96944444444444,64.31944444444444,8.173611111111112,26.564285714285717,64.67261904761905,6.964880952380953,991.0166666666668,1.8458333333334167,1,0.7772664642923693,0.6291715533035795,0.6670847964437864,3.0,14,1,0.4999999999999999,0.8660254037844387,Moderate,Moderate,Moderate
2024-01-15,29.7,25.3625,61.125,992.8041666666668,10.870833333333332,58.52524392292696,Moderate,37.1,39.5,42.3,35.43333333333334,39.85714285714285,-12.599999999999998,26.129166666666663,61.41666666666666,9.758333333333333,27.179166666666664,66.16666666666667,7.925,27.6,65.375,6.8375,26.223611111111108,62.90277777777779,9.518055555555556,26.66607142857143,63.75595238095237,7.542857142857143,992.6916666666666,2.5,1,0.8528702890083233,0.5221228496502132,0.7295630058567099,2.0,15,1,0.4999999999999999,0.8660254037844387,Moderate,Moderate,Unhealthy
2024-01-16,26.7,24.891666666666666,61.25,992.3541666666666,8.924999999999999,50.711062409172655,Moderate,29.7,37.1,39.5,31.166666666666668,37.51428571428572,-12.8,25.3625,61.125,10.870833333333332,26.129166666666663,61.41666666666666,9.758333333333333,27.179166666666664,66.16666666666667,7.925,25.46111111111111,61.26388888888889,9.85138888888889,26.497619047619047,63.238095238095234,8.135714285714286,992.8041666666668,1.3374999999998636,1,0.7739624856074929,0.6332314512658633,0.6575060712141567,2.0,16,1,0.4999999999999999,0.8660254037844387,Moderate,Unhealthy,Unhealthy
2024-01-17,29.2,24.695833333333336,62.708333333333336,992.0041666666666,7.670833333333333,57.7401246910356,Moderate,26.7,29.7,37.1,28.53333333333333,35.07142857142857,-7.900000000000002,24.891666666666666,61.25,8.924999999999999,25.3625,61.125,10.870833333333332,26.129166666666663,61.41666666666666,9.758333333333333,24.98333333333333,61.69444444444446,9.155555555555557,26.1547619047619,63.32142857142857,8.279761904761903,992.3541666666666,-0.6875,1,0.8456358371288886,0.5337602748081988,0.5508269064917284,2.0,17,1,0.4999999999999999,0.8660254037844387,Unhealthy,Unhealthy,Unhealthy
2024-01-18,39.6,25.016666666666666,62.54166666666666,991.5291666666668,6.033333333333334,47.646095505834126,Unhealthy,29.2,26.7,29.7,31.83333333333333,34.871428571428574,9.900000000000002,24.695833333333336,62.708333333333336,7.670833333333333,24.891666666666666,61.25,8.924999999999999,25.3625,61.125,10.870833333333332,24.868055555555557,62.16666666666668,7.543055555555555,25.839285714285715,62.94047619047619,8.288690476190476,992.0041666666666,-1.2749999999999773,1,0.7389975902272076,0.673708068556686,0.4908852499187655,2.0,18,1,0.4999999999999999,0.8660254037844387,Unhealthy,Unhealthy,Unhealthy
2024-01-19,44.4,25.9875,59.29166666666666,990.6541666666668,5.3375,85.26255090618567,Unhealthy,39.6,29.2,26.7,37.73333333333334,35.17142857142857,17.7,25.016666666666666,62.54166666666666,6.033333333333334,24.695833333333336,62.708333333333336,7.670833333333333,24.891666666666666,61.25,8.924999999999999,25.23333333333333,61.51388888888889,6.347222222222224,25.60892857142857,62.07142857142857,8.074404761904763,991.5291666666668,-1.699999999999818,1,0.9965836181093928,0.0825899032327319,0.2850131694930617,3.0,19,1,0.4999999999999999,0.8660254037844387,Unhealthy,Unhealthy,Unhealthy
2024-01-20,46.1,27.129166666666663,53.958333333333336,990.5625,4.583333333333333,98.19684020937032,Unhealthy,44.4,39.6,29.2,43.366666666666674,36.114285714285714,16.900000000000002,25.9875,59.29166666666666,5.3375,25.016666666666666,62.54166666666666,6.033333333333334,24.695833333333336,62.708333333333336,7.670833333333333,26.04444444444444,58.59722222222223,5.318055555555556,25.60178571428571,60.32738095238095,7.59702380952381,990.6541666666668,-1.441666666666606,0,0.9897840952100706,-0.1425743485665704,0.156595485293835,3.0,20,1,0.4999999999999999,0.8660254037844387,Unhealthy,Unhealthy,Unhealthy
2024-01-21,48.7,27.27083333333333,56.54166666666666,991.2833333333332,5.1875,344.77112217455567,Unhealthy,46.1,44.4,39.6,46.4,37.771428571428565,9.1,27.129166666666663,53.958333333333336,4.583333333333333,25.9875,59.29166666666666,5.3375,25.016666666666666,62.54166666666666,6.033333333333334,26.79583333333333,56.59722222222223,5.036111111111111,25.764880952380956,59.63095238095239,6.944047619047619,990.5625,-0.2458333333336213,0,-0.2626755263069455,0.964884225116863,0.2894590340816252,3.0,21,1,0.4999999999999999,0.8660254037844387,Unhealthy,Unhealthy,Good
2024-01-22,50.6,26.79583333333333,62.04166666666666,992.075,5.466666666666666,100.8101548250354,Unhealthy,48.7,46.1,44.4,48.46666666666667,40.75714285714286,6.200000000000003,27.27083333333333,56.54166666666666,5.1875,27.129166666666663,53.958333333333336,4.583333333333333,25.9875,59.29166666666666,5.3375,27.06527777777777,57.51388888888889,5.079166666666667,25.96964285714285,59.76190476190475,6.172023809523809,991.2833333333332,1.4208333333332348,0,0.9822540247489222,-0.1875554074521543,0.6128048000224725,3.0,22,1,0.4999999999999999,0.8660254037844387,Unhealthy,Good,Good
2024-01-23,46.4,24.65833333333333,57.79166666666666,994.9208333333332,14.983333333333334,57.23640977653821,Unhealthy,50.6,48.7,46.1,48.56666666666666,43.57142857142857,0.2999999999999971,26.79583333333333,62.04166666666666,5.466666666666666,27.27083333333333,56.54166666666666,5.1875,27.129166666666663,53.958333333333336,4.583333333333333,26.24166666666666,58.79166666666666,8.545833333333334,25.93630952380952,59.26785714285713,7.0375000000000005,992.075,4.358333333333235,1,0.8409106733292534,0.541173945678228,1.0848021009877251,3.0,23,1,0.4999999999999999,0.8660254037844387,Good,Good,Moderate
2024-01-24,18.5,21.758333333333336,53.833333333333336,996.7083333333334,14.025,48.489246109506674,Good,46.4,50.6,48.7,38.5,42.04285714285714,-30.200000000000003,24.65833333333333,57.79166666666666,14.983333333333334,26.79583333333333,62.04166666666666,5.466666666666666,27.27083333333333,56.54166666666666,5.1875,24.404166666666665,57.88888888888889,11.491666666666667,25.51666666666667,57.99999999999999,7.945238095238096,994.9208333333332,5.425000000000182,1,0.7488313399130566,0.6627606086393609,1.4675054461784336,3.0,24,1,0.4999999999999999,0.8660254037844387,Good,Moderate,Moderate
2024-01-25,20.1,20.866666666666667,62.708333333333336,998.075,13.370833333333332,44.354479942178834,Good,18.5,46.4,50.6,28.33333333333333,39.25714285714286,-30.5,21.758333333333336,53.833333333333336,14.025,24.65833333333333,57.79166666666666,14.983333333333334,26.79583333333333,62.04166666666666,5.466666666666666,22.427777777777777,58.11111111111112,14.126388888888888,24.92380952380952,58.02380952380952,8.99345238095238,996.7083333333334,6.0,1,0.6990954891629626,0.7150283190419789,1.3890342632272208,1.0,25,1,0.4999999999999999,0.8660254037844387,Moderate,Moderate,Moderate
2024-01-26,25.6,23.141666666666666,58.54166666666666,997.75,10.308333333333334,54.990010084872665,Moderate,20.1,18.5,46.4,21.4,36.57142857142857,-20.8,20.866666666666667,62.708333333333336,13.370833333333332,21.758333333333336,53.833333333333336,14.025,24.65833333333333,57.79166666666666,14.983333333333334,21.922222222222217,58.36111111111112,12.568055555555556,24.517261904761902,57.91666666666666,9.703571428571427,998.075,2.829166666666765,1,0.8190520248226058,0.5737192524519197,0.7639471134947183,1.0,26,1,0.4999999999999999,0.8660254037844387,Moderate,Moderate,Moderate
2024-01-27,33.3,24.5,61.083333333333336,996.1958333333332,9.0125,61.70135000202828,Moderate,25.6,20.1,18.5,26.33333333333333,34.74285714285714,14.799999999999995,23.141666666666666,58.54166666666666,10.308333333333334,20.866666666666667,62.708333333333336,13.370833333333332,21.758333333333336,53.833333333333336,14.025,22.83611111111111,60.77777777777778,10.89722222222222,24.14166666666667,58.9345238095238,10.336309523809522,997.75,-0.5125000000001592,1,0.880488523721798,0.4740674631254594,0.056005399622139,2.0,27,1,0.4999999999999999,0.8660254037844387,Moderate,Moderate,Moderate
2024-01-28,32.3,24.791666666666668,60.375,995.8208333333332,10.866666666666667,63.14963155442616,Moderate,33.3,25.6,20.1,30.399999999999995,32.4,12.199999999999996,24.5,61.083333333333336,9.0125,23.141666666666666,58.54166666666666,10.308333333333334,20.866666666666667,62.708333333333336,13.370833333333332,24.14444444444444,60.00000000000001,10.062500000000002,23.7875,59.48214285714285,11.147619047619049,996.1958333333332,-2.2541666666668334,1,0.8921891093160034,0.4516620342888215,-0.0949242926852432,2.0,28,1,0.4999999999999999,0.8660254037844387,Moderate,Moderate,Unhealthy
2024-01-29,31.9,24.28333333333333,58.54166666666666,995.7166666666668,9.058333333333334,54.9548848515666,Moderate,32.3,33.3,25.6,32.5,29.728571428571428,6.299999999999997,24.791666666666668,60.375,10.866666666666667,24.5,61.083333333333336,9.0125,23.141666666666666,58.54166666666666,10.308333333333334,24.524999999999995,60.00000000000001,9.645833333333334,23.428571428571427,58.98214285714285,11.660714285714286,995.8208333333332,-2.0333333333331893,1,0.8187001517866574,0.5742212652492975,0.4205380896506969,2.0,29,1,0.4999999999999999,0.8660254037844387,Moderate,Unhealthy,Unhealthy
2024-01-30,36.7,25.3125,64.83333333333333,994.475,6.245833333333334,42.2706663816798,Moderate,31.9,32.3,33.3,33.63333333333333,28.342857142857135,3.4000000000000057,24.28333333333333,58.54166666666666,9.058333333333334,24.791666666666668,60.375,10.866666666666667,24.5,61.083333333333336,9.0125,24.79583333333333,61.25,8.723611111111113,23.52202380952381,59.988095238095234,10.412499999999998,995.7166666666668,-1.720833333333189,1,0.672633757708123,0.7399755590500608,0.4544665217305422,2.0,30,1,0.4999999999999999,0.8660254037844387,Unhealthy,Unhealthy,Unhealthy
2024-01-31,51.3,26.8125,65.70833333333333,993.3208333333332,3.35,164.91034036920132,Unhealthy,36.7,31.9,32.3,39.96666666666666,33.028571428571425,19.0,25.3125,64.83333333333333,6.245833333333334,24.28333333333333,58.54166666666666,9.058333333333334,24.791666666666668,60.375,10.866666666666667,25.46944444444444,63.02777777777777,6.218055555555556,24.244047619047617,61.6845238095238,8.887500000000001,994.475,-2.5,0,0.2603302621875066,-0.9655196293133476,0.4032710915968833,2.0,31,1,0.4999999999999999,0.8660254037844387,Unhealthy,Unhealthy,Unhealthy
2024-02-01,58.2,27.84583333333333,62.625,992.9791666666666,6.341666666666666,275.1461163523151,Unhealthy,51.3,36.7,31.9,48.73333333333333,38.471428571428575,26.300000000000004,26.8125,65.70833333333333,3.35,25.3125,64.83333333333333,6.245833333333334,24.28333333333333,58.54166666666666,9.058333333333334,26.65694444444444,64.3888888888889,5.312500000000001,25.241071428571423,61.67261904761904,7.883333333333333,993.3208333333332,-2.737500000000182,0,-0.9959691933471484,0.0896959636964271,0.2014493443818656,3.0,32,2,0.8660254037844386,0.5000000000000001,Unhealthy,Unhealthy,Unhealthy
2024-02-02,58.2,28.10833333333333,64.14583333333334,992.4416666666668,6.1083333333333325,276.5536452508842,Unhealthy,58.2,51.3,36.7,55.9,43.12857142857143,21.5,27.84583333333333,62.625,6.341666666666666,26.8125,65.70833333333333,3.35,25.3125,64.83333333333333,6.245833333333334,27.588888888888885,64.15972222222223,5.266666666666667,25.95059523809524,62.473214285714285,7.283333333333333,992.9791666666666,-2.0333333333331893,0,-0.9934654295805024,0.1141334316860216,0.2855916428487233,3.0,33,2,0.8660254037844386,0.5000000000000001,Unhealthy,Unhealthy,Unhealthy
2024-02-03,58.2,28.370833333333334,65.66666666666667,991.9041666666668,5.875,277.9611741494533,Unhealthy,58.2,58.2,51.3,58.2,46.68571428571429,6.900000000000006,28.10833333333333,64.14583333333334,6.1083333333333325,27.84583333333333,62.625,6.341666666666666,26.8125,65.70833333333333,3.35,28.10833333333333,64.14583333333336,6.108333333333334,26.50357142857143,63.1279761904762,6.835119047619047,992.4416666666668,-1.4166666666664014,0,-0.99036215048232,0.1385020248661889,0.3547941917051192,3.0,34,2,0.8660254037844386,0.5000000000000001,Unhealthy,Unhealthy,Unhealthy
2024-02-04,47.9,28.8875,63.083333333333336,992.2333333333332,7.270833333333333,271.7671875154465,Unhealthy,58.2,58.2,58.2,54.76666666666667,48.91428571428571,-10.300000000000004,28.370833333333334,65.66666666666667,5.875,28.10833333333333,64.14583333333334,6.1083333333333325,27.84583333333333,62.625,6.341666666666666,28.45555555555555,64.29861111111113,6.418055555555555,27.088690476190475,63.51488095238096,6.321428571428571,991.9041666666668,-0.745833333333394,0,-0.9995243849596608,0.030838350653235,0.4430043139393382,3.0,35,2,0.8660254037844386,0.5000000000000001,Unhealthy,Unhealthy,Unhealthy
2024-02-05,45.1,29.40416666666667,53.29166666666666,992.0583333333334,7.925,290.38922808249566,Unhealthy,47.9,58.2,58.2,50.4,50.8,-13.1,28.8875,63.083333333333336,7.270833333333333,28.370833333333334,65.66666666666667,5.875,28.10833333333333,64.14583333333334,6.1083333333333325,28.8875,60.68055555555557,7.023611111111111,27.820238095238096,62.76488095238095,6.15952380952381,992.2333333333332,-0.3833333333334394,0,-0.93734750636357,0.3483958270616872,0.3161305938716823,3.0,36,2,0.8660254037844386,0.5000000000000001,Unhealthy,Unhealthy,Unhealthy
2024-02-06,50.4,29.29583333333333,49.958333333333336,992.1333333333332,7.504166666666666,280.70908412281847,Unhealthy,45.1,47.9,58.2,47.8,52.75714285714286,-7.800000000000004,29.40416666666667,53.29166666666666,7.925,28.8875,63.083333333333336,7.270833333333333,28.370833333333334,65.66666666666667,5.875,29.19583333333333,55.44444444444446,7.566666666666667,28.389285714285712,60.63988095238096,6.339285714285714,992.0583333333334,0.2291666666664014,0,-0.9825833471503496,0.185822404200397,0.3286985820463242,3.0,37,2,0.8660254037844386,0.5000000000000001,Unhealthy,Unhealthy,Unhealthy
2024-02-07,52.7,28.92083333333333,50.375,991.0458333333332,7.75,272.74564182183315,Unhealthy,50.4,45.1,47.9,49.4,52.957142857142856,4.800000000000004,29.29583333333333,49.958333333333336,7.504166666666666,29.40416666666667,53.29166666666666,7.925,28.8875,63.083333333333336,7.270833333333333,29.20694444444444,51.208333333333336,7.726388888888889,28.690476190476197,58.449404761904766,6.967857142857142,992.1333333333332,-1.1875,0,-0.9988520330305288,0.0479021514211943,0.3576909646634548,3.0,38,2,0.8660254037844386,0.5000000000000001,Unhealthy,Unhealthy,Unhealthy
2024-02-08,55.6,28.85833333333333,52.208333333333336,989.7791666666668,6.358333333333333,272.1302711339021,Unhealthy,52.7,50.4,45.1,52.9,52.58571428571429,10.5,28.92083333333333,50.375,7.75,29.29583333333333,49.958333333333336,7.504166666666666,29.40416666666667,53.29166666666666,7.925,29.024999999999995,50.84722222222223,7.204166666666667,28.83511904761905,56.961309523809526,6.970238095238095,991.0458333333332,-2.2791666666665837,0,-0.999308894300883,0.0371716796922961,0.3889369818757697,3.0,39,2,0.8660254037844386,0.5000000000000001,Unhealthy,Unhealthy,Moderate
2024-02-09,53.5,29.02083333333333,56.29166666666666,991.825,6.833333333333333,96.2472716259736,Unhealthy,55.6,52.7,50.4,53.93333333333334,51.91428571428572,3.1000000000000014,28.85833333333333,52.208333333333336,6.358333333333333,28.92083333333333,50.375,7.75,29.29583333333333,49.958333333333336,7.504166666666666,28.933333333333326,52.95833333333334,6.980555555555557,28.96547619047619,55.83928571428572,7.073809523809524,989.7791666666668,-0.3083333333331666,0,0.9940615212389542,-0.1088195386504475,0.5689342721540359,3.0,40,2,0.8660254037844386,0.5000000000000001,Unhealthy,Moderate,Unhealthy
2024-02-10,37.6,24.370833333333334,60.29166666666666,996.6333333333332,15.35,50.96803922101185,Unhealthy,53.5,55.6,52.7,48.900000000000006,48.97142857142857,-15.1,29.02083333333333,56.29166666666666,6.833333333333333,28.85833333333333,52.208333333333336,6.358333333333333,28.92083333333333,50.375,7.75,27.41666666666666,56.26388888888889,9.51388888888889,28.39404761904762,55.07142857142857,8.427380952380952,991.825,5.587499999999977,1,0.7767947925456009,0.6297538013176552,1.5083520966060444,3.0,41,2,0.8660254037844386,0.5000000000000001,Moderate,Unhealthy,Unhealthy
2024-02-11,32.6,23.65,53.54166666666666,998.5708333333332,13.504166666666668,47.60330493776087,Moderate,37.6,53.5,55.6,41.23333333333333,46.785714285714285,-23.0,24.370833333333334,60.29166666666666,15.35,29.02083333333333,56.29166666666666,6.833333333333333,28.85833333333333,52.208333333333336,6.358333333333333,25.680555555555557,56.708333333333336,11.895833333333334,27.64583333333333,53.70833333333333,9.31785714285714,996.6333333333332,8.791666666666401,1,0.7384942345383629,0.6742597908474132,1.5555251954068343,3.0,42,2,0.8660254037844386,0.5000000000000001,Unhealthy,Unhealthy,Unhealthy
2024-02-12,40.3,23.570833333333336,56.708333333333336,997.3375,9.916666666666666,58.63403763432302,Unhealthy,32.6,37.6,53.5,36.833333333333336,46.1,-13.200000000000005,23.65,53.54166666666666,13.504166666666668,24.370833333333334,60.29166666666666,15.35,29.02083333333333,56.29166666666666,6.833333333333333,23.863888888888884,56.84722222222223,12.923611111111112,26.8125,54.19642857142857,9.602380952380951,998.5708333333332,5.512499999999932,1,0.8538601622013214,0.5205024720455543,1.3637187877149015,2.0,43,2,0.8660254037844386,0.5000000000000001,Unhealthy,Unhealthy,Unhealthy
2024-02-13,48.2,24.133333333333336,59.875,995.125,7.55,51.583189824951205,Unhealthy,40.3,32.6,37.6,40.36666666666667,45.785714285714285,10.6,23.570833333333336,56.708333333333336,9.916666666666666,23.65,53.54166666666666,13.504166666666668,24.370833333333334,60.29166666666666,15.35,23.784722222222214,56.708333333333336,10.323611111111113,26.075,55.613095238095234,9.608928571428573,997.3375,-1.508333333333212,1,0.7835111832484263,0.6213776836390658,0.5266115725018985,3.0,44,2,0.8660254037844386,0.5000000000000001,Unhealthy,Unhealthy,Unhealthy
2024-02-14,58.1,25.445833333333336,58.208333333333336,993.1291666666666,6.566666666666666,63.76076904840199,Unhealthy,48.2,40.3,32.6,48.86666666666667,46.557142857142864,25.5,24.133333333333336,59.875,7.55,23.570833333333336,56.708333333333336,9.916666666666666,23.65,53.54166666666666,13.504166666666668,24.383333333333336,58.26388888888889,8.011111111111111,25.578571428571426,56.73214285714285,9.439880952380951,995.125,-5.441666666666606,1,0.896955856216612,0.4421201103758167,0.2287157399943369,3.0,45,2,0.8660254037844386,0.5000000000000001,Unhealthy,Unhealthy,Unhealthy
2024-02-15,65.1,27.758333333333336,51.708333333333336,992.7,6.425,59.34689630449572,Unhealthy,58.1,48.2,40.3,57.133333333333326,47.91428571428571,24.8,25.445833333333336,58.208333333333336,6.566666666666666,24.133333333333336,59.875,7.55,23.570833333333336,56.708333333333336,9.916666666666666,25.77916666666667,56.59722222222223,6.847222222222222,25.42142857142857,56.660714285714285,9.449404761904765,993.1291666666666,-4.637499999999932,1,0.860269860313115,0.5098389622585289,-0.1005222605435241,3.0,46,2,0.8660254037844386,0.5000000000000001,Unhealthy,Unhealthy,Unhealthy
2024-02-16,61.4,27.179166666666664,53.958333333333336,992.775,8.566666666666666,74.69583598820282,Unhealthy,65.1,58.1,48.2,61.53333333333333,49.04285714285714,13.199999999999996,27.758333333333336,51.708333333333336,6.425,25.445833333333336,58.208333333333336,6.566666666666666,24.133333333333336,59.875,7.55,26.79444444444444,54.62500000000001,7.186111111111111,25.15833333333333,56.32738095238095,9.69702380952381,992.7,-2.3500000000000227,1,0.9645382387477078,0.2639431491694181,0.0672828820892295,3.0,47,2,0.8660254037844386,0.5000000000000001,Unhealthy,Unhealthy,Unhealthy
2024-02-17,54.3,28.2375,54.833333333333336,990.6958333333332,6.4625,158.5615206657484,Unhealthy,61.4,65.1,58.1,60.26666666666666,51.42857142857143,-3.800000000000004,27.179166666666664,53.958333333333336,8.566666666666666,27.758333333333336,51.708333333333336,6.425,25.445833333333336,58.208333333333336,6.566666666666666,27.724999999999994,53.50000000000001,7.151388888888889,25.71071428571429,55.54761904761905,8.427380952380952,992.775,-2.433333333333394,0,0.3655019907824069,-0.9308105579193316,-0.0908790360453248,3.0,48,2,0.8660254037844386,0.5000000000000001,Unhealthy,Unhealthy,Moderate
2024-02-18,45.7,28.75,64.66666666666667,990.6666666666666,6.525,223.54363869987847,Unhealthy,54.3,61.4,65.1,53.8,53.3,-19.39999999999999,28.2375,54.833333333333336,6.4625,27.179166666666664,53.958333333333336,8.566666666666666,27.758333333333336,51.708333333333336,6.425,28.055555555555557,57.81944444444446,7.184722222222223,26.43928571428572,57.13690476190476,7.430357142857142,990.6958333333332,-2.0333333333334167,0,-0.688906849391518,-0.7248498829836784,0.2134211131309157,3.0,49,2,0.8660254037844386,0.5000000000000001,Unhealthy,Moderate,Moderate
2024-02-19,39.0,29.96666666666667,56.625,990.375,5.7375,219.2904257980481,Unhealthy,45.7,54.3,61.4,46.333333333333336,53.114285714285714,-22.4,28.75,64.66666666666667,6.525,28.2375,54.833333333333336,6.4625,27.179166666666664,53.958333333333336,8.566666666666666,28.98472222222222,58.70833333333334,6.241666666666667,27.35297619047619,57.125,6.833333333333333,990.6666666666666,-2.3999999999999773,0,-0.6332515540435998,-0.7739460377192753,-0.023271215237436,3.0,50,2,0.8660254037844386,0.5000000000000001,Moderate,Moderate,Moderate
2024-02-20,32.9,30.27083333333333,56.54166666666666,989.7041666666668,8.9625,230.09229050911108,Moderate,39.0,45.7,54.3,39.2,50.92857142857143,-21.4,29.96666666666667,56.625,5.7375,28.75,64.66666666666667,6.525,28.2375,54.833333333333336,6.4625,29.662499999999994,59.27777777777779,7.075,28.229761904761908,56.648809523809526,7.035119047619048,990.375,-0.9916666666664468,0,-0.7670788339742657,-0.6415528524359322,-0.0498195422149723,3.0,51,2,0.8660254037844386,0.5000000000000001,Moderate,Moderate,Moderate
2024-02-21,27.4,30.329166666666666,55.083333333333336,989.3125,9.1875,211.53027441750305,Moderate,32.9,39.0,45.7,33.1,46.54285714285714,-18.300000000000004,30.27083333333333,56.54166666666666,8.9625,29.96666666666667,56.625,5.7375,28.75,64.66666666666667,6.525,30.188888888888886,56.08333333333334,7.962500000000001,28.927380952380958,56.20238095238096,7.409523809523809,989.7041666666668,-1.3541666666666288,0,-0.5229490168124431,-0.8523639632310244,-0.1064075566513239,2.0,52,2,0.8660254037844386,0.5000000000000001,Moderate,Moderate,Unhealthy
2024-02-22,30.2,30.10833333333333,54.91666666666666,990.2791666666668,5.45,188.616389509791,Moderate,27.4,32.9,39.0,30.166666666666668,41.557142857142864,-8.8,30.329166666666666,55.083333333333336,9.1875,30.27083333333333,56.54166666666666,8.9625,29.96666666666667,56.625,5.7375,30.236111111111104,55.51388888888889,7.866666666666667,29.26309523809524,56.660714285714285,7.270238095238095,989.3125,-0.0958333333331893,0,-0.1498181719832013,-0.9887135658741676,0.2478829229183175,2.0,53,2,0.8660254037844386,0.5000000000000001,Moderate,Unhealthy,Unhealthy
2024-02-23,33.3,29.808333333333334,60.583333333333336,991.15,4.379166666666666,215.1087897206625,Moderate,30.2,27.4,32.9,30.3,37.54285714285714,0.3999999999999986,30.10833333333333,54.91666666666666,5.45,30.329166666666666,55.083333333333336,9.1875,30.27083333333333,56.54166666666666,8.9625,30.08194444444444,56.86111111111112,6.3388888888888895,29.63869047619048,57.60714285714285,6.67202380952381,990.2791666666668,1.445833333333212,0,-0.5751307572695412,-0.8180614964918983,0.6040724087652477,2.0,54,2,0.8660254037844386,0.5000000000000001,Unhealthy,Unhealthy,Unhealthy
2024-02-24,37.7,29.691666666666663,62.0,991.2583333333332,6.991666666666667,120.04163676249368,Unhealthy,33.3,30.2,27.4,33.733333333333334,35.17142857142857,10.300000000000004,29.808333333333334,60.583333333333336,4.379166666666666,30.10833333333333,54.91666666666666,5.45,30.329166666666666,55.083333333333336,9.1875,29.86944444444444,59.16666666666666,5.606944444444445,29.846428571428568,58.63095238095237,6.747619047619048,991.15,1.945833333333212,0,0.865661825848691,-0.5006292073664006,0.7243825516054404,2.0,55,2,0.8660254037844386,0.5000000000000001,Unhealthy,Unhealthy,Unhealthy
2024-02-25,45.5,30.15,54.29166666666666,991.4166666666666,9.525,73.73918395431332,Unhealthy,37.7,33.3,30.2,38.833333333333336,35.142857142857146,15.3,29.691666666666663,62.0,6.991666666666667,29.808333333333334,60.583333333333336,4.379166666666666,30.10833333333333,54.91666666666666,5.45,29.88333333333333,58.958333333333336,6.96527777777778,30.04642857142857,57.14880952380952,7.1761904761904765,991.2583333333332,1.137499999999818,1,0.9599970123873458,0.2800102430400897,0.4754925592699375,3.0,56,2,0.8660254037844386,0.5000000000000001,Unhealthy,Unhealthy,Unhealthy
2024-02-26,48.9,29.258333333333336,51.54166666666666,991.7583333333332,8.991666666666667,84.27997063788109,Unhealthy,45.5,37.7,33.3,44.03333333333333,36.55714285714286,15.6,30.15,54.29166666666666,9.525,29.691666666666663,62.0,6.991666666666667,29.808333333333334,60.583333333333336,4.379166666666666,29.7,55.94444444444445,8.50277777777778,29.945238095238093,56.42261904761904,7.641071428571429,991.4166666666666,0.6083333333332348,1,0.9950207891306858,0.0996675935183918,0.4447540986668182,3.0,57,2,0.8660254037844386,0.5000000000000001,Unhealthy,Unhealthy,Unhealthy
2024-02-27,51.6,28.791666666666668,53.333333333333336,991.2125,9.175,84.96039246385777,Unhealthy,48.9,45.5,37.7,48.66666666666666,39.22857142857144,13.9,29.258333333333336,51.54166666666666,8.991666666666667,30.15,54.29166666666666,9.525,29.691666666666663,62.0,6.991666666666667,29.399999999999995,53.05555555555557,9.230555555555558,29.73392857142857,55.96428571428571,7.671428571428572,991.7583333333332,-0.0458333333332348,1,0.9961342108817448,0.087844373246121,0.3722388789813104,3.0,58,2,0.8660254037844386,0.5000000000000001,Unhealthy,Unhealthy,Unhealthy
2024-02-28,48.4,28.72083333333333,56.04166666666666,989.9875,7.129166666666666,107.56841296102846,Unhealthy,51.6,48.9,45.5,49.63333333333333,42.22857142857142,2.8999999999999986,28.791666666666668,53.333333333333336,9.175,29.258333333333336,51.54166666666666,8.991666666666667,30.15,54.29166666666666,9.525,28.92361111111111,53.63888888888889,8.431944444444445,29.504166666666663,56.10119047619048,7.377380952380953,991.2125,-1.4291666666666742,0,0.9533572187981544,-0.3018443528798375,0.4289466933574373,3.0,59,2,0.8660254037844386,0.5000000000000001,Unhealthy,Unhealthy,Unhealthy
2024-02-29,47.3,29.90833333333333,59.708333333333336,989.5875,6.095833333333334,180.9076529283689,Unhealthy,48.4,51.6,48.9,49.1,44.67142857142857,-1.6000000000000014,28.72083333333333,56.04166666666666,7.129166666666666,28.791666666666668,53.333333333333336,9.175,29.258333333333336,51.54166666666666,8.991666666666667,29.14027777777777,56.36111111111112,7.466666666666669,29.47559523809524,56.78571428571428,7.4696428571428575,989.9875,-2.170833333333235,0,-0.0158408694907147,-0.9998745255549708,0.1350178039977524,3.0,60,2,0.8660254037844386,0.5000000000000001,Unhealthy,Unhealthy,Unhealthy
2024-03-01,44.2,29.291666666666668,63.79166666666666,990.6916666666666,7.945833333333333,36.75257426811402,Unhealthy,47.3,48.4,51.6,46.63333333333333,46.22857142857142,-7.399999999999999,29.90833333333333,59.708333333333336,6.095833333333334,28.72083333333333,56.04166666666666,7.129166666666666,28.791666666666668,53.333333333333336,9.175,29.30694444444444,59.84722222222223,7.056944444444446,29.401785714285715,57.24404761904761,7.979166666666666,989.5875,-0.5208333333333712,1,0.5983605998633964,0.8012269294844729,0.3146465621035785,3.0,61,3,1.0,6.123233995736766e-17,Unhealthy,Unhealthy,Unhealthy
2024-03-02,46.3,28.52916666666667,54.125,991.2833333333332,11.320833333333333,76.0288657629049,Unhealthy,44.2,47.3,48.4,45.93333333333333,47.457142857142856,-2.1000000000000014,29.291666666666668,63.79166666666666,7.945833333333333,29.90833333333333,59.708333333333336,6.095833333333334,28.72083333333333,56.04166666666666,7.129166666666666,29.243055555555557,59.208333333333336,8.454166666666667,29.235714285714288,56.11904761904761,8.597619047619048,990.6916666666666,1.2958333333332348,1,0.970417484012954,0.2414330274050503,0.3411332217524904,3.0,62,3,1.0,6.123233995736766e-17,Unhealthy,Unhealthy,Unhealthy
2024-03-03,40.8,28.9375,51.75,990.5083333333332,6.191666666666666,69.77844709436044,Unhealthy,46.3,44.2,47.3,43.76666666666667,46.785714285714285,-6.5,28.52916666666667,54.125,11.320833333333333,29.291666666666668,63.79166666666666,7.945833333333333,29.90833333333333,59.708333333333336,6.095833333333334,28.91944444444444,56.55555555555557,8.486111111111112,29.0625,55.75595238095237,8.121428571428572,991.2833333333332,0.9208333333332348,1,0.9383630658269088,0.3456512066982038,0.3954901577830825,3.0,63,3,1.0,6.123233995736766e-17,Unhealthy,Unhealthy,Unhealthy
2024-03-04,49.7,30.67083333333333,55.458333333333336,988.625,7.649999999999999,268.2053198361867,Unhealthy,40.8,46.3,44.2,45.6,46.9,5.5,28.9375,51.75,6.191666666666666,28.52916666666667,54.125,11.320833333333333,29.291666666666668,63.79166666666666,7.945833333333333,29.379166666666663,53.77777777777779,8.387500000000001,29.26428571428572,56.31547619047619,7.929761904761905,990.5083333333332,-2.066666666666606,0,-0.9995094725042174,-0.0313179561009504,-0.186014108181172,3.0,64,3,1.0,6.123233995736766e-17,Unhealthy,Unhealthy,Unhealthy
2024-03-05,40.8,31.2375,49.583333333333336,987.7833333333332,10.104166666666666,255.4141877466738,Unhealthy,49.7,40.8,46.3,43.76666666666667,45.35714285714285,-5.5,30.67083333333333,55.458333333333336,7.649999999999999,28.9375,51.75,6.191666666666666,28.52916666666667,54.125,11.320833333333333,30.28194444444444,52.26388888888889,7.981944444444444,29.613690476190477,55.77976190476191,8.062499999999998,988.625,-3.5,0,-0.9677715589564736,-0.2518297235732044,-0.4548564724204924,3.0,65,3,1.0,6.123233995736766e-17,Unhealthy,Unhealthy,Unhealthy
2024-03-06,39.5,30.704166666666666,48.208333333333336,986.5458333333332,7.866666666666667,254.6012422954609,Unhealthy,40.8,49.7,40.8,43.333333333333336,44.08571428571429,-1.2999999999999972,31.2375,49.583333333333336,10.104166666666666,30.67083333333333,55.458333333333336,7.649999999999999,28.9375,51.75,6.191666666666666,30.870833333333326,51.08333333333334,8.54027777777778,29.89702380952381,54.660714285714285,8.167857142857143,987.7833333333332,-3.962499999999977,0,-0.9641011618340222,-0.265535213767004,-0.4753029929816645,3.0,66,3,1.0,6.123233995736766e-17,Unhealthy,Unhealthy,Unhealthy
2024-03-07,48.8,31.64583333333333,45.04166666666666,986.5083333333332,6.1125,275.7006923782794,Unhealthy,39.5,40.8,49.7,43.03333333333333,44.3,-0.9000000000000057,30.704166666666666,48.208333333333336,7.866666666666667,31.2375,49.583333333333336,10.104166666666666,30.67083333333333,55.458333333333336,7.649999999999999,31.19583333333333,47.61111111111112,8.027777777777779,30.14523809523809,52.56547619047619,8.170238095238096,986.5458333333332,-2.116666666666788,0,-0.9950543696808428,0.0993317742671519,-0.2867460506434958,3.0,67,3,1.0,6.123233995736766e-17,Unhealthy,Unhealthy,Unhealthy
2024-03-08,43.1,29.96666666666667,63.54166666666666,988.3708333333334,7.916666666666667,108.74788410192424,Unhealthy,48.8,39.5,40.8,43.79999999999999,44.142857142857146,2.3000000000000043,31.64583333333333,45.04166666666666,6.1125,30.704166666666666,48.208333333333336,7.866666666666667,31.2375,49.583333333333336,10.104166666666666,30.772222222222226,52.26388888888889,7.298611111111112,30.241666666666667,52.52976190476191,8.16607142857143,986.5083333333332,0.5875000000002046,0,0.9469419994121524,-0.3214044955337666,0.3644711236003745,3.0,68,3,1.0,6.123233995736766e-17,Unhealthy,Unhealthy,Unhealthy
2024-03-09,42.1,28.245833333333334,73.5,989.7958333333332,6.470833333333334,143.5717134510146,Unhealthy,43.1,48.8,39.5,44.66666666666666,43.54285714285714,2.6000000000000014,29.96666666666667,63.54166666666666,7.916666666666667,31.64583333333333,45.04166666666666,6.1125,30.704166666666666,48.208333333333336,7.866666666666667,29.95277777777777,60.69444444444445,6.833333333333335,30.20119047619048,55.29761904761904,7.473214285714286,988.3708333333334,3.25,0,0.5938161850362035,-0.8046007322821981,0.7610256661230234,3.0,69,3,1.0,6.123233995736766e-17,Unhealthy,Unhealthy,Unhealthy
2024-03-10,44.3,28.745833333333334,70.625,991.35,5.754166666666666,108.11572901527228,Unhealthy,42.1,43.1,48.8,43.16666666666666,44.04285714285714,-4.5,28.245833333333334,73.5,6.470833333333334,29.96666666666667,63.54166666666666,7.916666666666667,31.64583333333333,45.04166666666666,6.1125,28.98611111111111,69.22222222222223,6.7138888888888895,30.173809523809524,57.99404761904761,7.410714285714286,989.7958333333332,4.841666666666811,0,0.95043040795404,-0.310937356450326,1.0040839047480108,3.0,70,3,1.0,6.123233995736766e-17,Unhealthy,Unhealthy,Unhealthy
2024-03-11,47.3,28.15416666666667,74.45833333333333,992.3,6.4,97.33574514539248,Unhealthy,44.3,42.1,43.1,44.56666666666666,43.7,4.199999999999996,28.745833333333334,70.625,5.754166666666666,28.245833333333334,73.5,6.470833333333334,29.96666666666667,63.54166666666666,7.916666666666667,28.381944444444443,72.86111111111113,6.208333333333335,29.81428571428572,60.70833333333333,7.232142857142857,991.35,3.929166666666561,0,0.9918149777071964,-0.1276833974942445,0.9651675026724664,3.0,71,3,1.0,6.123233995736766e-17,Unhealthy,Unhealthy,Unhealthy
2024-03-12,53.6,28.75,66.0,991.7458333333334,6.866666666666667,122.59677558774833,Unhealthy,47.3,44.3,42.1,48.4,45.52857142857143,11.5,28.15416666666667,74.45833333333333,6.4,28.745833333333334,70.625,5.754166666666666,28.245833333333334,73.5,6.470833333333334,28.55,70.36111111111113,6.340277777777779,29.45892857142857,63.05357142857143,6.769642857142857,992.3,1.9500000000001592,0,0.8424827158665573,-0.5387233737885425,0.4959902984009586,3.0,72,3,1.0,6.123233995736766e-17,Unhealthy,Unhealthy,Unhealthy
2024-03-13,45.2,29.70833333333333,63.75,990.5666666666666,7.579166666666667,225.26079017522864,Unhealthy,53.6,47.3,44.3,48.7,46.34285714285714,0.9000000000000057,28.75,66.0,6.866666666666667,28.15416666666667,74.45833333333333,6.4,28.745833333333334,70.625,5.754166666666666,28.870833333333326,68.06944444444446,6.948611111111113,29.316666666666663,65.27380952380952,6.728571428571429,991.7458333333334,-0.7833333333334167,0,-0.7103179459573312,-0.7038809669617142,0.2341614910881938,3.0,73,3,1.0,6.123233995736766e-17,Unhealthy,Unhealthy,Unhealthy
2024-03-14,39.3,30.495833333333334,57.708333333333336,989.7625,7.6125,218.41663823501068,Unhealthy,45.2,53.6,47.3,46.03333333333334,44.98571428571428,-8.0,29.70833333333333,63.75,7.579166666666667,28.75,66.0,6.866666666666667,28.15416666666667,74.45833333333333,6.4,29.651388888888885,62.48611111111112,7.352777777777779,29.152380952380952,67.08333333333334,6.942857142857143,990.5666666666666,-2.537499999999909,0,-0.6213753323820594,-0.7835130479494807,-0.1274056957357864,3.0,74,3,1.0,6.123233995736766e-17,Unhealthy,Unhealthy,Moderate
2024-03-15,41.4,30.883333333333336,55.125,989.575,8.270833333333334,187.45103858300544,Unhealthy,39.3,45.2,53.6,41.96666666666667,44.74285714285714,-12.200000000000005,30.495833333333334,57.708333333333336,7.6125,29.70833333333333,63.75,7.579166666666667,28.75,66.0,6.866666666666667,30.3625,58.86111111111112,7.820833333333335,29.28333333333333,65.88095238095238,6.993452380952381,989.7625,-2.1708333333333485,0,-0.129678917423246,-0.9915560389488508,-0.1607479299363386,3.0,75,3,1.0,6.123233995736766e-17,Unhealthy,Moderate,Unhealthy
2024-03-16,42.9,28.9875,67.625,991.2041666666668,8.275,177.7458860911048,Unhealthy,41.4,39.3,45.2,41.2,44.85714285714285,-2.3000000000000043,30.883333333333336,55.125,8.270833333333334,30.495833333333334,57.708333333333336,7.6125,29.70833333333333,63.75,7.579166666666667,30.12222222222222,60.15277777777779,8.052777777777779,29.389285714285712,65.04166666666666,7.251190476190477,989.575,0.6375000000001592,0,0.0393315615569891,-0.9992262147609464,0.4681918659234981,3.0,76,3,1.0,6.123233995736766e-17,Moderate,Unhealthy,Unhealthy
2024-03-17,36.7,31.704166666666666,50.333333333333336,990.5,8.320833333333333,217.2284106190336,Moderate,42.9,41.4,39.3,40.333333333333336,43.771428571428565,-2.5999999999999943,28.9875,67.625,8.275,30.883333333333336,55.125,8.270833333333334,30.495833333333334,57.708333333333336,7.6125,30.524999999999995,57.69444444444446,8.28888888888889,29.811904761904763,62.142857142857146,7.617857142857143,991.2041666666668,0.7374999999999545,0,-0.6049940069228804,-0.7962300242941092,0.0397796548356811,3.0,77,3,1.0,6.123233995736766e-17,Unhealthy,Unhealthy,Moderate
2024-03-18,42.6,31.8,48.125,989.3458333333332,4.570833333333334,203.20521682366925,Unhealthy,36.7,42.9,41.4,40.73333333333333,43.10000000000001,1.2000000000000028,31.704166666666666,50.333333333333336,8.320833333333333,28.9875,67.625,8.275,30.883333333333336,55.125,8.270833333333334,30.830555555555552,55.36111111111112,7.055555555555557,30.33273809523809,58.38095238095239,7.356547619047619,990.5,-0.2291666666668561,0,-0.3940255959194527,-0.9190994667392208,0.109630359049426,2.0,78,3,1.0,6.123233995736766e-17,Unhealthy,Moderate,Good
2024-03-19,46.6,28.1375,70.58333333333333,990.7833333333332,6.933333333333334,296.40248334786776,Unhealthy,42.6,36.7,42.9,41.96666666666667,42.1,3.700000000000003,31.8,48.125,4.570833333333334,31.704166666666666,50.333333333333336,8.320833333333333,28.9875,67.625,8.275,30.547222222222217,56.34722222222223,6.608333333333335,30.245238095238097,59.035714285714285,7.366071428571429,989.3458333333332,-0.4208333333335758,0,-0.8956924877548067,0.4446740012409151,0.6054677520334525,3.0,79,3,1.0,6.123233995736766e-17,Moderate,Good,Unhealthy
2024-03-20,35.8,25.975,73.375,993.7541666666666,12.358333333333334,46.13247329473654,Moderate,46.6,42.6,36.7,41.66666666666666,40.75714285714286,-0.9000000000000057,28.1375,70.58333333333333,6.933333333333334,31.8,48.125,4.570833333333334,31.704166666666666,50.333333333333336,8.320833333333333,28.6375,64.02777777777779,7.954166666666669,29.71190476190477,60.410714285714285,8.048809523809524,990.7833333333332,3.254166666666606,1,0.7209439924499534,0.6929933331211213,1.596082831826469,3.0,80,3,1.0,6.123233995736766e-17,Good,Unhealthy,Unhealthy
2024-03-21,21.5,25.775,67.41666666666667,992.1541666666668,6.983333333333333,38.274260571644334,Good,35.8,46.6,42.6,34.63333333333333,38.21428571428572,-21.1,25.975,73.375,12.358333333333334,28.1375,70.58333333333333,6.933333333333334,31.8,48.125,4.570833333333334,26.629166666666663,70.45833333333333,8.758333333333336,29.0375,61.79761904761904,7.958928571428571,993.7541666666666,2.8083333333336213,1,0.6194264180782575,0.78505471948568,1.4015811218764789,2.0,81,3,1.0,6.123233995736766e-17,Unhealthy,Unhealthy,Moderate
2024-03-22,39.2,27.879166666666663,70.70833333333333,987.9541666666668,5.058333333333334,219.58033689596053,Unhealthy,21.5,35.8,46.6,32.166666666666664,37.9,-7.399999999999999,25.775,67.41666666666667,6.983333333333333,25.975,73.375,12.358333333333334,28.1375,70.58333333333333,6.933333333333334,26.543055555555554,70.50000000000001,8.133333333333336,28.60833333333333,64.02380952380952,7.5,992.1541666666668,-2.829166666666424,0,-0.6371595229312675,-0.7707319523271365,0.0578854762410835,1.0,82,3,1.0,6.123233995736766e-17,Unhealthy,Moderate,Unhealthy
2024-03-23,46.7,29.4125,66.79166666666667,987.6375,8.479166666666666,217.138932824784,Unhealthy,39.2,21.5,35.8,35.800000000000004,38.44285714285714,10.900000000000006,27.879166666666663,70.70833333333333,5.058333333333334,25.775,67.41666666666667,6.983333333333333,25.975,73.375,12.358333333333334,27.688888888888886,68.30555555555556,6.84027777777778,28.66904761904762,63.90476190476191,7.529166666666667,987.9541666666668,-6.116666666666561,0,-0.6037498114933149,-0.7971738612886067,-0.4713973965690776,3.0,83,3,1.0,6.123233995736766e-17,Moderate,Unhealthy,Unhealthy
2024-03-24,35.2,29.5625,65.0,989.4458333333332,7.3,242.7418903692579,Moderate,46.7,39.2,21.5,40.36666666666667,38.22857142857144,13.700000000000005,29.4125,66.79166666666667,8.479166666666666,27.879166666666663,70.70833333333333,5.058333333333334,25.775,67.41666666666667,6.983333333333333,28.95138888888889,67.5,6.945833333333336,28.36309523809524,66.0,7.383333333333333,987.6375,-2.7083333333335986,0,-0.8889523252179456,-0.4579997418008091,-0.364273091314466,3.0,84,3,1.0,6.123233995736766e-17,Unhealthy,Unhealthy,Moderate
2024-03-25,38.3,29.95,63.125,989.4791666666666,7.3125,228.0248890067722,Unhealthy,35.2,46.7,39.2,40.06666666666667,37.614285714285714,-0.9000000000000057,29.5625,65.0,7.3,29.4125,66.79166666666667,8.479166666666666,27.879166666666663,70.70833333333333,5.058333333333334,29.641666666666666,64.97222222222223,7.697222222222224,28.098809523809525,68.14285714285714,7.774999999999999,989.4458333333332,1.5249999999998636,0,-0.7434354224200531,-0.66880772475437,-0.1460386246756675,2.0,85,3,1.0,6.123233995736766e-17,Unhealthy,Moderate,Moderate
2024-03-26,41.2,28.504166666666663,71.54166666666667,990.9458333333332,6.0625,222.09506177952144,Unhealthy,38.3,35.2,46.7,38.23333333333333,36.84285714285714,-5.5,29.95,63.125,7.3125,29.5625,65.0,7.3,29.4125,66.79166666666667,8.479166666666666,29.338888888888885,66.55555555555556,6.891666666666669,28.15119047619047,68.27976190476191,7.650595238095238,989.4791666666666,3.3083333333331666,0,-0.6703626669017475,-0.7420336210876005,0.6009019591307044,3.0,86,3,1.0,6.123233995736766e-17,Moderate,Moderate,Moderate
2024-03-27,30.6,27.85833333333333,75.79166666666667,992.8708333333334,5.895833333333333,191.21728998644363,Moderate,41.2,38.3,35.2,36.7,36.1,-4.600000000000001,28.504166666666663,71.54166666666667,6.0625,29.95,63.125,7.3125,29.5625,65.0,7.3,28.77083333333333,70.15277777777779,6.423611111111113,28.42023809523809,68.625,6.727380952380952,990.9458333333332,3.425000000000182,0,-0.1945303624534475,-0.9808964971309307,0.9796237476742624,3.0,87,3,1.0,6.123233995736766e-17,Moderate,Moderate,Moderate
2024-03-28,31.8,28.45833333333333,74.29166666666667,990.3083333333334,5.566666666666666,226.81726595609464,Moderate,30.6,41.2,38.3,34.53333333333334,37.57142857142857,-6.4999999999999964,27.85833333333333,75.79166666666667,5.895833333333333,28.504166666666663,71.54166666666667,6.0625,29.95,63.125,7.3125,28.273611111111105,73.87500000000001,5.841666666666669,28.803571428571423,69.60714285714286,6.525,992.8708333333334,0.8291666666667652,0,-0.7291748810715819,-0.6843274017707053,0.7523780619341918,2.0,88,3,1.0,6.123233995736766e-17,Moderate,Moderate,Moderate
2024-03-29,35.0,28.379166666666663,73.58333333333333,989.9458333333332,5.483333333333333,181.91763975585584,Moderate,31.8,30.6,41.2,32.46666666666667,36.971428571428575,-6.200000000000003,28.45833333333333,74.29166666666667,5.566666666666666,27.85833333333333,75.79166666666667,5.895833333333333,28.504166666666663,71.54166666666667,6.0625,28.23194444444444,74.55555555555556,5.648611111111113,28.875,70.01785714285714,6.5857142857142845,990.3083333333334,-1.0,0,-0.033462879368272,-0.9994399610303684,0.5014498445839616,2.0,89,3,1.0,6.123233995736766e-17,Moderate,Moderate,Moderate
2024-03-30,36.5,29.775,66.83333333333333,991.0,7.691666666666666,233.97745930606868,Moderate,35.0,31.8,30.6,34.43333333333334,35.51428571428572,5.899999999999999,28.379166666666663,73.58333333333333,5.483333333333333,28.45833333333333,74.29166666666667,5.566666666666666,27.85833333333333,75.79166666666667,5.895833333333333,28.870833333333326,71.56944444444444,6.2472222222222245,28.92678571428571,70.02380952380952,6.473214285714286,989.9458333333332,-1.870833333333394,0,-0.8087856915755469,-0.5881034816277356,0.1883589211113664,2.0,90,3,1.0,6.123233995736766e-17,Moderate,Moderate,Unhealthy
2024-03-31,29.3,31.5875,53.79166666666666,989.8666666666668,10.916666666666666,236.7258206981224,Moderate,36.5,35.0,31.8,33.6,34.67142857142857,-2.5,29.775,66.83333333333333,7.691666666666666,28.379166666666663,73.58333333333333,5.483333333333333,28.45833333333333,74.29166666666667,5.566666666666666,29.91388888888888,64.73611111111111,8.030555555555557,29.21607142857143,68.42261904761905,6.989880952380952,991.0,-0.441666666666606,0,-0.8360546970228613,-0.548646100492851,-0.3265661164054627,2.0,91,3,1.0,6.123233995736766e-17,Moderate,Unhealthy,Unhealthy
2024-04-01,31.4,32.03333333333333,48.208333333333336,987.3208333333332,10.333333333333334,238.6182761977548,Moderate,29.3,36.5,35.0,32.4,33.68571428571429,-3.6000000000000014,31.5875,53.79166666666666,10.916666666666666,29.775,66.83333333333333,7.691666666666666,28.379166666666663,73.58333333333333,5.483333333333333,31.13194444444444,56.27777777777778,9.647222222222224,29.51369047619048,66.29166666666666,7.421428571428572,989.8666666666668,-2.625,0,-0.8537169454103942,-0.5207373398548888,-0.8445305085042314,2.0,92,4,0.8660254037844387,-0.4999999999999998,Unhealthy,Unhealthy,Unhealthy
2024-04-02,43.5,32.3375,50.66666666666666,985.975,9.520833333333334,237.6876137914156,Unhealthy,31.4,29.3,36.5,34.733333333333334,34.01428571428572,7.0,32.03333333333333,48.208333333333336,10.333333333333334,31.5875,53.79166666666666,10.916666666666666,29.775,66.83333333333333,7.691666666666666,31.986111111111104,50.88888888888889,10.256944444444446,30.061309523809523,63.30952380952381,7.91547619047619,987.3208333333332,-5.024999999999977,0,-0.8451462971157004,-0.5345350657081538,-0.8553730557262327,2.0,93,4,0.8660254037844387,-0.4999999999999998,Unhealthy,Unhealthy,Unhealthy
2024-04-03,46.0,32.44583333333333,48.91666666666666,986.6708333333332,9.354166666666666,236.1757901256779,Unhealthy,43.5,31.4,29.3,40.3,36.21428571428572,16.7,32.3375,50.66666666666666,9.520833333333334,32.03333333333333,48.208333333333336,10.333333333333334,31.5875,53.79166666666666,10.916666666666666,32.27222222222222,49.26388888888889,9.736111111111114,30.716666666666665,59.47023809523809,8.40952380952381,985.975,-3.195833333333553,0,-0.8307493368264017,-0.5566466916837769,-0.4357616789491846,3.0,94,4,0.8660254037844387,-0.4999999999999998,Unhealthy,Unhealthy,Unhealthy
2024-04-04,49.9,32.49166666666667,52.04166666666666,986.4041666666668,8.083333333333334,238.281583887581,Unhealthy,46.0,43.5,31.4,46.46666666666667,38.8,18.5,32.44583333333333,48.91666666666666,9.354166666666666,32.3375,50.66666666666666,9.520833333333334,32.03333333333333,48.208333333333336,10.333333333333334,32.425000000000004,50.54166666666666,8.986111111111112,31.292857142857144,56.29166666666666,8.769047619047617,986.6708333333332,-0.9166666666664014,0,-0.8506421674350453,-0.5257450931596113,-0.311764083046844,3.0,95,4,0.8660254037844387,-0.4999999999999998,Unhealthy,Unhealthy,Unhealthy
2024-04-05,52.3,32.87083333333333,51.0,985.6791666666668,6.5375000000000005,254.7178784173388,Unhealthy,49.9,46.0,43.5,49.4,41.27142857142858,8.799999999999997,32.49166666666667,52.04166666666666,8.083333333333334,32.44583333333333,48.91666666666666,9.354166666666666,32.3375,50.66666666666666,9.520833333333334,32.602777777777774,50.65277777777778,7.99166666666667,31.934523809523807,53.06547619047619,8.919642857142858,986.4041666666668,-0.2958333333332348,0,-0.9646397097185424,-0.2635720592819466,-0.288646626357582,3.0,96,4,0.8660254037844387,-0.4999999999999998,Unhealthy,Unhealthy,Moderate
2024-04-06,42.5,33.5125,47.04166666666666,986.1916666666666,6.579166666666667,214.1750235572291,Unhealthy,52.3,49.9,46.0,48.23333333333333,42.12857142857143,-3.5,32.87083333333333,51.0,6.5375000000000005,32.49166666666667,52.04166666666666,8.083333333333334,32.44583333333333,48.91666666666666,9.354166666666666,32.95833333333333,50.02777777777778,7.06666666666667,32.46845238095238,50.238095238095234,8.760714285714286,985.6791666666668,-0.4791666666666287,0,-0.5617227825331382,-0.8273255197219705,-0.2297006644516177,3.0,97,4,0.8660254037844387,-0.4999999999999998,Unhealthy,Moderate,Moderate
2024-04-07,37.7,33.49583333333333,50.333333333333336,986.1875,7.991666666666667,229.1048424218331,Unhealthy,42.5,52.3,49.9,44.16666666666666,43.32857142857143,-12.199999999999996,33.5125,47.04166666666666,6.579166666666667,32.87083333333333,51.0,6.5375000000000005,32.49166666666667,52.04166666666666,8.083333333333334,33.293055555555554,49.458333333333336,7.036111111111114,32.74107142857143,49.74404761904761,8.342857142857143,986.1916666666666,-0.2166666666668106,0,-0.7559088026767228,-0.6546769295124454,-0.2160080450958511,3.0,98,4,0.8660254037844387,-0.4999999999999998,Moderate,Moderate,Unhealthy
2024-04-08,34.6,33.99166666666667,48.875,986.9541666666668,6.383333333333333,245.85381367578344,Moderate,37.7,42.5,52.3,38.26666666666667,43.785714285714285,-17.699999999999996,33.49583333333333,50.333333333333336,7.991666666666667,33.5125,47.04166666666666,6.579166666666667,32.87083333333333,51.0,6.5375000000000005,33.666666666666664,48.75,6.984722222222224,33.02083333333333,49.83928571428572,7.778571428571429,986.1875,1.2749999999999773,0,-0.9125047241041836,-0.4090661663931005,-0.1546890429702806,3.0,99,4,0.8660254037844387,-0.4999999999999998,Moderate,Unhealthy,Unhealthy
2024-04-09,35.1,32.233333333333334,54.0,988.05,7.579166666666667,161.20875489332127,Moderate,34.6,37.7,42.5,35.800000000000004,42.58571428571429,-7.399999999999999,33.99166666666667,48.875,6.383333333333333,33.49583333333333,50.333333333333336,7.991666666666667,33.5125,47.04166666666666,6.579166666666667,33.24027777777777,51.06944444444446,7.318055555555557,33.00595238095239,50.31547619047619,7.501190476190477,986.9541666666668,1.8583333333333485,0,0.3221210418392722,-0.9466984918147816,0.3320427430998973,2.0,100,4,0.8660254037844387,-0.4999999999999998,Unhealthy,Unhealthy,Unhealthy
2024-04-10,50.3,30.7,63.04166666666666,990.0333333333332,8.225,54.10003693267822,Unhealthy,35.1,34.6,37.7,40.0,43.2,12.599999999999994,32.233333333333334,54.0,7.579166666666667,33.99166666666667,48.875,6.383333333333333,33.49583333333333,50.333333333333336,7.991666666666667,32.30833333333333,55.30555555555557,7.395833333333336,32.756547619047616,52.33333333333333,7.339880952380952,988.05,3.845833333333189,1,0.8100420184193939,0.5863718345853886,0.781815195721321,2.0,101,4,0.8660254037844387,-0.4999999999999998,Unhealthy,Unhealthy,Unhealthy
2024-04-11,49.6,31.454166666666666,59.29166666666666,989.6416666666668,6.9125000000000005,60.89712914001575,Unhealthy,50.3,35.1,34.6,45.0,43.15714285714286,15.0,30.7,63.04166666666666,8.225,32.233333333333334,54.0,7.579166666666667,33.99166666666667,48.875,6.383333333333333,31.462499999999995,58.77777777777778,7.5722222222222255,32.608333333333334,53.36904761904761,7.172619047619048,990.0333333333332,2.6875,1,0.873747853637951,0.4863791610082341,0.6793118960054887,3.0,102,4,0.8660254037844387,-0.4999999999999998,Unhealthy,Unhealthy,Unhealthy
2024-04-12,56.4,31.65416666666667,59.79166666666666,988.5583333333334,6.391666666666667,292.57020674826435,Unhealthy,49.6,50.3,35.1,52.1,43.74285714285714,21.3,31.454166666666666,59.29166666666666,6.9125000000000005,30.7,63.04166666666666,8.225,32.233333333333334,54.0,7.579166666666667,31.26944444444444,60.708333333333336,7.176388888888892,32.43452380952381,54.62499999999999,7.151785714285714,989.6416666666668,0.5083333333334394,0,-0.9234099221451878,0.3838152103341115,0.2768563197853538,3.0,103,4,0.8660254037844387,-0.4999999999999998,Unhealthy,Unhealthy,Unhealthy
2024-04-13,56.3,31.9125,59.0,987.8666666666668,7.725,249.65532178287253,Unhealthy,56.4,49.6,50.3,54.1,45.71428571428572,6.0,31.65416666666667,59.79166666666666,6.391666666666667,31.454166666666666,59.29166666666666,6.9125000000000005,30.7,63.04166666666666,8.225,31.67361111111111,59.36111111111112,7.0097222222222255,32.20595238095238,56.33333333333333,7.315476190476191,988.5583333333334,-2.1666666666664014,0,-0.9376181153192212,-0.3476668949227573,-0.0829008844745933,3.0,104,4,0.8660254037844387,-0.4999999999999998,Unhealthy,Unhealthy,Unhealthy
2024-04-14,45.5,32.075,58.875,988.4791666666666,7.5125,229.41901304256723,Unhealthy,56.3,56.4,49.6,52.73333333333333,46.82857142857143,-4.100000000000001,31.9125,59.0,7.725,31.65416666666667,59.79166666666666,6.391666666666667,31.454166666666666,59.29166666666666,6.9125000000000005,31.88055555555556,59.22222222222223,7.209722222222225,32.00297619047619,57.55357142857142,7.24702380952381,987.8666666666668,-1.1625000000001364,0,-0.759487218568492,-0.6505222247018896,0.0582039401389063,3.0,105,4,0.8660254037844387,-0.4999999999999998,Unhealthy,Unhealthy,Moderate
2024-04-15,41.6,32.61666666666667,55.29166666666666,988.6458333333334,6.208333333333333,226.17888467486253,Unhealthy,45.5,56.3,56.4,47.79999999999999,47.82857142857143,-14.799999999999995,32.075,58.875,7.5125,31.9125,59.0,7.725,31.65416666666667,59.79166666666666,6.391666666666667,32.201388888888886,57.72222222222223,7.148611111111113,31.80654761904762,58.47023809523809,7.222023809523809,988.4791666666666,0.0874999999999772,0,-0.7215051022199472,-0.6924091185640058,0.0223338936004636,3.0,106,4,0.8660254037844387,-0.4999999999999998,Unhealthy,Moderate,Moderate
2024-04-16,40.9,32.72083333333333,52.04166666666666,987.6583333333332,6.7625,232.5846316909792,Unhealthy,41.6,45.5,56.3,42.66666666666666,48.65714285714285,-15.4,32.61666666666667,55.29166666666666,6.208333333333333,32.075,58.875,7.5125,31.9125,59.0,7.725,32.47083333333333,55.40277777777778,6.82777777777778,31.87619047619048,58.19047619047618,7.105357142857143,988.6458333333334,-0.2083333333335986,0,-0.7942516770004178,-0.6075889017930003,-0.0140075128478247,3.0,107,4,0.8660254037844387,-0.4999999999999998,Moderate,Moderate,Moderate
2024-04-17,35.5,33.025,48.41666666666666,986.8625,8.591666666666667,226.5157138530116,Moderate,40.9,41.6,45.5,39.333333333333336,46.54285714285714,-10.0,32.72083333333333,52.04166666666666,6.7625,32.61666666666667,55.29166666666666,6.208333333333333,32.075,58.875,7.5125,32.7875,51.91666666666666,7.187500000000003,32.208333333333336,56.10119047619048,7.157738095238096,987.6583333333332,-1.6166666666666742,0,-0.7255631308043897,-0.6881556097405092,-0.1562541110690944,3.0,108,4,0.8660254037844387,-0.4999999999999998,Moderate,Moderate,Moderate
2024-04-18,34.1,33.175000000000004,47.333333333333336,985.6041666666666,9.866666666666667,219.10606313364715,Moderate,35.5,40.9,41.6,36.833333333333336,44.32857142857143,-7.5,33.025,48.41666666666666,8.591666666666667,32.72083333333333,52.04166666666666,6.7625,32.61666666666667,55.29166666666666,6.208333333333333,32.97361111111112,49.26388888888889,8.406944444444447,32.454166666666666,54.39285714285713,7.579761904761905,986.8625,-3.0416666666667425,0,-0.6307579264074035,-0.7759796635700144,-0.3454187509367581,2.0,109,4,0.8660254037844387,-0.4999999999999998,Moderate,Moderate,Unhealthy
2024-04-19,32.9,32.78333333333333,51.5,984.425,13.020833333333334,214.5122390005897,Moderate,34.1,35.5,40.9,34.166666666666664,40.971428571428575,-8.0,33.175000000000004,47.333333333333336,9.866666666666667,33.025,48.41666666666666,8.591666666666667,32.72083333333333,52.04166666666666,6.7625,32.99444444444445,49.08333333333334,10.49305555555556,32.615476190476194,53.20833333333333,8.526785714285715,985.6041666666666,-3.233333333333235,0,-0.5665822663028427,-0.8240051792987315,-0.602738951676988,2.0,110,4,0.8660254037844387,-0.4999999999999998,Moderate,Unhealthy,Unhealthy
2024-04-20,35.0,33.3875,48.333333333333336,984.1291666666666,12.7375,231.6699082569052,Moderate,32.9,34.1,35.5,34.0,37.92857142857143,-0.5,32.78333333333333,51.5,13.020833333333334,33.175000000000004,47.333333333333336,9.866666666666667,33.025,48.41666666666666,8.591666666666667,33.11527777777778,49.05555555555557,11.875000000000002,32.82619047619048,51.6845238095238,9.242857142857144,984.425,-2.7333333333333485,0,-0.7844507543694466,-0.6201911108434288,-0.8336766617375725,2.0,111,4,0.8660254037844387,-0.4999999999999998,Unhealthy,Unhealthy,Moderate
2024-04-21,40.6,33.583333333333336,46.708333333333336,985.0583333333334,11.8375,234.35740399177183,Unhealthy,35.0,32.9,34.1,36.16666666666666,37.22857142857144,6.5,33.3875,48.333333333333336,12.7375,32.78333333333333,51.5,13.020833333333334,33.175000000000004,47.333333333333336,9.866666666666667,33.25138888888889,48.84722222222223,12.531944444444449,33.041666666666664,49.94642857142857,9.860714285714286,984.1291666666666,-0.5458333333332348,0,-0.8126677625394902,-0.5827273013417672,-0.8208506502123821,2.0,112,4,0.8660254037844387,-0.4999999999999998,Unhealthy,Moderate,Moderate
2024-04-22,43.1,33.88333333333333,45.0,984.8083333333334,9.075,242.82909033827065,Unhealthy,40.6,35.0,32.9,39.56666666666666,37.442857142857136,10.200000000000005,33.583333333333336,46.708333333333336,11.8375,33.3875,48.333333333333336,12.7375,32.78333333333333,51.5,13.020833333333334,33.61805555555555,46.68055555555557,11.216666666666669,33.22261904761905,48.47619047619048,10.270238095238096,985.0583333333334,0.3833333333334394,0,-0.8896483374011724,-0.456646291739383,-0.8224020365691188,3.0,113,4,0.8660254037844387,-0.4999999999999998,Moderate,Moderate,Moderate
2024-04-23,36.0,33.891666666666666,46.25,984.7125,9.791666666666666,210.7797853726092,Moderate,43.1,40.6,35.0,39.9,36.74285714285714,1.0,33.88333333333333,45.0,9.075,33.583333333333336,46.708333333333336,11.8375,33.3875,48.333333333333336,12.7375,33.78611111111112,45.98611111111112,10.234722222222224,33.38988095238096,47.648809523809526,10.70297619047619,984.8083333333334,0.5833333333333712,0,-0.5117397818166045,-0.8591404982343075,-0.6225285639656837,3.0,114,4,0.8660254037844387,-0.4999999999999998,Moderate,Moderate,Moderate
2024-04-24,30.4,34.25833333333333,42.16666666666666,984.9291666666668,9.2625,214.11619399329248,Moderate,36.0,43.1,40.6,36.5,36.01428571428572,-10.200000000000005,33.891666666666666,46.25,9.791666666666666,33.88333333333333,45.0,9.075,33.583333333333336,46.708333333333336,11.8375,34.01111111111111,44.47222222222223,9.37638888888889,33.566071428571426,46.75595238095237,10.798809523809524,984.7125,-0.129166666666606,0,-0.5608730138994796,-0.827901843384416,-0.5375037431263857,2.0,115,4,0.8660254037844387,-0.4999999999999998,Moderate,Moderate,Good
2024-04-25,28.1,34.50833333333333,43.04166666666666,985.1333333333332,8.520833333333334,243.9389155103548,Moderate,30.4,36.0,43.1,31.5,35.15714285714286,-15.0,34.25833333333333,42.16666666666666,9.2625,33.891666666666666,46.25,9.791666666666666,33.88333333333333,45.0,9.075,34.21944444444444,43.81944444444445,9.191666666666668,33.756547619047616,46.142857142857146,10.606547619047618,984.9291666666668,0.3249999999998181,0,-0.8983261769492856,-0.439329124697738,-0.4886295745703506,2.0,116,4,0.8660254037844387,-0.4999999999999998,Moderate,Good,Moderate
2024-04-26,25.6,35.141666666666666,37.79166666666666,984.4625,11.404166666666669,237.1856109386668,Moderate,28.1,30.4,36.0,28.03333333333333,34.114285714285714,-10.4,34.50833333333333,43.04166666666666,8.520833333333334,34.25833333333333,42.16666666666666,9.2625,33.891666666666666,46.25,9.791666666666666,34.63611111111111,41.0,9.72916666666667,34.09345238095238,44.1845238095238,10.375595238095238,985.1333333333332,-0.25,0,-0.840430534287965,-0.5419192901497838,-0.7212362879231575,2.0,117,4,0.8660254037844387,-0.4999999999999998,Good,Moderate,Moderate
2024-04-27,23.1,34.90416666666667,38.91666666666666,984.225,11.995833333333332,257.37326499469805,Good,25.6,28.1,30.4,25.600000000000005,32.41428571428572,-7.299999999999997,35.141666666666666,37.79166666666666,11.404166666666669,34.50833333333333,43.04166666666666,8.520833333333334,34.25833333333333,42.16666666666666,9.2625,34.85138888888889,39.91666666666666,10.64027777777778,34.31011904761905,42.83928571428571,10.269642857142856,984.4625,-0.7041666666667652,0,-0.9758148670383372,-0.2185985939272075,-0.7392237381701124,2.0,118,4,0.8660254037844387,-0.4999999999999998,Moderate,Moderate,Moderate
2024-04-28,28.5,35.1375,40.833333333333336,985.0791666666668,11.304166666666667,239.21337852330345,Moderate,23.1,25.6,28.1,25.73333333333333,30.685714285714287,0.3999999999999986,34.90416666666667,38.91666666666666,11.995833333333332,35.141666666666666,37.79166666666666,11.404166666666669,34.50833333333333,43.04166666666666,8.520833333333334,35.06111111111111,39.18055555555556,11.568055555555558,34.53214285714286,41.99999999999999,10.19345238095238,984.225,-0.0541666666664468,0,-0.8590794351541439,-0.5118422843955325,-0.752398366567402,1.0,119,4,0.8660254037844387,-0.4999999999999998,Moderate,Moderate,Moderate
2024-04-29,25.3,35.44583333333333,39.625,985.6833333333334,10.025,232.2650579455492,Moderate,28.5,23.1,25.6,25.633333333333336,28.142857142857142,-0.3000000000000007,35.1375,40.833333333333336,11.304166666666667,34.90416666666667,38.91666666666666,11.995833333333332,35.141666666666666,37.79166666666666,11.404166666666669,35.1625,39.79166666666668,11.108333333333334,34.75535714285714,41.23214285714285,10.329166666666667,985.0791666666668,1.2208333333334167,0,-0.7908504437050499,-0.6120094571912478,-0.5866251485897225,2.0,120,4,0.8660254037844387,-0.4999999999999998,Moderate,Moderate,Unhealthy
2024-04-30,28.2,35.375,38.875,983.4375,13.25,227.9954973185953,Moderate,25.3,28.5,23.1,27.33333333333333,27.02857142857143,5.099999999999998,35.44583333333333,39.625,10.025,35.1375,40.833333333333336,11.304166666666667,34.90416666666667,38.91666666666666,11.995833333333332,35.31944444444445,39.77777777777779,11.52638888888889,34.967261904761905,40.17857142857142,10.823214285714286,985.6833333333334,-0.7875000000000227,0,-0.7430922384728689,-0.6691890055293653,-0.883047134761162,2.0,121,4,0.8660254037844387,-0.4999999999999998,Moderate,Unhealthy,Unhealthy
2024-05-01,34.5,35.15,44.083333333333336,982.8416666666668,13.070833333333333,221.15226125020988,Moderate,28.2,25.3,28.5,29.33333333333333,27.61428571428572,6.0,35.375,38.875,13.25,35.44583333333333,39.625,10.025,35.1375,40.833333333333336,11.304166666666667,35.32361111111111,40.86111111111112,12.11527777777778,35.09464285714286,40.45238095238095,11.367261904761904,983.4375,-2.2374999999999545,0,-0.6580623206820804,-0.7529634666426485,-0.926745473076644,2.0,122,5,0.4999999999999999,-0.8660254037844387,Unhealthy,Unhealthy,Moderate
2024-05-02,43.3,35.475,39.0,983.8875,14.608333333333334,202.3916239352272,Unhealthy,34.5,28.2,25.3,35.333333333333336,29.785714285714285,17.999999999999996,35.15,44.083333333333336,13.070833333333333,35.375,38.875,13.25,35.44583333333333,39.625,10.025,35.333333333333336,40.65277777777779,13.643055555555556,35.2327380952381,39.875,12.236904761904762,982.8416666666668,-1.7958333333333485,0,-0.3809352129785418,-0.9246017323761584,-0.991764852905217,2.0,123,5,0.4999999999999999,-0.8660254037844387,Unhealthy,Moderate,Moderate
2024-05-03,40.3,34.225,45.375,985.4708333333332,9.604166666666666,247.57319246876705,Unhealthy,43.3,34.5,28.2,39.36666666666667,31.885714285714283,12.099999999999998,35.475,39.0,14.608333333333334,35.15,44.083333333333336,13.070833333333333,35.375,38.875,13.25,34.95,42.81944444444446,12.42777777777778,35.10178571428572,40.95833333333333,11.979761904761904,983.8875,2.0333333333331893,0,-0.9243676373345868,-0.3815029109305375,-0.4996486087170731,3.0,124,5,0.4999999999999999,-0.8660254037844387,Moderate,Moderate,Moderate
2024-05-04,32.3,33.74583333333333,46.083333333333336,985.4666666666668,6.699999999999999,212.34494330685547,Moderate,40.3,43.3,34.5,38.63333333333333,33.2,-2.200000000000003,34.225,45.375,9.604166666666666,35.475,39.0,14.608333333333334,35.15,44.083333333333336,13.070833333333333,34.481944444444444,43.48611111111112,10.304166666666667,34.93630952380953,41.98214285714285,11.223214285714286,985.4708333333332,2.625,0,-0.5350152156491511,-0.8448424225995593,-0.2258975726334857,3.0,125,5,0.4999999999999999,-0.8660254037844387,Moderate,Moderate,Moderate
2024-05-05,35.0,32.90833333333333,55.0,985.4666666666668,9.325,208.14044360386907,Moderate,32.3,40.3,43.3,35.86666666666667,34.128571428571426,-8.299999999999997,33.74583333333333,46.083333333333336,6.699999999999999,34.225,45.375,9.604166666666666,35.475,39.0,14.608333333333334,33.62638888888889,48.81944444444446,8.543055555555556,34.61785714285714,44.00595238095239,10.940476190476192,985.4666666666668,1.5791666666667652,0,-0.4716344342874951,-0.881794171218156,0.1657974868221305,2.0,126,5,0.4999999999999999,-0.8660254037844387,Moderate,Moderate,Moderate
2024-05-06,35.4,30.9125,64.625,987.5208333333334,8.083333333333334,153.9551196293521,Moderate,35.0,32.3,40.3,34.23333333333333,35.57142857142857,-4.899999999999999,32.90833333333333,55.0,9.325,33.74583333333333,46.083333333333336,6.699999999999999,34.225,45.375,9.604166666666666,32.52222222222222,55.23611111111112,8.036111111111113,33.970238095238095,47.57738095238096,10.663095238095238,985.4666666666668,2.050000000000182,0,0.439075046808025,-0.8984503899885239,0.5528888741201344,2.0,127,5,0.4999999999999999,-0.8660254037844387,Moderate,Moderate,Moderate
2024-05-07,28.2,29.23333333333333,71.91666666666667,989.7666666666668,6.791666666666667,154.67671583552263,Moderate,35.4,35.0,32.3,32.86666666666667,35.57142857142857,-4.099999999999998,30.9125,64.625,8.083333333333334,32.90833333333333,55.0,9.325,33.74583333333333,46.083333333333336,6.699999999999999,31.018055555555552,63.84722222222223,8.066666666666668,33.09285714285714,52.29761904761905,9.74047619047619,987.5208333333334,4.2999999999999545,0,0.4277252339768513,-0.9039088030434528,0.9790883007774452,2.0,128,5,0.4999999999999999,-0.8660254037844387,Moderate,Moderate,Moderate
2024-05-08,26.1,30.775,64.125,988.5583333333334,3.7625,206.3726461659908,Moderate,28.2,35.4,35.0,29.9,34.371428571428574,-8.899999999999999,29.23333333333333,71.91666666666667,6.791666666666667,30.9125,64.625,8.083333333333334,32.90833333333333,55.0,9.325,30.306944444444444,66.8888888888889,6.212500000000002,32.46785714285714,55.160714285714285,8.410714285714286,989.7666666666668,3.0916666666665837,0,-0.4442075027773745,-0.8959239334208506,0.6497315161282874,2.0,129,5,0.4999999999999999,-0.8660254037844387,Moderate,Moderate,Good
2024-05-09,28.2,30.2625,64.79166666666667,988.1375,8.1625,216.5278438454271,Moderate,26.1,28.2,35.4,27.5,32.214285714285715,-7.199999999999999,30.775,64.125,3.7625,29.23333333333333,71.91666666666667,6.791666666666667,30.9125,64.625,8.083333333333334,30.09027777777777,66.94444444444446,6.238888888888891,31.723214285714285,58.84523809523809,7.489880952380952,988.5583333333334,0.6166666666666742,0,-0.5952133642276153,-0.8035677015938634,0.3490886044597531,2.0,130,5,0.4999999999999999,-0.8660254037844387,Moderate,Good,Good
2024-05-10,32.5,30.004166666666663,68.66666666666667,988.9291666666668,5.279166666666667,0.1863369044850742,Moderate,28.2,26.1,28.2,28.933333333333334,31.1,4.300000000000001,30.2625,64.79166666666667,8.1625,30.775,64.125,3.7625,29.23333333333333,71.91666666666667,6.791666666666667,30.347222222222214,65.86111111111113,5.734722222222224,31.12023809523809,62.17261904761904,6.87202380952381,988.1375,-0.8374999999999773,1,0.0032521867683006,0.9999947116266286,0.2367925266001793,2.0,131,5,0.4999999999999999,-0.8660254037844387,Good,Good,Good
2024-05-11,23.2,30.041666666666668,67.29166666666667,989.7208333333332,5.666666666666667,304.3360609400303,Good,32.5,28.2,26.1,27.96666666666667,29.8,-2.900000000000002,30.004166666666663,68.66666666666667,5.279166666666667,30.2625,64.79166666666667,8.1625,30.775,64.125,3.7625,30.102777777777774,66.91666666666667,6.369444444444446,30.59107142857143,65.20238095238095,6.724404761904762,988.9291666666668,1.1624999999997954,0,-0.8257434576736358,0.5640458687989732,0.5060522688584657,2.0,132,5,0.4999999999999999,-0.8660254037844387,Good,Good,Good
2024-05-12,22.3,30.45,69.29166666666667,988.6583333333332,6.508333333333333,283.2518818638012,Good,23.2,32.5,28.2,26.0,27.985714285714284,-5.899999999999999,30.041666666666668,67.29166666666667,5.666666666666667,30.004166666666663,68.66666666666667,5.279166666666667,30.2625,64.79166666666667,8.1625,30.165277777777774,68.41666666666669,5.818055555555557,30.239880952380958,67.24404761904762,6.32202380952381,989.7208333333332,0.5208333333331439,0,-0.9733717299128936,0.2292323611673995,0.3016696044126217,1.0,133,5,0.4999999999999999,-0.8660254037844387,Good,Good,Moderate
2024-05-13,23.7,29.575,74.20833333333333,987.7916666666666,6.0,297.02327861522866,Good,22.3,23.2,32.5,23.066666666666663,26.31428571428572,-8.8,30.45,69.29166666666667,6.508333333333333,30.041666666666668,67.29166666666667,5.666666666666667,30.004166666666663,68.66666666666667,5.279166666666667,30.022222222222226,70.2638888888889,6.058333333333335,30.04880952380952,68.61309523809524,6.024404761904762,988.6583333333332,-1.1375000000001592,0,-0.890821999543525,0.4543524679467208,0.296303146138747,1.0,134,5,0.4999999999999999,-0.8660254037844387,Good,Moderate,Moderate
2024-05-14,22.3,30.416666666666668,65.33333333333333,988.2708333333334,4.929166666666666,69.95202444192302,Good,23.7,22.3,23.2,22.766666666666666,25.47142857142857,-0.8999999999999986,29.575,74.20833333333333,6.0,30.45,69.29166666666667,6.508333333333333,30.041666666666668,67.29166666666667,5.666666666666667,30.147222222222226,69.61111111111113,5.812500000000001,30.217857142857145,67.67261904761905,5.758333333333334,987.7916666666666,-1.449999999999818,1,0.9394059071767168,0.3428068575181802,0.2315388176474132,1.0,135,5,0.4999999999999999,-0.8660254037844387,Moderate,Moderate,Moderate
2024-05-15,30.1,30.829166666666666,65.29166666666667,988.5375,7.208333333333333,313.06058799291594,Moderate,22.3,23.7,22.3,25.366666666666664,26.042857142857144,7.800000000000001,30.416666666666668,65.33333333333333,4.929166666666666,29.575,74.20833333333333,6.0,30.45,69.29166666666667,6.508333333333333,30.27361111111111,68.27777777777779,6.045833333333334,30.225595238095234,67.83928571428571,6.250595238095237,988.2708333333334,-0.1208333333331665,0,-0.7306321068848938,0.6827713558644221,0.2319144172048751,1.0,136,5,0.4999999999999999,-0.8660254037844387,Moderate,Moderate,Moderate
2024-05-16,28.2,29.5125,74.375,988.5791666666668,5.979166666666667,98.39579976066484,Moderate,30.1,22.3,23.7,26.866666666666664,26.042857142857144,4.5,30.829166666666666,65.29166666666667,7.208333333333333,30.416666666666668,65.33333333333333,4.929166666666666,29.575,74.20833333333333,6.0,30.252777777777776,68.33333333333334,6.0388888888888905,30.118452380952384,69.20833333333334,5.938690476190476,988.5375,0.7875000000001364,0,0.9892830393602732,-0.1460105065880536,0.3130535355839007,2.0,137,5,0.4999999999999999,-0.8660254037844387,Moderate,Moderate,Good
2024-05-17,28.7,28.9875,76.33333333333333,987.9083333333332,5.566666666666666,61.84347656932931,Moderate,28.2,30.1,22.3,29.0,25.5,6.399999999999999,29.5125,74.375,5.979166666666667,30.829166666666666,65.29166666666667,7.208333333333333,30.416666666666668,65.33333333333333,4.929166666666666,29.77638888888889,72.0,6.25138888888889,29.973214285714285,70.30357142857143,5.979761904761905,988.5791666666668,-0.3625000000001819,1,0.8816617742137889,0.4718818876479514,0.4595852160473948,2.0,138,5,0.4999999999999999,-0.8660254037844387,Moderate,Good,Good
2024-05-18,32.3,29.429166666666664,75.45833333333333,985.9083333333332,7.416666666666667,204.47855348362145,Moderate,28.7,28.2,30.1,29.73333333333333,26.8,2.199999999999996,28.9875,76.33333333333333,5.566666666666666,29.5125,74.375,5.979166666666667,30.829166666666666,65.29166666666667,7.208333333333333,29.30972222222222,75.3888888888889,6.320833333333336,29.885714285714283,71.47023809523809,6.229761904761905,987.9083333333332,-2.6291666666668334,0,-0.4143526038949666,-0.9101164319170711,0.2490418900912103,2.0,139,5,0.4999999999999999,-0.8660254037844387,Good,Good,Good
2024-05-19,23.4,29.1875,76.33333333333333,984.4,9.3375,226.22058899966248,Good,32.3,28.7,28.2,28.13333333333333,26.95714285714286,-4.800000000000001,29.429166666666664,75.45833333333333,7.416666666666667,28.9875,76.33333333333333,5.566666666666666,29.5125,74.375,5.979166666666667,29.20138888888889,76.04166666666667,7.44027777777778,29.705357142857142,72.47619047619047,6.633928571428571,985.9083333333332,-4.179166666666788,0,-0.7220089002586921,-0.6918837676569916,-0.2072721642386536,2.0,140,5,0.4999999999999999,-0.8660254037844387,Good,Good,Good
2024-05-20,17.9,30.066666666666663,72.20833333333333,984.1208333333334,7.15,222.32612086114185,Good,23.4,32.3,28.7,24.53333333333333,26.128571428571423,-10.8,29.1875,76.33333333333333,9.3375,29.429166666666664,75.45833333333333,7.416666666666667,28.9875,76.33333333333333,5.566666666666666,29.561111111111103,74.66666666666667,7.9680555555555586,29.77559523809524,72.19047619047619,6.798214285714286,984.4,-3.7874999999997954,0,-0.6733496376990563,-0.7393241950663793,-0.5345910814416489,1.0,141,5,0.4999999999999999,-0.8660254037844387,Good,Good,Good
2024-05-21,16.0,27.55,82.45833333333333,986.0291666666668,6.5,183.1847911716875,Good,17.9,23.4,32.3,19.1,25.228571428571424,-16.299999999999997,30.066666666666663,72.20833333333333,7.15,29.1875,76.33333333333333,9.3375,29.429166666666664,75.45833333333333,7.416666666666667,28.934722222222224,77.0,7.662500000000001,29.366071428571427,74.63690476190477,7.022619047619047,984.1208333333334,0.1208333333336213,0,-0.0555564727902388,-0.9984555464972428,0.1982538629938702,1.0,142,5,0.4999999999999999,-0.8660254037844387,Good,Good,Very Good
2024-05-22,15.5,27.245833333333334,86.66666666666667,986.3416666666668,3.970833333333333,3.93734346516692,Good,16.0,17.9,23.4,16.466666666666665,23.142857142857142,-7.899999999999999,27.55,82.45833333333333,6.5,30.066666666666663,72.20833333333333,7.15,29.1875,76.33333333333333,9.3375,28.2875,80.44444444444446,5.873611111111114,28.854166666666664,77.69047619047618,6.560119047619048,986.0291666666668,1.9416666666668332,1,0.0686655332847515,0.9976397368482876,0.4339604623536675,1.0,143,5,0.4999999999999999,-0.8660254037844387,Good,Very Good,Very Good
2024-05-23,15.8,27.7125,84.29166666666667,986.1208333333334,3.7916666666666665,201.1702803393437,Good,15.5,16.0,17.9,15.766666666666666,21.37142857142857,-2.099999999999998,27.245833333333334,86.66666666666667,3.970833333333333,27.55,82.45833333333333,6.5,30.066666666666663,72.20833333333333,7.15,27.50277777777778,84.47222222222223,4.754166666666669,28.597023809523808,79.10714285714286,6.247619047619048,986.3416666666668,2.0,0,-0.3611409195698486,-0.9325112525928276,0.6047146642670765,1.0,144,5,0.4999999999999999,-0.8660254037844387,Very Good,Very Good,Very Good
2024-05-24,13.7,27.820833333333336,83.83333333333333,986.2916666666666,6.845833333333334,155.2828775563089,Very Good,15.8,15.5,16.0,15.0,19.228571428571428,-2.3000000000000007,27.7125,84.29166666666667,3.7916666666666665,27.245833333333334,86.66666666666667,3.970833333333333,27.55,82.45833333333333,6.5,27.593055555555555,84.93055555555557,4.869444444444447,28.43035714285714,80.17857142857143,6.430357142857143,986.1208333333334,0.2624999999998181,0,0.4181385564637876,-0.9083832603028196,0.1558721422803975,1.0,145,5,0.4999999999999999,-0.8660254037844387,Very Good,Very Good,Good
2024-05-25,13.4,29.27083333333333,73.875,986.6916666666666,5.133333333333334,201.9637705189634,Very Good,13.7,15.8,15.5,14.3,16.52857142857143,-2.1,27.820833333333336,83.83333333333333,6.845833333333334,27.7125,84.29166666666667,3.7916666666666665,27.245833333333334,86.66666666666667,3.970833333333333,28.268055555555552,80.66666666666667,5.256944444444447,28.40773809523809,79.95238095238095,6.104166666666666,986.2916666666666,0.3499999999997953,0,-0.3740202382112228,-0.9274205418300911,-0.1494395847004347,0.0,146,5,0.4999999999999999,-0.8660254037844387,Very Good,Good,Good
2024-05-26,14.8,29.329166666666666,73.5,987.3416666666668,5.408333333333332,232.95040986860096,Very Good,13.4,13.7,15.8,13.966666666666669,15.3,-1.0,29.27083333333333,73.875,5.133333333333334,27.820833333333336,83.83333333333333,6.845833333333334,27.7125,84.29166666666667,3.7916666666666665,28.806944444444444,77.06944444444446,5.795833333333337,28.42797619047619,79.54761904761904,5.542857142857143,986.6916666666666,1.2208333333334167,0,-0.7981143334153802,-0.6025060255274824,-0.0730263893672263,0.0,147,5,0.4999999999999999,-0.8660254037844387,Good,Good,Good
2024-05-27,15.5,30.1375,68.25,985.8916666666668,9.233333333333333,239.24380469373185,Good,14.8,13.4,13.7,14.566666666666668,14.957142857142856,1.8000000000000007,29.329166666666666,73.5,5.408333333333332,29.27083333333333,73.875,5.133333333333334,27.820833333333336,83.83333333333333,6.845833333333334,29.579166666666666,71.87500000000001,6.591666666666669,28.43809523809524,78.98214285714286,5.84047619047619,987.3416666666668,-0.3999999999998636,0,-0.8593511211269209,-0.5113860094076725,-0.4237244497982226,0.0,148,5,0.4999999999999999,-0.8660254037844387,Good,Good,Good
2024-05-28,16.8,30.166666666666668,64.66666666666667,985.7208333333332,11.9375,258.25591691798206,Good,15.5,14.8,13.4,15.7,15.071428571428571,3.4000000000000004,30.1375,68.25,9.233333333333333,29.329166666666666,73.5,5.408333333333332,29.27083333333333,73.875,5.133333333333334,29.877777777777776,68.80555555555556,8.859722222222224,28.81190476190476,76.44047619047619,6.617261904761905,985.8916666666668,-0.9708333333334168,0,-0.9790664972865876,-0.2035406443218952,-0.4412431209510538,1.0,149,5,0.4999999999999999,-0.8660254037844387,Good,Good,Good
2024-05-29,16.4,30.85833333333333,63.41666666666666,985.15,12.691666666666668,250.91485929327484,Good,16.8,15.5,14.8,16.23333333333333,15.2,1.599999999999998,30.166666666666668,64.66666666666667,11.9375,30.1375,68.25,9.233333333333333,29.329166666666666,73.5,5.408333333333332,30.3875,65.44444444444446,11.287500000000003,29.327976190476196,73.11904761904762,7.863095238095238,985.7208333333332,-2.1916666666668334,0,-0.9450337422437156,-0.326972821532369,-0.8703651347265411,1.0,150,5,0.4999999999999999,-0.8660254037844387,Good,Good,Very Good
2024-05-30,17.0,30.60833333333333,64.375,984.6666666666666,14.870833333333332,250.06075533673584,Good,16.4,16.8,15.5,16.73333333333333,15.37142857142857,1.5,30.85833333333333,63.41666666666666,12.691666666666668,30.166666666666668,64.66666666666667,11.9375,30.1375,68.25,9.233333333333333,30.54444444444444,64.15277777777779,13.16666666666667,29.741666666666667,70.27380952380952,9.445833333333336,985.15,-1.2250000000001364,0,-0.9400547639661894,-0.3410235193421005,-0.9392399546578872,1.0,151,5,0.4999999999999999,-0.8660254037844387,Good,Very Good,Very Good
2024-05-31,15.2,29.8375,70.33333333333333,984.9541666666668,11.216666666666669,232.15118624213235,Good,17.0,16.4,16.8,16.2,15.585714285714284,-1.6000000000000014,30.60833333333333,64.375,14.870833333333332,30.85833333333333,63.41666666666666,12.691666666666668,30.166666666666668,64.66666666666667,11.9375,30.43472222222222,66.04166666666667,12.926388888888892,30.029761904761905,68.34523809523809,10.070238095238096,984.6666666666666,-0.7666666666664241,0,-0.7896325528961977,-0.6135800122287505,-0.7465917190754382,1.0,152,5,0.4999999999999999,-0.8660254037844387,Very Good,Very Good,Good
2024-06-01,14.8,28.4,75.75,987.8875,11.275,203.5933895761792,Very Good,15.2,17.0,16.4,15.666666666666666,15.785714285714286,-1.599999999999998,29.8375,70.33333333333333,11.216666666666669,30.60833333333333,64.375,14.870833333333332,30.85833333333333,63.41666666666666,12.691666666666668,29.615277777777777,70.15277777777779,12.454166666666667,29.905357142857135,68.61309523809523,10.947619047619046,984.9541666666668,2.737500000000068,0,-0.4002433057700192,-0.9164089131966618,-0.0373811711873512,1.0,153,6,1.2246467991473532e-16,-1.0,Very Good,Good,Good
2024-06-02,13.4,30.241666666666664,66.20833333333333,988.9125,11.8875,239.6752475637419,Very Good,14.8,15.2,17.0,14.466666666666669,15.585714285714284,-3.6,28.4,75.75,11.275,29.8375,70.33333333333333,11.216666666666669,30.60833333333333,64.375,14.870833333333332,29.493055555555557,70.7638888888889,11.459722222222226,30.035714285714285,67.57142857142857,11.873214285714283,987.8875,4.245833333333394,0,-0.8631775083031928,-0.5049005735384853,-0.1892471556838665,0.0,154,6,1.2246467991473532e-16,-1.0,Good,Good,Good
2024-06-03,16.8,30.29583333333333,62.0,987.85,12.895833333333334,246.51278467355303,Good,13.4,14.8,15.2,15.0,15.771428571428572,1.6000000000000014,30.241666666666664,66.20833333333333,11.8875,28.4,75.75,11.275,29.8375,70.33333333333333,11.216666666666669,29.64583333333333,67.98611111111113,12.019444444444446,30.05833333333333,66.67857142857143,12.39642857142857,988.9125,2.895833333333257,0,-0.9171490262874544,-0.398544431124027,-0.4975675809452755,0.0,155,6,1.2246467991473532e-16,-1.0,Good,Good,Good
2024-06-04,16.4,31.0,58.208333333333336,986.6166666666668,14.2,253.45587300851008,Good,16.8,13.4,14.8,15.533333333333331,15.714285714285714,1.599999999999998,30.29583333333333,62.0,12.895833333333334,30.241666666666664,66.20833333333333,11.8875,28.4,75.75,11.275,30.5125,62.13888888888891,12.994444444444447,30.177380952380958,65.75595238095238,12.719642857142857,987.85,-1.2708333333332575,0,-0.9586007129042304,-0.2847537062436614,-1.095175637906806,1.0,156,6,1.2246467991473532e-16,-1.0,Good,Good,Good
2024-06-05,16.8,30.96666666666667,60.708333333333336,987.0583333333334,14.204166666666666,235.4571525148428,Good,16.4,16.8,13.4,16.666666666666668,15.77142857142857,3.4000000000000004,31.0,58.208333333333336,14.2,30.29583333333333,62.0,12.895833333333334,30.241666666666664,66.20833333333333,11.8875,30.754166666666663,60.30555555555557,13.766666666666667,30.19285714285714,65.36904761904762,12.935714285714283,986.6166666666668,-1.8541666666666288,0,-0.8237023828137152,-0.5670223845202302,-0.8114409366726486,1.0,157,6,1.2246467991473532e-16,-1.0,Good,Good,Good
2024-06-06,16.0,31.570833333333336,55.75,987.7333333333332,10.058333333333334,243.97078534858923,Good,16.8,16.4,16.8,16.400000000000002,15.62857142857143,-0.8000000000000007,30.96666666666667,60.708333333333336,14.204166666666666,31.0,58.208333333333336,14.2,30.29583333333333,62.0,12.895833333333334,31.17916666666667,58.22222222222223,12.820833333333336,30.330357142857142,64.13690476190477,12.248214285714283,987.0583333333334,-0.1166666666667879,0,-0.8985704075921898,-0.4388293775485023,-0.7370280540701736,1.0,158,6,1.2246467991473532e-16,-1.0,Good,Good,Good
2024-06-07,16.9,30.52083333333333,63.0,986.4333333333334,11.804166666666667,230.9038864004648,Good,16.0,16.8,16.4,16.566666666666666,15.871428571428572,0.5,31.570833333333336,55.75,10.058333333333334,30.96666666666667,60.708333333333336,14.204166666666666,31.0,58.208333333333336,14.2,31.01944444444445,59.81944444444446,12.022222222222226,30.427976190476187,63.08928571428572,12.332142857142856,987.7333333333332,-0.1833333333333939,0,-0.7760891843265953,-0.6306231663769417,-0.4762264367875778,1.0,159,6,1.2246467991473532e-16,-1.0,Good,Good,Good
2024-06-08,16.9,31.375,57.16666666666666,984.4541666666668,14.379166666666668,238.7018002450522,Good,16.9,16.0,16.8,16.599999999999998,16.17142857142857,0.0999999999999978,30.52083333333333,63.0,11.804166666666667,31.570833333333336,55.75,10.058333333333334,30.96666666666667,60.708333333333336,14.204166666666666,31.155555555555555,58.63888888888889,12.080555555555556,30.852976190476188,60.4345238095238,12.77559523809524,986.4333333333334,-2.6041666666666288,0,-0.8544751531072509,-0.5194922643527431,-0.831709097434715,1.0,160,6,1.2246467991473532e-16,-1.0,Good,Good,Very Good
2024-06-09,18.0,31.079166666666666,57.958333333333336,983.9166666666666,12.7125,232.83545163118805,Good,16.9,16.9,16.0,17.266666666666666,16.82857142857143,2.0,31.375,57.16666666666666,14.379166666666668,30.52083333333333,63.0,11.804166666666667,31.570833333333336,55.75,10.058333333333334,30.991666666666664,59.37500000000001,12.96527777777778,30.972619047619048,59.25595238095237,12.89345238095238,984.4541666666668,-3.816666666666606,0,-0.796903859830463,-0.6041061481124901,-0.8254506950713498,1.0,161,6,1.2246467991473532e-16,-1.0,Good,Very Good,Good
2024-06-10,15.5,29.8,66.20833333333333,985.4375,12.945833333333333,202.05118161360025,Good,18.0,16.9,16.9,16.799999999999997,16.642857142857142,-1.3999999999999986,31.079166666666666,57.958333333333336,12.7125,31.375,57.16666666666666,14.379166666666668,30.52083333333333,63.0,11.804166666666667,30.751388888888886,60.44444444444445,13.345833333333337,30.901785714285715,59.85714285714285,12.90059523809524,983.9166666666666,-0.995833333333394,0,-0.3754346857533333,-0.9268488532297464,-0.6766022446848198,1.0,162,6,1.2246467991473532e-16,-1.0,Very Good,Good,Good
2024-06-11,14.0,29.391666666666666,69.04166666666667,987.1333333333332,12.954166666666666,205.58840151167888,Very Good,15.5,18.0,16.9,15.833333333333334,16.3,-2.8999999999999986,29.8,66.20833333333333,12.945833333333333,31.079166666666666,57.958333333333336,12.7125,31.375,57.16666666666666,14.379166666666668,30.09027777777777,64.40277777777779,12.870833333333335,30.672023809523807,61.40476190476191,12.722619047619048,985.4375,2.679166666666447,0,-0.4319031803599385,-0.9019199758265533,-0.2392340126080526,1.0,163,6,1.2246467991473532e-16,-1.0,Good,Good,Good
2024-06-12,15.2,30.491666666666664,61.91666666666666,988.3291666666668,12.979166666666666,238.7167900359368,Good,14.0,15.5,18.0,14.9,16.071428571428573,-2.8000000000000007,29.391666666666666,69.04166666666667,12.954166666666666,29.8,66.20833333333333,12.945833333333333,31.079166666666666,57.958333333333336,12.7125,29.89444444444444,65.72222222222223,12.959722222222224,30.604166666666668,61.57738095238096,12.54761904761905,987.1333333333332,4.412500000000136,0,-0.854611034055396,-0.5192686977574972,-0.3715144853775141,0.0,164,6,1.2246467991473532e-16,-1.0,Good,Good,Good
2024-06-13,17.2,31.55,56.5,987.2833333333332,14.229166666666666,250.6852195199401,Good,15.2,14.0,15.5,15.466666666666669,16.242857142857144,1.6999999999999993,30.491666666666664,61.91666666666666,12.979166666666666,29.391666666666666,69.04166666666667,12.954166666666666,29.8,66.20833333333333,12.945833333333333,30.477777777777774,62.48611111111112,13.387500000000005,30.601190476190474,61.6845238095238,13.14345238095238,988.3291666666668,1.845833333333189,0,-0.9437156580296088,-0.3307578521966519,-0.925037399745304,1.0,165,6,1.2246467991473532e-16,-1.0,Good,Good,Good
2024-06-14,18.5,32.34166666666666,53.66666666666666,985.3208333333332,13.75,254.6676439313647,Good,17.2,15.2,14.0,16.966666666666665,16.47142857142857,4.5,31.55,56.5,14.229166666666666,30.491666666666664,61.91666666666666,12.979166666666666,29.391666666666666,69.04166666666667,12.954166666666666,31.46111111111111,57.36111111111112,13.65277777777778,30.861309523809524,60.35119047619047,13.421428571428573,987.2833333333332,-1.8125,0,-0.9644082502924076,-0.2644177126592255,-1.3552692567393023,1.0,166,6,1.2246467991473532e-16,-1.0,Good,Good,Good
2024-06-15,17.0,32.920833333333334,51.25,984.55,11.308333333333332,263.33628547168195,Good,18.5,17.2,15.2,17.566666666666666,16.485714285714288,1.8000000000000007,32.34166666666666,53.66666666666666,13.75,31.55,56.5,14.229166666666666,30.491666666666664,61.91666666666666,12.979166666666666,32.270833333333336,53.80555555555557,13.095833333333337,31.082142857142856,59.50595238095237,12.982738095238094,985.3208333333332,-3.7791666666668102,0,-0.9932443380568462,-0.1160417378274622,-1.2812485984022122,1.0,167,6,1.2246467991473532e-16,-1.0,Good,Good,Good
2024-06-16,18.2,32.95,51.25,985.3,10.629166666666666,246.89917432366667,Good,17.0,18.5,17.2,17.900000000000002,16.514285714285712,1.0,32.920833333333334,51.25,11.308333333333332,32.34166666666666,53.66666666666666,13.75,31.55,56.5,14.229166666666666,32.7375,52.05555555555557,11.895833333333336,31.34940476190476,58.54761904761904,12.685119047619049,984.55,-1.9833333333332348,0,-0.9198158433460536,-0.3923503718993881,-0.8991795407002,1.0,168,6,1.2246467991473532e-16,-1.0,Good,Good,Good
2024-06-17,16.7,31.40416666666667,59.958333333333336,985.7666666666668,11.779166666666669,235.36322459641428,Good,18.2,17.0,18.5,17.3,16.685714285714287,-1.8000000000000007,32.95,51.25,10.629166666666666,32.920833333333334,51.25,11.308333333333332,32.34166666666666,53.66666666666666,13.75,32.425000000000004,54.15277777777779,11.238888888888892,31.578571428571426,57.65476190476191,12.51845238095238,985.3,0.4458333333335531,0,-0.8227717274309324,-0.5683719596710587,-0.3781373791761214,1.0,169,6,1.2246467991473532e-16,-1.0,Good,Good,Good
2024-06-18,17.2,31.27083333333333,59.083333333333336,985.175,13.275,254.0393635951669,Good,16.7,18.2,17.0,17.366666666666664,17.142857142857142,0.1999999999999993,31.40416666666667,59.958333333333336,11.779166666666669,32.95,51.25,10.629166666666666,32.920833333333334,51.25,11.308333333333332,31.875,56.76388888888889,11.894444444444447,31.84702380952381,56.23214285714285,12.564285714285717,985.7666666666668,0.625,0,-0.9614508386372536,-0.2749768806349397,-0.3847659962674473,1.0,170,6,1.2246467991473532e-16,-1.0,Good,Good,Good
2024-06-19,18.3,31.60833333333333,55.583333333333336,984.45,12.2125,256.3011437742584,Good,17.2,16.7,18.2,17.4,17.585714285714285,0.1000000000000014,31.27083333333333,59.083333333333336,13.275,31.40416666666667,59.958333333333336,11.779166666666669,32.95,51.25,10.629166666666666,31.427777777777777,58.20833333333334,12.422222222222224,32.006547619047616,55.32738095238095,12.454761904761904,985.175,-0.849999999999909,0,-0.971553847715562,-0.2368187513460176,-0.5670022328767583,1.0,171,6,1.2246467991473532e-16,-1.0,Good,Good,Good
2024-06-20,18.1,31.379166666666663,58.375,984.0875,12.433333333333332,256.58480711345646,Good,18.3,17.2,16.7,17.866666666666667,17.714285714285715,1.400000000000002,31.60833333333333,55.583333333333336,12.2125,31.27083333333333,59.083333333333336,13.275,31.40416666666667,59.958333333333336,11.779166666666669,31.41944444444444,57.68055555555557,12.640277777777778,31.982142857142858,55.59523809523809,12.198214285714286,984.45,-1.679166666666788,0,-0.9727143923709493,-0.2320058423281943,-0.8538765455565883,1.0,172,6,1.2246467991473532e-16,-1.0,Good,Good,Good
2024-06-21,15.7,30.7625,61.29166666666666,983.2958333333332,11.391666666666666,251.8590537556716,Good,18.1,18.3,17.2,17.36666666666667,17.314285714285713,-1.5,31.379166666666663,58.375,12.433333333333332,31.60833333333333,55.583333333333336,12.2125,31.27083333333333,59.083333333333336,13.275,31.25,58.41666666666668,12.012500000000005,31.756547619047616,56.68452380952381,11.861309523809524,984.0875,-1.87916666666672,0,-0.9502934650129728,-0.3113556332453902,-0.7807122610938061,1.0,173,6,1.2246467991473532e-16,-1.0,Good,Good,Good
2024-06-22,15.9,28.758333333333336,75.16666666666667,983.2166666666668,8.424999999999999,228.9358956562796,Good,15.7,18.1,18.3,16.566666666666666,17.157142857142855,-2.4000000000000004,30.7625,61.29166666666666,11.391666666666666,31.379166666666663,58.375,12.433333333333332,31.60833333333333,55.583333333333336,12.2125,30.3,64.94444444444444,10.750000000000002,31.161904761904765,60.10119047619048,11.44940476190476,983.2958333333332,-1.2333333333332348,0,-0.7539750882635134,-0.6569030113175209,-0.2473174675765424,1.0,174,6,1.2246467991473532e-16,-1.0,Good,Good,Good
2024-06-23,15.4,28.05,78.70833333333333,983.8375,8.295833333333333,220.39688429618613,Good,15.9,15.7,18.1,15.666666666666666,16.75714285714286,-2.700000000000001,28.758333333333336,75.16666666666667,8.424999999999999,30.7625,61.29166666666666,11.391666666666666,31.379166666666663,58.375,12.433333333333332,29.190277777777776,71.72222222222223,9.370833333333335,30.46190476190476,64.02380952380953,11.116071428571429,983.2166666666668,-0.25,0,-0.6480784881923469,-0.7615735507108436,0.0464265673415886,1.0,175,6,1.2246467991473532e-16,-1.0,Good,Good,Very Good
2024-06-24,15.2,28.48333333333333,72.5,983.9416666666666,9.325,224.48771649641148,Good,15.4,15.9,15.7,15.5,16.542857142857144,-0.5,28.05,78.70833333333333,8.295833333333333,28.758333333333336,75.16666666666667,8.424999999999999,30.7625,61.29166666666666,11.391666666666666,28.43055555555556,75.45833333333333,8.681944444444445,30.044642857142858,65.81547619047619,10.76547619047619,983.8375,0.6458333333333712,0,-0.7007563361547589,-0.7134006990036936,-0.0498624739820372,1.0,176,6,1.2246467991473532e-16,-1.0,Good,Very Good,Very Good
2024-06-25,15.5,28.6625,71.58333333333333,983.875,11.425,206.94206540008688,Good,15.2,15.4,15.9,15.366666666666667,16.3,-0.4000000000000003,28.48333333333333,72.5,9.325,28.05,78.70833333333333,8.295833333333333,28.758333333333336,75.16666666666667,8.424999999999999,28.39861111111111,74.2638888888889,9.681944444444444,29.67202380952381,67.60119047619047,10.501190476190477,983.9416666666666,0.6583333333331893,0,-0.4530893269892116,-0.8914651208928273,-0.541889427148354,1.0,177,6,1.2246467991473532e-16,-1.0,Very Good,Very Good,Good
2024-06-26,13.0,27.204166666666666,79.875,985.9625,6.529166666666666,182.7674015586093,Very Good,15.5,15.2,15.4,14.566666666666668,15.542857142857144,-2.4000000000000004,28.6625,71.58333333333333,11.425,28.48333333333333,72.5,9.325,28.05,78.70833333333333,8.295833333333333,28.116666666666664,74.65277777777779,9.093055555555557,29.04285714285714,71.07142857142857,9.689285714285711,983.875,2.125,0,-0.0482814910348654,-0.9988337687640771,-0.1418932018213498,1.0,178,6,1.2246467991473532e-16,-1.0,Very Good,Good,Good
2024-06-27,14.6,28.28333333333333,76.16666666666667,987.6541666666668,5.295833333333333,202.0861782913881,Very Good,13.0,15.5,15.2,14.366666666666667,15.042857142857144,-0.5999999999999996,27.204166666666666,79.875,6.529166666666666,28.6625,71.58333333333333,11.425,28.48333333333333,72.5,9.325,28.05,75.87500000000001,7.750000000000003,28.600595238095234,73.61309523809523,8.669642857142856,985.9625,3.7125000000002046,0,-0.376000741687038,-0.9266193621173676,0.0596840169444983,0.0,179,6,1.2246467991473532e-16,-1.0,Good,Good,Good
2024-06-28,17.4,28.004166666666663,81.375,987.1083333333332,6.3500000000000005,209.4973130257612,Good,14.6,13.0,15.5,15.0,15.285714285714286,1.8999999999999984,28.28333333333333,76.16666666666667,5.295833333333333,27.204166666666666,79.875,6.529166666666666,28.6625,71.58333333333333,11.425,27.830555555555552,79.1388888888889,6.058333333333336,28.20654761904762,76.48214285714286,7.949404761904761,987.6541666666668,3.233333333333235,0,-0.4923827428848564,-0.8703787879476299,0.2682307317120387,0.0,180,6,1.2246467991473532e-16,-1.0,Good,Good,Very Good
2024-06-29,15.7,27.9125,81.33333333333333,987.3958333333334,7.379166666666666,212.37608134905744,Good,17.4,14.6,13.0,15.9,15.257142857142856,2.6999999999999997,28.004166666666663,81.375,6.3500000000000005,28.28333333333333,76.16666666666667,5.295833333333333,27.204166666666666,79.875,6.529166666666666,28.066666666666663,79.62500000000001,6.341666666666669,28.085714285714285,77.36309523809526,7.8,987.1083333333332,1.433333333333394,0,-0.5354742758292821,-0.8445515377554563,0.0299870171011604,1.0,181,6,1.2246467991473532e-16,-1.0,Good,Very Good,Good
2024-06-30,16.0,28.20833333333333,76.625,988.1666666666666,8.908333333333333,214.3665261973092,Good,15.7,17.4,14.6,16.366666666666664,15.342857142857142,1.4000000000000004,27.9125,81.33333333333333,7.379166666666666,28.004166666666663,81.375,6.3500000000000005,28.28333333333333,76.16666666666667,5.295833333333333,28.041666666666668,79.77777777777779,7.545833333333335,28.10833333333333,77.06547619047618,7.8875,987.3958333333334,0.5124999999998181,0,-0.5644848525676792,-0.8254434270267379,0.1109712601851974,1.0,182,6,1.2246467991473532e-16,-1.0,Very Good,Good,Good
2024-07-01,14.9,27.8375,74.33333333333333,987.1333333333332,9.758333333333333,250.8313488218343,Very Good,16.0,15.7,17.4,15.533333333333331,15.3,-2.4999999999999982,28.20833333333333,76.625,8.908333333333333,27.9125,81.33333333333333,7.379166666666666,28.004166666666663,81.375,6.3500000000000005,27.98611111111111,77.43055555555556,8.681944444444445,28.016071428571426,77.32738095238095,7.949404761904762,988.1666666666666,0.0249999999999772,0,-0.944556165022077,-0.3283498913031448,-0.0986849116884671,1.0,183,7,-0.4999999999999997,-0.8660254037844388,Good,Good,Good
2024-07-02,16.3,28.504166666666663,69.20833333333333,985.6875,10.345833333333331,265.3048432164808,Good,14.9,16.0,15.7,15.733333333333334,15.414285714285713,0.6000000000000014,27.8375,74.33333333333333,9.758333333333333,28.20833333333333,76.625,8.908333333333333,27.9125,81.33333333333333,7.379166666666666,28.183333333333326,73.3888888888889,9.670833333333334,27.99345238095238,76.98809523809523,7.795238095238095,987.1333333333332,-1.7083333333333712,0,-0.9966443095255711,-0.0818542625053668,-0.479977086000761,0.0,184,7,-0.4999999999999997,-0.8660254037844388,Good,Good,Good
2024-07-03,17.9,28.64583333333333,71.95833333333333,986.5833333333334,6.7250000000000005,211.2065924693304,Good,16.3,14.9,16.0,16.366666666666664,16.114285714285717,1.8999999999999984,28.504166666666663,69.20833333333333,10.345833333333331,27.8375,74.33333333333333,9.758333333333333,28.20833333333333,76.625,8.908333333333333,28.329166666666666,71.83333333333333,8.943055555555558,28.19940476190476,75.85714285714286,7.823214285714286,985.6875,-1.5833333333332575,0,-0.5181254244085306,-0.8553046501577553,-0.2857626146401761,1.0,185,7,-0.4999999999999997,-0.8660254037844388,Good,Good,Good
2024-07-04,16.1,27.3625,82.0,988.4833333333332,4.366666666666666,188.24572236982704,Good,17.9,16.3,14.9,16.766666666666666,16.32857142857143,1.200000000000001,28.64583333333333,71.95833333333333,6.7250000000000005,28.504166666666663,69.20833333333333,10.345833333333331,27.8375,74.33333333333333,9.758333333333333,28.17083333333333,74.3888888888889,7.145833333333336,28.067857142857143,76.69047619047618,7.690476190476191,986.5833333333334,1.3500000000000227,0,-0.1434187354749629,-0.9896620970385612,0.2547593080379817,1.0,186,7,-0.4999999999999997,-0.8660254037844388,Good,Good,Good
2024-07-05,18.4,27.808333333333334,76.08333333333333,986.5333333333332,6.108333333333333,224.7870378049847,Good,16.1,17.9,16.3,17.466666666666665,16.47142857142857,2.099999999999998,27.3625,82.0,4.366666666666666,28.64583333333333,71.95833333333333,6.7250000000000005,28.504166666666663,69.20833333333333,10.345833333333331,27.938888888888886,76.68055555555556,5.733333333333335,28.03988095238095,75.93452380952381,7.655952380952381,988.4833333333332,0.8458333333331893,0,-0.7044736636297231,-0.7097301298748108,0.2530293078617657,1.0,187,7,-0.4999999999999997,-0.8660254037844388,Good,Good,Good
2024-07-06,17.2,28.1125,78.16666666666667,985.0291666666668,3.991666666666666,199.93015327991228,Good,18.4,16.1,17.9,17.23333333333333,16.685714285714287,-0.6999999999999993,27.808333333333334,76.08333333333333,6.108333333333333,27.3625,82.0,4.366666666666666,28.64583333333333,71.95833333333333,6.7250000000000005,27.76111111111111,78.75000000000001,4.822222222222224,28.068452380952376,75.48214285714286,7.172023809523808,986.5333333333332,-1.5541666666665606,0,-0.3408743522613284,-0.9401088638931236,0.1748734716543879,1.0,188,7,-0.4999999999999997,-0.8660254037844388,Good,Good,Good
2024-07-07,16.9,27.825,80.79166666666667,985.6916666666666,4.4625,133.9821796856404,Good,17.2,18.4,16.1,17.499999999999996,16.814285714285713,0.7999999999999972,28.1125,78.16666666666667,3.991666666666666,27.808333333333334,76.08333333333333,6.108333333333333,27.3625,82.0,4.366666666666666,27.915277777777774,78.34722222222224,4.854166666666669,28.01369047619048,76.07738095238095,6.536904761904762,985.0291666666668,-2.7916666666666288,0,0.7195558203833796,-0.6944346055262522,0.0650411091072729,1.0,189,7,-0.4999999999999997,-0.8660254037844388,Good,Good,Good
2024-07-08,17.0,27.9125,80.25,985.9875,4.945833333333334,214.08741381503893,Good,16.9,17.2,18.4,17.03333333333333,17.114285714285714,-1.3999999999999986,27.825,80.79166666666667,4.4625,28.1125,78.16666666666667,3.991666666666666,27.808333333333334,76.08333333333333,6.108333333333333,27.95,79.73611111111113,4.466666666666669,28.02440476190476,76.92261904761905,5.849404761904762,985.6916666666666,-0.5458333333332348,0,-0.5604570807195709,-0.8281834704166079,0.1982169531538028,1.0,190,7,-0.4999999999999997,-0.8660254037844388,Good,Good,Good
2024-07-09,16.8,27.5375,80.95833333333333,987.1041666666666,6.0125,240.9842480330384,Good,17.0,16.9,17.2,16.899999999999995,17.185714285714287,-0.3999999999999986,27.9125,80.25,4.945833333333334,27.825,80.79166666666667,4.4625,28.1125,78.16666666666667,3.991666666666666,27.758333333333336,80.66666666666667,5.14027777777778,27.886309523809523,78.60119047619047,5.230357142857143,985.9875,2.074999999999818,0,-0.874486388439508,-0.4850500555963539,0.3529801039525904,1.0,191,7,-0.4999999999999997,-0.8660254037844388,Good,Good,Very Good
2024-07-10,17.4,27.379166666666663,82.25,987.7333333333332,6.904166666666666,218.32789856056064,Good,16.8,17.0,16.9,17.066666666666666,17.114285714285717,0.5,27.5375,80.95833333333333,6.0125,27.9125,80.25,4.945833333333334,27.825,80.79166666666667,4.4625,27.60972222222222,81.15277777777779,5.954166666666669,27.705357142857142,80.07142857142857,5.2559523809523805,987.1041666666666,2.0416666666666288,0,-0.6201610829820312,-0.7844744936290499,0.3047020923561998,1.0,192,7,-0.4999999999999997,-0.8660254037844388,Good,Very Good,Very Good
2024-07-11,15.2,28.1375,75.91666666666667,986.2583333333332,13.204166666666666,250.7175860332925,Good,17.4,16.8,17.0,16.466666666666665,16.985714285714284,-1.8000000000000007,27.379166666666663,82.25,6.904166666666666,27.5375,80.95833333333333,6.0125,27.9125,80.25,4.945833333333334,27.684722222222224,79.70833333333334,8.706944444444447,27.81607142857143,79.20238095238095,6.518452380952381,987.7333333333332,0.2708333333332575,0,-0.94390235328976,-0.3302246923748332,-0.2556388887828479,1.0,193,7,-0.4999999999999997,-0.8660254037844388,Very Good,Very Good,Very Good
2024-07-12,14.7,27.879166666666663,72.29166666666667,984.6458333333334,11.441666666666668,244.3920529782632,Very Good,15.2,17.4,16.8,15.766666666666666,16.45714285714286,-2.1000000000000014,28.1375,75.91666666666667,13.204166666666666,27.379166666666663,82.25,6.904166666666666,27.5375,80.95833333333333,6.0125,27.798611111111104,76.81944444444446,10.516666666666673,27.82619047619048,78.66071428571429,7.2803571428571425,986.2583333333332,-2.458333333333257,0,-0.9017725867047474,-0.4322108303453639,-0.6316423808603574,1.0,194,7,-0.4999999999999997,-0.8660254037844388,Very Good,Very Good,Good
2024-07-13,14.7,28.33333333333333,71.66666666666667,983.1833333333334,14.591666666666669,252.31851193839864,Very Good,14.7,15.2,17.4,14.866666666666664,16.1,-2.6999999999999997,27.879166666666663,72.29166666666667,11.441666666666668,28.1375,75.91666666666667,13.204166666666666,27.379166666666663,82.25,6.904166666666666,28.116666666666664,73.29166666666667,13.079166666666673,27.85773809523809,77.73214285714286,8.794642857142858,984.6458333333334,-4.549999999999841,0,-0.9527596628694484,-0.3037252455903111,-1.1600406535988772,0.0,195,7,-0.4999999999999997,-0.8660254037844388,Very Good,Good,Good
2024-07-14,14.9,28.25,74.54166666666667,983.7708333333334,11.120833333333332,248.119633158078,Very Good,14.7,14.7,15.2,14.766666666666666,15.814285714285711,-0.2999999999999989,28.33333333333333,71.66666666666667,14.591666666666669,27.879166666666663,72.29166666666667,11.441666666666668,28.1375,75.91666666666667,13.204166666666666,28.154166666666665,72.83333333333336,12.384722222222225,27.918452380952377,76.83928571428571,9.745833333333334,983.1833333333334,-2.487499999999841,0,-0.9279640086302028,-0.372669825297092,-0.881253122980539,0.0,196,7,-0.4999999999999997,-0.8660254037844388,Good,Good,Very Good
2024-07-15,16.3,27.0,77.58333333333333,984.3875,12.45,272.1421159444959,Good,14.9,14.7,14.7,15.299999999999995,15.714285714285714,1.6000000000000014,28.25,74.54166666666667,11.120833333333332,28.33333333333333,71.66666666666667,14.591666666666669,27.879166666666663,72.29166666666667,11.441666666666668,27.86111111111111,74.59722222222223,12.720833333333337,27.788095238095234,76.45833333333334,10.81785714285714,983.7708333333334,-0.2583333333333257,0,-0.9993011884104264,0.0373782669677119,-0.6854281881887448,0.0,197,7,-0.4999999999999997,-0.8660254037844388,Good,Very Good,Very Good
2024-07-16,16.6,26.741666666666664,81.625,983.1583333333332,15.104166666666666,270.1098580235707,Good,16.3,14.9,14.7,15.933333333333332,15.685714285714283,1.900000000000002,27.0,77.58333333333333,12.45,28.25,74.54166666666667,11.120833333333332,28.33333333333333,71.66666666666667,14.591666666666669,27.330555555555552,77.91666666666667,12.891666666666667,27.67440476190476,76.55357142857143,12.116666666666664,984.3875,-0.0250000000002046,0,-0.9999981618194376,0.00191738304621,-0.7026003144834854,1.0,198,7,-0.4999999999999997,-0.8660254037844388,Very Good,Very Good,Good
2024-07-17,15.0,26.9625,81.125,983.1666666666666,9.258333333333333,248.6952947683476,Very Good,16.6,16.3,14.9,15.966666666666669,15.342857142857143,0.0999999999999996,26.741666666666664,81.625,15.104166666666666,27.0,77.58333333333333,12.45,28.25,74.54166666666667,11.120833333333332,26.90138888888889,80.11111111111113,12.270833333333336,27.614880952380958,76.39285714285714,12.452976190476187,983.1583333333332,-0.6041666666667425,0,-0.931661393604692,-0.3633277413941343,-0.6869741306139975,1.0,199,7,-0.4999999999999997,-0.8660254037844388,Very Good,Good,Very Good
2024-07-18,13.9,27.09166666666667,79.83333333333333,984.2125,12.733333333333334,245.66204858697049,Very Good,15.0,16.6,16.3,15.166666666666664,15.157142857142858,-2.4000000000000004,26.9625,81.125,9.258333333333333,26.741666666666664,81.625,15.104166666666666,27.0,77.58333333333333,12.45,26.931944444444444,80.86111111111113,12.36527777777778,27.46547619047619,76.95238095238096,12.385714285714286,983.1666666666666,-0.1750000000000682,0,-0.9111304990264076,-0.4121179609576476,-0.8318274987797386,0.0,200,7,-0.4999999999999997,-0.8660254037844388,Good,Very Good,Good
2024-07-19,15.3,27.808333333333334,76.95833333333333,984.5708333333332,12.270833333333334,236.47703349071423,Good,13.9,15.0,16.6,14.733333333333333,15.242857142857144,-1.3000000000000007,27.09166666666667,79.83333333333333,12.733333333333334,26.9625,81.125,9.258333333333333,26.741666666666664,81.625,15.104166666666666,27.287500000000005,79.30555555555556,11.420833333333336,27.455357142857142,77.61904761904762,12.504166666666666,984.2125,1.4125000000000227,0,-0.8336645159952197,-0.5522711967597586,-0.8622953333166778,0.0,201,7,-0.4999999999999997,-0.8660254037844388,Very Good,Good,Good
2024-07-20,14.5,27.78333333333333,77.83333333333333,985.6875,10.629166666666666,235.2738877843373,Very Good,15.3,13.9,15.0,14.566666666666665,15.214285714285714,-0.5,27.808333333333334,76.95833333333333,12.270833333333334,27.09166666666667,79.83333333333333,12.733333333333334,26.9625,81.125,9.258333333333333,27.561111111111117,78.20833333333333,11.87777777777778,27.376785714285717,78.5,11.938095238095238,984.5708333333332,2.5208333333333712,0,-0.8218845098530828,-0.5696541516249642,-0.7588602625030334,1.0,202,7,-0.4999999999999997,-0.8660254037844388,Good,Good,Good
2024-07-21,18.6,28.179166666666664,76.70833333333333,985.9333333333334,11.916666666666666,256.97059196252485,Good,14.5,15.3,13.9,16.133333333333333,15.742857142857146,4.700000000000001,27.78333333333333,77.83333333333333,10.629166666666666,27.808333333333334,76.95833333333333,12.270833333333334,27.09166666666667,79.83333333333333,12.733333333333334,27.92361111111111,77.16666666666667,11.60555555555556,27.366666666666667,78.80952380952381,12.051785714285714,985.6875,1.7208333333334167,0,-0.974254476473858,-0.2254511367694762,-0.7510514814084557,0.0,203,7,-0.4999999999999997,-0.8660254037844388,Good,Good,Good
2024-07-22,19.1,28.129166666666663,73.79166666666667,985.925,15.491666666666667,260.0047837230801,Good,18.6,14.5,15.3,17.4,16.142857142857142,3.8000000000000007,28.179166666666664,76.70833333333333,11.916666666666666,27.78333333333333,77.83333333333333,10.629166666666666,27.808333333333334,76.95833333333333,12.270833333333334,28.03055555555555,76.11111111111113,12.679166666666667,27.52797619047619,78.26785714285714,12.486309523809524,985.9333333333334,1.3541666666667425,0,-0.9848222477644338,-0.1735659537703407,-0.7359165239607486,1.0,204,7,-0.4999999999999997,-0.8660254037844388,Good,Good,Good
2024-07-23,19.0,28.195833333333336,72.08333333333333,985.0916666666668,17.916666666666668,246.11466923187675,Good,19.1,18.6,14.5,18.9,16.485714285714288,4.5,28.129166666666663,73.79166666666667,15.491666666666667,28.179166666666664,76.70833333333333,11.916666666666666,27.78333333333333,77.83333333333333,10.629166666666666,28.168055555555554,74.19444444444446,15.108333333333334,27.735714285714284,76.9047619047619,12.888095238095238,985.925,-0.5958333333331893,0,-0.914357652208602,-0.4049075003597406,-1.0976452690913912,1.0,205,7,-0.4999999999999997,-0.8660254037844388,Good,Good,Good
2024-07-24,16.0,28.641666666666666,67.66666666666667,982.6416666666668,19.704166666666666,238.1572340736245,Good,19.0,19.1,18.6,18.03333333333333,16.62857142857143,-2.6000000000000014,28.195833333333336,72.08333333333333,17.916666666666668,28.129166666666663,73.79166666666667,15.491666666666667,28.179166666666664,76.70833333333333,11.916666666666666,28.322222222222223,71.18055555555556,17.70416666666667,27.975595238095234,74.98214285714286,14.380357142857145,985.0916666666668,-3.2916666666666288,0,-0.8494991331913704,-0.5275900138432401,-1.6302835897864674,1.0,206,7,-0.4999999999999997,-0.8660254037844388,Good,Good,Good
2024-07-25,15.1,28.329166666666666,69.25,981.7583333333332,19.09583333333333,239.77447439728755,Good,16.0,19.0,19.1,16.7,16.8,-4.000000000000002,28.641666666666666,67.66666666666667,19.704166666666666,28.195833333333336,72.08333333333333,17.916666666666668,28.129166666666663,73.79166666666667,15.491666666666667,28.38888888888889,69.66666666666667,18.905555555555555,28.152380952380952,73.47023809523809,15.289285714285716,982.6416666666668,-4.166666666666743,0,-0.8640506178832471,-0.5034049361454245,-1.8026725960633825,1.0,207,7,-0.4999999999999997,-0.8660254037844388,Good,Good,Very Good
2024-07-26,15.9,27.791666666666668,73.0,983.15,16.395833333333332,237.01745673177777,Good,15.1,16.0,19.0,15.666666666666664,16.885714285714286,-3.1,28.329166666666666,69.25,19.09583333333333,28.641666666666666,67.66666666666667,19.704166666666666,28.195833333333336,72.08333333333333,17.916666666666668,28.254166666666663,69.97222222222223,18.398611111111112,28.15,72.9047619047619,15.878571428571428,981.7583333333332,-1.9416666666668332,0,-0.8388364682469234,-0.5443834857331993,-1.5056223037944318,1.0,208,7,-0.4999999999999997,-0.8660254037844388,Good,Very Good,Good
2024-07-27,17.0,28.45833333333333,72.875,984.9166666666666,12.666666666666666,240.3190030919668,Good,15.9,15.1,16.0,15.999999999999998,17.242857142857144,1.0,27.791666666666668,73.0,16.395833333333332,28.329166666666666,69.25,19.09583333333333,28.641666666666666,67.66666666666667,19.704166666666666,28.19305555555556,71.70833333333333,16.052777777777777,28.246428571428567,72.19642857142857,16.169642857142858,983.15,2.274999999999864,0,-0.8687957937130703,-0.4951705451927409,-1.1144993922334974,1.0,209,7,-0.4999999999999997,-0.8660254037844388,Very Good,Good,Very Good
2024-07-28,14.1,27.637500000000003,77.45833333333333,984.9083333333332,12.7375,234.44593841694007,Very Good,17.0,15.9,15.1,15.666666666666664,16.599999999999998,-1.0,28.45833333333333,72.875,12.666666666666666,27.791666666666668,73.0,16.395833333333332,28.329166666666666,69.25,19.09583333333333,27.9625,74.44444444444444,13.933333333333335,28.16904761904762,72.30357142857143,16.28690476190476,984.9166666666666,3.1499999999999773,0,-0.8135672322403815,-0.5814708579324721,-0.7977262526592089,1.0,210,7,-0.4999999999999997,-0.8660254037844388,Good,Very Good,Good
2024-07-29,15.3,26.9875,82.16666666666667,984.8958333333334,11.370833333333332,214.6226938290933,Good,14.1,17.0,15.9,15.466666666666663,16.057142857142857,-0.5999999999999996,27.637500000000003,77.45833333333333,12.7375,28.45833333333333,72.875,12.666666666666666,27.791666666666668,73.0,16.395833333333332,27.694444444444443,77.50000000000001,12.258333333333336,28.005952380952383,73.5,15.698214285714286,984.9083333333332,1.745833333333394,0,-0.5681697300326767,-0.8229113912655452,-0.5979072300018022,0.0,211,7,-0.4999999999999997,-0.8660254037844388,Very Good,Good,Good
2024-07-30,13.8,27.104166666666668,78.08333333333333,986.2541666666666,10.670833333333334,223.7009489659397,Very Good,15.3,14.1,17.0,14.4,15.314285714285717,-3.1999999999999997,26.9875,82.16666666666667,11.370833333333332,27.637500000000003,77.45833333333333,12.7375,28.45833333333333,72.875,12.666666666666666,27.24305555555556,79.23611111111113,11.593055555555557,27.85,74.35714285714286,14.663095238095238,984.8958333333334,1.3374999999999773,0,-0.690894385183387,-0.7229557030151085,-0.2963402618349393,1.0,212,7,-0.4999999999999997,-0.8660254037844388,Good,Good,Good
2024-07-31,17.8,27.5625,78.58333333333333,987.6541666666668,10.3875,202.40274832181865,Good,13.8,15.3,14.1,15.633333333333333,15.571428571428571,3.700000000000001,27.104166666666668,78.08333333333333,10.670833333333334,26.9875,82.16666666666667,11.370833333333332,27.637500000000003,77.45833333333333,12.7375,27.218055555555555,79.61111111111113,10.809722222222222,27.695833333333333,75.91666666666666,13.332142857142856,986.2541666666666,2.7458333333336213,0,-0.3811147238561285,-0.9245277536451064,-0.2936852412201506,0.0,213,7,-0.4999999999999997,-0.8660254037844388,Good,Good,Good
2024-08-01,16.9,27.129166666666663,82.04166666666667,988.5291666666668,7.6375,211.8390143472353,Good,17.8,13.8,15.3,16.166666666666664,15.828571428571433,1.599999999999998,27.5625,78.58333333333333,10.3875,27.104166666666668,78.08333333333333,10.670833333333334,26.9875,82.16666666666667,11.370833333333332,27.26527777777778,79.56944444444444,9.565277777777778,27.52440476190477,77.7440476190476,11.695238095238096,987.6541666666668,3.63333333333344,0,-0.5275343897108503,-0.8495336765969909,-0.1095384052576377,1.0,214,8,-0.8660254037844384,-0.5000000000000004,Good,Good,Very Good
2024-08-02,19.0,27.004166666666663,81.625,988.1041666666666,5.858333333333333,225.5600839827061,Good,16.9,17.8,13.8,17.899999999999995,16.271428571428572,5.199999999999999,27.129166666666663,82.04166666666667,7.6375,27.5625,78.58333333333333,10.3875,27.104166666666668,78.08333333333333,10.670833333333334,27.23194444444444,80.75000000000001,7.961111111111112,27.41190476190476,78.97619047619047,10.189880952380951,988.5291666666668,1.8500000000000227,0,-0.7139850746808846,-0.7001609194556146,0.0640698761438772,1.0,215,8,-0.8660254037844384,-0.5000000000000004,Good,Very Good,Very Good
2024-08-03,20.3,27.15416666666667,83.79166666666667,988.3333333333334,5.333333333333333,235.1115783286949,Good,19.0,16.9,17.8,18.73333333333333,16.742857142857144,2.5,27.004166666666663,81.625,5.858333333333333,27.129166666666663,82.04166666666667,7.6375,27.5625,78.58333333333333,10.3875,27.09583333333333,82.48611111111113,6.2763888888888895,27.22559523809524,80.53571428571429,9.142261904761904,988.1041666666666,0.6791666666665606,0,-0.8202674783408468,-0.5719801255081757,0.3226794397496311,1.0,216,8,-0.8660254037844384,-0.5000000000000004,Very Good,Very Good,Good
2024-08-04,14.6,27.354166666666668,78.04166666666667,988.2041666666668,5.1875,243.1496382468904,Very Good,20.3,19.0,16.9,17.966666666666665,16.814285714285713,-2.299999999999999,27.15416666666667,83.79166666666667,5.333333333333333,27.004166666666663,81.625,5.858333333333333,27.129166666666663,82.04166666666667,7.6375,27.17083333333333,81.15277777777779,5.459722222222223,27.185119047619047,80.61904761904762,8.063690476190477,988.3333333333334,-0.3250000000000455,0,-0.8921891620726233,-0.4516619300761911,0.2890937577333455,1.0,217,8,-0.8660254037844384,-0.5000000000000004,Very Good,Good,Good
2024-08-05,13.9,27.558333333333334,77.70833333333333,987.1041666666666,7.741666666666667,240.9865136226739,Very Good,14.6,20.3,19.0,16.266666666666666,16.614285714285714,-5.1,27.354166666666668,78.04166666666667,5.1875,27.15416666666667,83.79166666666667,5.333333333333333,27.004166666666663,81.625,5.858333333333333,27.355555555555554,79.84722222222223,6.087500000000001,27.26666666666667,79.98214285714286,7.545238095238096,988.2041666666668,-1.0,0,-0.8745055676044806,-0.4850154762775774,0.0552959573566751,0.0,218,8,-0.8660254037844384,-0.5000000000000004,Good,Good,Good
2024-08-06,16.9,28.1125,77.16666666666667,986.3458333333332,7.154166666666666,235.2370049144476,Good,13.9,14.6,20.3,15.133333333333333,17.057142857142857,-3.400000000000002,27.558333333333334,77.70833333333333,7.741666666666667,27.354166666666668,78.04166666666667,5.1875,27.15416666666667,83.79166666666667,5.333333333333333,27.675,77.6388888888889,6.6944444444444455,27.410714285714285,79.85119047619048,7.042857142857143,987.1041666666666,-1.987500000000182,0,-0.8215176375373949,-0.570183103235248,-0.1553717772943173,0.0,219,8,-0.8660254037844384,-0.5000000000000004,Good,Good,Good
2024-08-07,16.0,27.820833333333336,78.95833333333333,987.0833333333334,6.995833333333334,236.5495619957765,Good,16.9,13.9,14.6,15.599999999999996,16.8,1.4000000000000004,28.1125,77.16666666666667,7.154166666666666,27.558333333333334,77.70833333333333,7.741666666666667,27.354166666666668,78.04166666666667,5.1875,27.83055555555556,77.94444444444446,7.297222222222224,27.44761904761905,79.90476190476191,6.558333333333333,986.3458333333332,-1.120833333333394,0,-0.8343629465627449,-0.5512154509836731,-0.062836011063501,1.0,220,8,-0.8660254037844384,-0.5000000000000004,Good,Good,Good
2024-08-08,15.2,28.39583333333333,76.375,987.9666666666668,8.108333333333333,254.32644566643643,Good,16.0,16.9,13.9,16.03333333333333,16.557142857142857,1.299999999999999,27.820833333333336,78.95833333333333,6.995833333333334,28.1125,77.16666666666667,7.154166666666666,27.558333333333334,77.70833333333333,7.741666666666667,28.10972222222222,77.50000000000001,7.419444444444445,27.62857142857143,79.09523809523809,6.625595238095237,987.0833333333334,0.8625000000001819,0,-0.9628165432868157,-0.2701560733598774,-0.052680526827319,1.0,221,8,-0.8660254037844384,-0.5000000000000004,Good,Good,Good
2024-08-09,19.0,29.275,72.29166666666667,987.075,8.725,231.43563458213248,Good,15.2,16.0,16.9,16.73333333333333,16.557142857142857,2.1000000000000014,28.39583333333333,76.375,8.108333333333333,27.820833333333336,78.95833333333333,6.995833333333334,28.1125,77.16666666666667,7.154166666666666,28.49722222222222,75.87500000000001,7.943055555555556,27.95297619047619,77.76190476190477,7.035119047619047,987.9666666666668,0.7291666666668561,0,-0.7819083374103207,-0.6233934166224632,-0.2538408116672012,1.0,222,8,-0.8660254037844384,-0.5000000000000004,Good,Good,Good
2024-08-10,19.4,30.245833333333334,67.0,985.5166666666668,11.308333333333332,240.8835154206006,Good,19.0,15.2,16.0,17.866666666666664,16.428571428571427,3.3999999999999986,29.275,72.29166666666667,8.725,28.39583333333333,76.375,8.108333333333333,27.820833333333336,78.95833333333333,6.995833333333334,29.305555555555557,71.8888888888889,9.380555555555556,28.394642857142856,75.36309523809523,7.888690476190476,987.075,-1.566666666666606,0,-0.8736322632302893,-0.4865867534603901,-0.7819683366752724,1.0,223,8,-0.8660254037844384,-0.5000000000000004,Good,Good,Good
2024-08-11,17.2,30.554166666666664,64.33333333333333,983.7208333333332,11.8125,257.84435857286496,Good,19.4,19.0,15.2,18.533333333333328,16.8,2.0,30.245833333333334,67.0,11.308333333333332,29.275,72.29166666666667,8.725,28.39583333333333,76.375,8.108333333333333,30.024999999999995,67.875,10.615277777777775,28.851785714285715,73.40476190476191,8.835119047619047,985.5166666666668,-4.245833333333621,0,-0.9775792096655204,-0.2105680147357066,-1.0475793922267835,1.0,224,8,-0.8660254037844384,-0.5000000000000004,Good,Good,Good
2024-08-12,15.1,29.558333333333334,68.79166666666667,983.9875,11.6,240.74144011992485,Good,17.2,19.4,19.0,17.23333333333333,16.97142857142857,-3.9,30.554166666666664,64.33333333333333,11.8125,30.245833333333334,67.0,11.308333333333332,29.275,72.29166666666667,8.725,30.119444444444444,66.70833333333334,11.573611111111113,29.1375,72.13095238095238,9.386309523809524,983.7208333333332,-3.087500000000091,0,-0.8724229982554584,-0.4887515852812719,-0.801348918138754,1.0,225,8,-0.8660254037844384,-0.5000000000000004,Good,Good,Very Good
2024-08-13,15.9,30.0,65.58333333333333,985.5083333333332,8.904166666666667,216.88923658014863,Good,15.1,17.2,19.4,16.066666666666666,16.82857142857143,-3.4999999999999982,29.558333333333334,68.79166666666667,11.6,30.554166666666664,64.33333333333333,11.8125,30.245833333333334,67.0,11.308333333333332,30.0375,66.23611111111113,10.772222222222224,29.40714285714285,70.47619047619048,9.636309523809524,983.9875,-0.0083333333335531,0,-0.6002699882792663,-0.799797437587299,-0.4725341507473152,1.0,226,8,-0.8660254037844384,-0.5000000000000004,Good,Very Good,Good
2024-08-14,15.8,29.77083333333333,69.08333333333333,986.0541666666668,7.6875,226.9032588175644,Good,15.9,15.1,17.2,15.6,16.8,-1.3999999999999986,30.0,65.58333333333333,8.904166666666667,29.558333333333334,68.79166666666667,11.6,30.554166666666664,64.33333333333333,11.8125,29.77638888888889,67.81944444444446,9.397222222222224,29.685714285714283,69.06547619047619,9.735119047619047,985.5083333333332,2.3333333333335986,0,-0.7302011380678629,-0.683232243065561,-0.1765937847610096,1.0,227,8,-0.8660254037844384,-0.5000000000000004,Very Good,Good,Good
2024-08-15,14.7,29.72083333333333,71.16666666666667,985.3083333333334,7.770833333333333,222.87796351503863,Very Good,15.8,15.9,15.1,15.466666666666663,16.728571428571428,-0.4000000000000003,29.77083333333333,69.08333333333333,7.6875,30.0,65.58333333333333,8.904166666666667,29.558333333333334,68.79166666666667,11.6,29.830555555555552,68.61111111111113,8.120833333333335,29.875,68.32142857142857,9.686904761904762,986.0541666666668,1.3208333333334394,0,-0.6804390758667441,-0.7328046561216783,-0.2753302882957136,1.0,228,8,-0.8660254037844384,-0.5000000000000004,Good,Good,Good
2024-08-16,15.3,28.97083333333333,76.66666666666667,984.975,6.0,231.61406420057105,Good,14.7,15.8,15.9,15.266666666666666,16.2,-0.5999999999999996,29.72083333333333,71.16666666666667,7.770833333333333,29.77083333333333,69.08333333333333,7.6875,30.0,65.58333333333333,8.904166666666667,29.4875,72.30555555555557,7.152777777777779,29.83154761904762,68.94642857142857,9.297619047619047,985.3083333333334,-0.5333333333331893,0,-0.7838459047518708,-0.6209553909933637,0.0024085404932342,0.0,229,8,-0.8660254037844384,-0.5000000000000004,Good,Good,Good
2024-08-17,17.0,28.979166666666668,75.83333333333333,986.5166666666668,4.733333333333333,206.63337338270787,Good,15.3,14.7,15.8,15.666666666666664,15.857142857142858,1.1999999999999993,28.97083333333333,76.66666666666667,6.0,29.72083333333333,71.16666666666667,7.770833333333333,29.77083333333333,69.08333333333333,7.6875,29.22361111111111,74.55555555555556,6.168055555555557,29.65059523809524,70.20833333333334,8.358333333333333,984.975,0.4624999999999772,0,-0.4482798347084101,-0.893893276512247,0.2207870336676908,1.0,230,8,-0.8660254037844384,-0.5000000000000004,Good,Good,Good
2024-08-18,17.4,28.97083333333333,77.20833333333333,987.2125,5.145833333333333,189.4047615582677,Good,17.0,15.3,14.7,16.566666666666666,15.885714285714286,2.6999999999999997,28.979166666666668,75.83333333333333,4.733333333333333,28.97083333333333,76.66666666666667,6.0,29.72083333333333,71.16666666666667,7.770833333333333,28.97361111111111,76.56944444444444,5.293055555555557,29.42440476190476,72.04761904761905,7.405952380952381,986.5166666666668,1.9041666666665835,0,-0.1634079506280712,-0.9865585850173996,0.3773540000162765,1.0,231,8,-0.8660254037844384,-0.5000000000000004,Good,Good,Good
2024-08-19,17.7,28.67083333333333,77.91666666666667,986.725,6.466666666666666,219.4483547134093,Good,17.4,17.0,15.3,17.366666666666664,16.257142857142856,2.3999999999999986,28.97083333333333,77.20833333333333,5.145833333333333,28.979166666666668,75.83333333333333,4.733333333333333,28.97083333333333,76.66666666666667,6.0,28.873611111111117,76.98611111111113,5.448611111111113,29.297619047619044,73.35119047619047,6.672619047619047,987.2125,1.75,0,-0.6353824347755608,-0.7721976182161405,0.2345287610933373,1.0,232,8,-0.8660254037844384,-0.5000000000000004,Good,Good,Good
2024-08-20,16.8,27.791666666666668,80.33333333333333,987.75,7.141666666666667,239.20925439167377,Good,17.7,17.4,17.0,17.299999999999997,16.385714285714286,-0.1999999999999993,28.67083333333333,77.91666666666667,6.466666666666666,28.97083333333333,77.20833333333333,5.145833333333333,28.979166666666668,75.83333333333333,4.733333333333333,28.47777777777777,78.48611111111113,6.25138888888889,28.98214285714285,75.45833333333333,6.4208333333333325,986.725,1.2333333333332348,0,-0.8590425906870466,-0.5119041193286954,0.4021840193346396,1.0,233,8,-0.8660254037844384,-0.5000000000000004,Good,Good,Good
2024-08-21,15.6,28.6375,77.58333333333333,988.0958333333332,5.775,228.5025954144225,Good,16.8,17.7,17.4,16.7,16.357142857142858,-1.799999999999999,27.791666666666668,80.33333333333333,7.141666666666667,28.67083333333333,77.91666666666667,6.466666666666666,28.97083333333333,77.20833333333333,5.145833333333333,28.366666666666664,78.61111111111113,6.461111111111112,28.820238095238096,76.67261904761905,6.147619047619047,987.75,0.8833333333332121,0,-0.748985735732808,-0.6625861209448808,0.2661889641840994,1.0,234,8,-0.8660254037844384,-0.5000000000000004,Good,Good,Good
2024-08-22,16.6,28.9375,74.33333333333333,988.075,5.4750000000000005,224.5981365039925,Good,15.6,16.8,17.7,16.333333333333332,16.62857142857143,-1.099999999999998,28.6375,77.58333333333333,5.775,27.791666666666668,80.33333333333333,7.141666666666667,28.67083333333333,77.91666666666667,6.466666666666666,28.45555555555556,77.41666666666667,6.130555555555557,28.708333333333336,77.125,5.819642857142857,988.0958333333332,1.3500000000000227,0,-0.7021298945883262,-0.7120488825392439,0.1963703957058049,1.0,235,8,-0.8660254037844384,-0.5000000000000004,Good,Good,Good
2024-08-23,18.7,29.279166666666665,73.41666666666667,989.1875,5.470833333333334,192.00934846272145,Good,16.6,15.6,16.8,16.966666666666665,17.114285714285714,1.8999999999999984,28.9375,74.33333333333333,5.4750000000000005,28.6375,77.58333333333333,5.775,27.791666666666668,80.33333333333333,7.141666666666667,28.95138888888889,75.11111111111113,5.573611111111113,28.752380952380957,76.66071428571429,5.74404761904762,988.075,1.4375,0,-0.2080712840348148,-0.9781136645401204,0.1560896888118818,1.0,236,8,-0.8660254037844384,-0.5000000000000004,Good,Good,Good
2024-08-24,17.4,28.2375,77.70833333333333,988.8958333333334,4.9625,222.1304429044352,Good,18.7,16.6,15.6,17.566666666666663,17.17142857142857,1.799999999999999,29.279166666666665,73.41666666666667,5.470833333333334,28.9375,74.33333333333333,5.4750000000000005,28.6375,77.58333333333333,5.775,28.81805555555556,75.15277777777779,5.30277777777778,28.64642857142857,76.92857142857143,5.776785714285714,989.1875,0.8000000000001819,0,-0.6708207575255223,-0.741619519209739,0.4824965894316766,1.0,237,8,-0.8660254037844384,-0.5000000000000004,Good,Good,Good
2024-08-25,18.8,27.891666666666666,77.70833333333333,987.6791666666668,5.595833333333334,253.32726983907884,Good,17.4,18.7,16.6,18.3,17.37142857142857,2.1999999999999997,28.2375,77.70833333333333,4.9625,29.279166666666665,73.41666666666667,5.470833333333334,28.9375,74.33333333333333,5.4750000000000005,28.469444444444445,76.27777777777779,5.343055555555558,28.492261904761904,77.0,5.841071428571429,988.8958333333334,-0.3958333333332575,0,-0.957959155156026,-0.286904613160459,0.4692076355663636,1.0,238,8,-0.8660254037844384,-0.5000000000000004,Good,Good,Good
2024-08-26,17.0,28.35,76.625,986.675,4.7875000000000005,240.54142393393164,Good,18.8,17.4,18.7,17.73333333333333,17.271428571428572,-1.6999999999999993,27.891666666666666,77.70833333333333,5.595833333333334,28.2375,77.70833333333333,4.9625,29.279166666666665,73.41666666666667,5.470833333333334,28.159722222222214,77.34722222222223,5.11527777777778,28.446428571428573,76.81547619047618,5.601190476190476,987.6791666666668,-2.512500000000045,0,-0.8707114828118798,-0.4917941781879259,0.3743616268557265,1.0,239,8,-0.8660254037844384,-0.5000000000000004,Good,Good,Very Good
2024-08-27,19.0,27.83333333333333,82.08333333333333,986.9208333333332,4.591666666666667,208.7936940123061,Good,17.0,18.8,17.4,18.266666666666666,17.585714285714285,1.6000000000000014,28.35,76.625,4.7875000000000005,27.891666666666666,77.70833333333333,5.595833333333334,28.2375,77.70833333333333,4.9625,28.024999999999995,78.80555555555556,4.991666666666668,28.45238095238096,77.06547619047618,5.236904761904762,986.675,-1.9750000000001364,0,-0.4816572246537096,-0.8763596966650656,0.321449705077977,1.0,240,8,-0.8660254037844384,-0.5000000000000004,Good,Very Good,Very Good
2024-08-28,17.4,27.40416666666667,81.75,986.4625,5.166666666666667,237.4755748268968,Good,19.0,17.0,18.8,17.799999999999997,17.842857142857145,-1.400000000000002,27.83333333333333,82.08333333333333,4.591666666666667,28.35,76.625,4.7875000000000005,27.891666666666666,77.70833333333333,5.595833333333334,27.8625,80.15277777777779,4.848611111111112,28.276190476190475,77.66071428571429,5.15,986.9208333333332,-1.216666666666811,0,-0.8431623185274357,-0.5376590970265814,0.3059814359359036,1.0,241,8,-0.8660254037844384,-0.5000000000000004,Very Good,Very Good,Very Good
2024-08-29,14.8,27.475,81.125,986.4958333333334,6.579166666666667,226.94701716368084,Very Good,17.4,19.0,17.0,17.066666666666663,17.585714285714285,-2.1999999999999997,27.40416666666667,81.75,5.166666666666667,27.83333333333333,82.08333333333333,4.591666666666667,28.35,76.625,4.7875000000000005,27.570833333333336,81.65277777777779,5.445833333333334,28.067261904761903,78.63095238095238,5.307738095238095,986.4625,-0.1791666666665605,0,-0.7307227281197247,-0.682674369380649,0.311429053326093,1.0,242,8,-0.8660254037844384,-0.5000000000000004,Very Good,Very Good,Good
2024-08-30,14.6,27.8625,74.875,986.8291666666668,11.616666666666667,241.09873531758151,Very Good,14.8,17.4,19.0,15.599999999999996,17.0,-4.4,27.475,81.125,6.579166666666667,27.40416666666667,81.75,5.166666666666667,27.83333333333333,82.08333333333333,4.591666666666667,27.58055555555556,79.25000000000001,7.787500000000001,27.86488095238095,78.83928571428571,6.185714285714285,986.4958333333334,-0.0916666666664696,0,-0.8754538593564709,-0.4833017071538859,-0.065617494013687,0.0,243,8,-0.8660254037844384,-0.5000000000000004,Very Good,Good,Very Good
2024-08-31,14.5,28.46666666666667,70.33333333333333,986.6875,11.4,275.33868695885485,Very Good,14.6,14.8,17.4,14.633333333333333,16.585714285714285,-2.8999999999999986,27.8625,74.875,11.616666666666667,27.475,81.125,6.579166666666667,27.40416666666667,81.75,5.166666666666667,27.934722222222224,75.44444444444446,9.86527777777778,27.89761904761905,77.78571428571429,7.105357142857144,986.8291666666668,0.2250000000000227,0,-0.9956621012177822,0.0930428944014045,-0.4833712517773459,0.0,244,8,-0.8660254037844384,-0.5000000000000004,Good,Very Good,Good
2024-09-01,17.4,28.15,75.70833333333333,985.55,6.6375,267.0643389976045,Good,14.5,14.6,14.8,15.499999999999996,16.385714285714286,2.599999999999998,28.46666666666667,70.33333333333333,11.4,27.8625,74.875,11.616666666666667,27.475,81.125,6.579166666666667,28.159722222222225,73.6388888888889,9.884722222222225,27.934523809523807,77.5,7.2541666666666655,986.6875,-0.9458333333334394,0,-0.9986876745998572,-0.0512145350689621,-0.5311703491466836,0.0,245,9,-1.0,-1.8369701987210294e-16,Very Good,Good,Good
2024-09-02,14.8,26.6125,85.66666666666667,985.5833333333334,6.8375,82.7066816109866,Very Good,17.4,14.5,14.6,15.566666666666665,16.07142857142857,0.200000000000001,28.15,75.70833333333333,6.6375,28.46666666666667,70.33333333333333,11.4,27.8625,74.875,11.616666666666667,27.74305555555556,77.23611111111113,8.291666666666668,27.686309523809523,78.79166666666666,7.54702380952381,985.55,-1.245833333333394,1,0.99190925362596,0.1269489368651461,-0.0227399208713813,1.0,246,9,-1.0,-1.8369701987210294e-16,Good,Good,Good
2024-09-03,17.0,26.354166666666668,87.54166666666667,986.5541666666668,4.825,95.72151409042436,Good,14.8,17.4,14.5,16.399999999999995,15.785714285714286,2.5,26.6125,85.66666666666667,6.8375,28.15,75.70833333333333,6.6375,28.46666666666667,70.33333333333333,11.4,27.03888888888889,82.97222222222224,6.100000000000001,27.475,79.57142857142857,7.580357142857143,985.5833333333334,-0.133333333333212,0,0.9950182060706444,-0.0996933778540827,0.4599440681113538,0.0,247,9,-1.0,-1.8369701987210294e-16,Good,Good,Good
2024-09-04,17.9,26.85833333333333,84.29166666666667,985.2708333333334,9.3875,266.8400344767359,Good,17.0,14.8,17.4,16.566666666666663,15.857142857142858,0.5,26.354166666666668,87.54166666666667,4.825,26.6125,85.66666666666667,6.8375,28.15,75.70833333333333,6.6375,26.60833333333333,85.83333333333336,7.016666666666668,27.39702380952381,79.93452380952381,8.183333333333334,986.5541666666668,-0.2791666666665833,0,-0.998479524797082,-0.0551238474799522,0.0917773131924361,1.0,248,9,-1.0,-1.8369701987210294e-16,Good,Good,Good
2024-09-05,16.8,27.97083333333333,75.33333333333333,983.5125,12.441666666666668,258.9264231159957,Good,17.9,17.0,14.8,17.23333333333333,16.142857142857142,2.0,26.85833333333333,84.29166666666667,9.3875,26.354166666666668,87.54166666666667,4.825,26.6125,85.66666666666667,6.8375,27.061111111111117,82.3888888888889,8.884722222222223,27.467857142857135,79.10714285714286,9.020833333333332,985.2708333333334,-2.0708333333333258,0,-0.9813813450664316,-0.1920694029657034,-0.742412304959732,1.0,249,9,-1.0,-1.8369701987210294e-16,Good,Good,Good
2024-09-06,17.6,28.2125,73.5,983.25,15.183333333333332,264.919250809385,Good,16.8,17.9,17.0,17.433333333333334,16.571428571428573,0.6000000000000014,27.97083333333333,75.33333333333333,12.441666666666668,26.85833333333333,84.29166666666667,9.3875,26.354166666666668,87.54166666666667,4.825,27.680555555555557,77.70833333333334,12.3375,27.517857142857142,78.91071428571429,9.530357142857143,983.5125,-3.304166666666788,0,-0.996070876784492,-0.0885596320101514,-1.229138013172206,1.0,250,9,-1.0,-1.8369701987210294e-16,Good,Good,Good
2024-09-07,18.8,28.870833333333334,68.95833333333333,984.4208333333332,18.091666666666665,250.86191364538465,Good,17.6,16.8,17.9,17.73333333333333,17.185714285714287,0.9000000000000021,28.2125,73.5,15.183333333333332,27.97083333333333,75.33333333333333,12.441666666666668,26.85833333333333,84.29166666666667,9.3875,28.351388888888888,72.59722222222223,15.238888888888887,27.57559523809524,78.71428571428571,10.486309523809524,983.25,-0.8500000000001364,0,-0.9447311910990324,-0.3278459646916573,-1.4544753308771377,1.0,251,9,-1.0,-1.8369701987210294e-16,Good,Good,Good
2024-09-08,17.1,29.129166666666663,68.91666666666667,985.7375,17.724999999999998,244.38005027956072,Good,18.8,17.6,16.8,17.833333333333332,17.142857142857142,0.3000000000000007,28.870833333333334,68.95833333333333,18.091666666666665,28.2125,73.5,15.183333333333332,27.97083333333333,75.33333333333333,12.441666666666668,28.7375,70.45833333333334,17.0,27.71547619047619,77.7440476190476,12.070238095238096,984.4208333333332,2.224999999999909,0,-0.9016820245361316,-0.4323997301437905,-1.3676224197572089,1.0,252,9,-1.0,-1.8369701987210294e-16,Good,Good,Good
2024-09-09,18.2,28.55,72.29166666666667,985.3916666666668,13.525,237.2468581410989,Good,17.1,18.8,17.6,18.03333333333333,17.62857142857143,0.5999999999999979,29.129166666666663,68.91666666666667,17.724999999999998,28.870833333333334,68.95833333333333,18.091666666666665,28.2125,73.5,15.183333333333332,28.85,70.05555555555556,16.447222222222223,27.992261904761904,75.83333333333334,13.025595238095235,985.7375,2.141666666666765,0,-0.8410093469414939,-0.5410205895869786,-1.2001831855278486,1.0,253,9,-1.0,-1.8369701987210294e-16,Good,Good,Good
2024-09-10,20.2,28.15833333333333,76.625,985.05,8.291666666666666,234.77278614868283,Good,18.2,17.1,18.8,18.5,18.085714285714285,1.3999999999999986,28.55,72.29166666666667,13.525,29.129166666666663,68.91666666666667,17.724999999999998,28.870833333333334,68.95833333333333,18.091666666666665,28.6125,72.61111111111113,13.180555555555555,28.25,74.27380952380952,13.520833333333332,985.3916666666668,0.6291666666667197,0,-0.816871017361429,-0.5768203715151745,-0.6984770041934169,1.0,254,9,-1.0,-1.8369701987210294e-16,Good,Good,Good
2024-09-11,20.6,27.391666666666666,82.375,986.7375,4.670833333333333,220.4333721730277,Good,20.2,18.2,17.1,19.666666666666664,18.47142857142857,3.5,28.15833333333333,76.625,8.291666666666666,28.55,72.29166666666667,13.525,29.129166666666663,68.91666666666667,17.724999999999998,28.03333333333333,77.09722222222223,8.829166666666667,28.326190476190472,74.0,12.847023809523808,985.05,1.0,0,-0.6485633523599645,-0.761160678159089,0.1174000758078566,1.0,255,9,-1.0,-1.8369701987210294e-16,Good,Good,Good
2024-09-12,16.7,27.6375,81.20833333333333,987.0083333333332,6.3125,270.7476767993666,Good,20.6,20.2,18.2,19.16666666666666,18.457142857142856,-1.5,27.391666666666666,82.375,4.670833333333333,28.15833333333333,76.625,8.291666666666666,28.55,72.29166666666667,13.525,27.729166666666668,80.06944444444444,6.425000000000001,28.278571428571432,74.83928571428571,11.971428571428572,986.7375,1.6166666666664469,0,-0.9999148575024068,0.0130490515341613,0.2624581855609639,1.0,256,9,-1.0,-1.8369701987210294e-16,Good,Good,Good
2024-09-13,15.1,27.691666666666663,80.33333333333333,985.4416666666666,7.216666666666666,273.2996327112028,Good,16.7,20.6,20.2,17.46666666666666,18.1,-5.1,27.6375,81.20833333333333,6.3125,27.391666666666666,82.375,4.670833333333333,28.15833333333333,76.625,8.291666666666666,27.57361111111111,81.30555555555556,6.066666666666667,28.20416666666667,75.81547619047619,10.833333333333332,987.0083333333332,0.3916666666666515,0,-0.998342185601886,0.057557627189184,0.0692517281437346,1.0,257,9,-1.0,-1.8369701987210294e-16,Good,Good,Good
2024-09-14,18.1,28.191666666666663,74.125,983.8333333333334,11.1875,262.5640916462646,Good,15.1,16.7,20.6,16.63333333333333,18.0,-2.5,27.691666666666663,80.33333333333333,7.216666666666666,27.6375,81.20833333333333,6.3125,27.391666666666666,82.375,4.670833333333333,27.84027777777777,78.55555555555556,8.238888888888889,28.107142857142858,76.55357142857143,9.847023809523808,985.4416666666666,-2.9041666666665837,0,-0.9915902489880096,-0.1294170704037806,-0.5442154279659333,1.0,258,9,-1.0,-1.8369701987210294e-16,Good,Good,Good
2024-09-15,18.9,27.854166666666668,76.33333333333333,983.3541666666666,10.320833333333333,263.57627602384247,Good,18.1,15.1,16.7,17.36666666666666,18.25714285714286,2.1999999999999997,28.191666666666663,74.125,11.1875,27.691666666666663,80.33333333333333,7.216666666666666,27.6375,81.20833333333333,6.3125,27.912499999999994,76.93055555555556,9.575,27.925,77.61309523809523,8.789285714285715,983.8333333333334,-3.6541666666665833,0,-0.9937216789799072,-0.1118804036699654,-0.6358078707516481,1.0,259,9,-1.0,-1.8369701987210294e-16,Good,Good,Good
2024-09-16,19.1,27.791666666666668,78.5,983.3208333333332,10.8125,271.03092523808766,Good,18.9,18.1,15.1,18.7,18.385714285714283,4.000000000000002,27.854166666666668,76.33333333333333,10.320833333333333,28.191666666666663,74.125,11.1875,27.691666666666663,80.33333333333333,7.216666666666666,27.94583333333333,76.31944444444446,10.773611111111114,27.816666666666663,78.5,8.401785714285714,983.3541666666666,-2.120833333333394,0,-0.9998381296275312,0.0179920688893772,-0.7489362024481175,1.0,260,9,-1.0,-1.8369701987210294e-16,Good,Good,Good
2024-09-17,20.9,26.620833333333334,85.5,983.025,6.233333333333333,306.5234491797688,Good,19.1,18.9,18.1,19.63333333333333,18.485714285714288,2.799999999999997,27.791666666666668,78.5,10.8125,27.854166666666668,76.33333333333333,10.320833333333333,28.191666666666663,74.125,11.1875,27.42222222222222,80.11111111111113,9.122222222222224,27.597023809523808,79.76785714285714,8.107738095238094,983.3208333333332,-0.808333333333394,0,-0.8036133529196454,0.5951517277209615,-0.3106503744006152,1.0,261,9,-1.0,-1.8369701987210294e-16,Good,Good,Good
2024-09-18,19.7,26.20833333333333,87.54166666666667,982.4791666666666,5.320833333333334,331.23214884074844,Good,20.9,19.1,18.9,19.899999999999995,18.357142857142858,0.8000000000000007,26.620833333333334,85.5,6.233333333333333,27.791666666666668,78.5,10.8125,27.854166666666668,76.33333333333333,10.320833333333333,26.873611111111117,83.84722222222223,7.455555555555557,27.42797619047619,80.50595238095238,8.200595238095238,983.025,-0.875,0,-0.4812618998768552,0.8765768555733832,-0.1710038598979988,1.0,262,9,-1.0,-1.8369701987210294e-16,Good,Good,Good
2024-09-19,15.8,27.066666666666663,83.5,981.7083333333334,7.704166666666667,280.1161780737617,Good,19.7,20.9,19.1,18.8,18.228571428571428,-3.3000000000000007,26.20833333333333,87.54166666666667,5.320833333333334,26.620833333333334,85.5,6.233333333333333,27.791666666666668,78.5,10.8125,26.63194444444444,85.5138888888889,6.419444444444445,27.346428571428568,80.83333333333334,8.399404761904762,982.4791666666666,-1.6124999999998408,0,-0.9844536240656578,0.1756447040590532,-0.2939532807565964,1.0,263,9,-1.0,-1.8369701987210294e-16,Good,Good,Good
2024-09-20,15.6,26.6125,85.66666666666667,981.6666666666666,8.095833333333333,253.1624835352929,Good,15.8,19.7,20.9,17.033333333333328,18.3,-5.299999999999999,27.066666666666663,83.5,7.704166666666667,26.20833333333333,87.54166666666667,5.320833333333334,26.620833333333334,85.5,6.233333333333333,26.629166666666663,85.56944444444446,7.040277777777779,27.1922619047619,81.5952380952381,8.525,981.7083333333334,-1.3583333333333485,0,-0.9571300383969884,-0.2896585741837784,-0.4891440252582201,1.0,264,9,-1.0,-1.8369701987210294e-16,Good,Good,Very Good
2024-09-21,16.5,26.34583333333333,86.04166666666667,983.1458333333334,5.283333333333333,245.58806968967724,Good,15.6,15.8,19.7,15.966666666666663,18.071428571428573,-3.1999999999999997,26.6125,85.66666666666667,8.095833333333333,27.066666666666663,83.5,7.704166666666667,26.20833333333333,87.54166666666667,5.320833333333334,26.675,85.06944444444446,7.027777777777779,26.928571428571423,83.29761904761905,7.681547619047619,981.6666666666666,0.6666666666667425,0,-0.9105976231399634,-0.4132940463300303,-0.366548883466059,1.0,265,9,-1.0,-1.8369701987210294e-16,Good,Very Good,Very Good
2024-09-22,15.1,26.425,88.125,984.4541666666668,6.783333333333334,189.5980678792259,Good,16.5,15.6,15.8,15.733333333333327,17.52857142857143,-0.7000000000000011,26.34583333333333,86.04166666666667,5.283333333333333,26.6125,85.66666666666667,8.095833333333333,27.066666666666663,83.5,7.704166666666667,26.46111111111111,86.61111111111113,6.720833333333335,26.72440476190476,84.98214285714286,7.176190476190477,983.1458333333334,2.745833333333394,0,-0.166735496992037,-0.986001660263723,-0.0692180942177797,1.0,266,9,-1.0,-1.8369701987210294e-16,Very Good,Very Good,Very Good
2024-09-23,11.1,26.6375,82.125,987.3708333333334,6.883333333333333,213.9476679527349,Very Good,15.1,16.5,15.6,14.233333333333327,16.385714285714286,-4.5,26.425,88.125,6.783333333333334,26.34583333333333,86.04166666666667,5.283333333333333,26.6125,85.66666666666667,8.095833333333333,26.469444444444445,85.43055555555556,6.316666666666667,26.559523809523807,85.5,6.614880952380952,984.4541666666668,5.704166666666765,0,-0.5584354551558187,-0.829547974757888,0.148212817243478,1.0,267,9,-1.0,-1.8369701987210294e-16,Very Good,Very Good,Good
2024-09-24,14.7,25.7,88.54166666666667,989.0416666666666,4.179166666666666,153.52287972341242,Very Good,11.1,15.1,16.5,13.633333333333333,15.5,-1.8000000000000007,26.6375,82.125,6.883333333333333,26.425,88.125,6.783333333333334,26.34583333333333,86.04166666666667,5.283333333333333,26.254166666666663,86.2638888888889,5.948611111111113,26.42797619047619,85.93452380952381,6.321428571428571,987.3708333333334,5.8958333333332575,0,0.4458404065323222,-0.8951124688568993,0.4693479254023294,0.0,268,9,-1.0,-1.8369701987210294e-16,Very Good,Good,Good
2024-09-25,13.4,25.3125,89.5,990.1166666666668,4.608333333333333,90.95411565664024,Very Good,14.7,11.1,15.1,13.066666666666665,14.6,-1.6999999999999993,25.7,88.54166666666667,4.179166666666666,26.6375,82.125,6.883333333333333,26.425,88.125,6.783333333333334,25.883333333333336,86.72222222222223,5.223611111111111,26.3,86.21428571428571,6.219642857142857,989.0416666666666,5.662500000000023,0,0.999861350997792,-0.0166516900304473,0.7349552687199113,0.0,269,9,-1.0,-1.8369701987210294e-16,Good,Good,Good
2024-09-26,15.5,26.96666666666667,83.625,989.7875,4.358333333333333,89.61532695065199,Good,13.4,14.7,11.1,14.53333333333333,14.55714285714286,4.4,25.3125,89.5,4.608333333333333,25.7,88.54166666666667,4.179166666666666,26.6375,82.125,6.883333333333333,25.993055555555557,87.22222222222223,4.3819444444444455,26.285714285714285,86.23214285714286,5.741666666666666,990.1166666666668,2.4166666666666288,1,0.9999774624538748,0.0067137608171233,0.5447097549299456,0.0,270,9,-1.0,-1.8369701987210294e-16,Good,Good,Good
2024-09-27,16.3,27.1125,86.875,989.35,3.9583333333333335,146.3100518414152,Good,15.5,13.4,14.7,15.066666666666665,14.657142857142857,1.6000000000000014,26.96666666666667,83.625,4.358333333333333,25.3125,89.5,4.608333333333333,25.7,88.54166666666667,4.179166666666666,26.46388888888889,86.66666666666667,4.308333333333335,26.357142857142858,86.4047619047619,5.150595238095238,989.7875,0.3083333333333939,0,0.5546984627686646,-0.8320514499729451,0.3223277743959638,1.0,271,9,-1.0,-1.8369701987210294e-16,Good,Good,Good
2024-09-28,15.9,27.6625,82.54166666666667,988.5583333333334,3.8625,289.0427391930988,Good,16.3,15.5,13.4,15.9,14.571428571428571,2.5,27.1125,86.875,3.9583333333333335,26.96666666666667,83.625,4.358333333333333,25.3125,89.5,4.608333333333333,27.247222222222224,84.34722222222223,4.059722222222223,26.545238095238098,85.90476190476191,4.947619047619048,989.35,-1.558333333333394,0,-0.94527545837464,0.3262733635996269,0.1090444973906716,1.0,272,9,-1.0,-1.8369701987210294e-16,Good,Good,Very Good
2024-09-29,15.9,28.60833333333333,77.54166666666667,987.6583333333332,5.166666666666667,224.56354729333412,Good,15.9,16.3,15.5,16.03333333333333,14.685714285714289,0.4000000000000003,27.6625,82.54166666666667,3.8625,27.1125,86.875,3.9583333333333335,26.96666666666667,83.625,4.358333333333333,27.79444444444444,82.31944444444446,4.329166666666668,26.857142857142858,84.39285714285714,4.716666666666667,988.5583333333334,-2.1291666666668334,0,-0.701699905883713,-0.7124726254971403,0.11304356397507,1.0,273,9,-1.0,-1.8369701987210294e-16,Good,Very Good,Very Good
2024-09-30,16.6,27.754166666666663,82.04166666666667,986.3833333333332,7.133333333333333,215.76053281480665,Good,15.9,15.9,16.3,16.13333333333333,15.471428571428572,0.3000000000000007,28.60833333333333,77.54166666666667,5.166666666666667,27.6625,82.54166666666667,3.8625,27.1125,86.875,3.9583333333333335,28.008333333333336,80.70833333333336,5.3875,27.01666666666667,84.38095238095238,4.752380952380952,987.6583333333332,-2.9666666666668107,0,-0.5843988492744393,-0.8114665642937552,0.0447389727645025,1.0,274,9,-1.0,-1.8369701987210294e-16,Very Good,Very Good,Very Good
2024-10-01,13.3,26.48333333333333,87.58333333333333,986.1375,4.883333333333334,115.61040729223409,Very Good,16.6,15.9,15.9,15.266666666666666,15.271428571428572,-2.6,27.754166666666663,82.04166666666667,7.133333333333333,28.60833333333333,77.54166666666667,5.166666666666667,27.6625,82.54166666666667,3.8625,27.615277777777774,82.3888888888889,5.727777777777779,27.128571428571423,84.24404761904762,4.85297619047619,986.3833333333332,-2.4208333333333485,0,0.9017540268178508,-0.4322495519000462,0.2979048678324227,1.0,275,10,-0.8660254037844386,0.5000000000000001,Very Good,Very Good,Very Good
2024-10-02,12.6,26.3375,87.125,988.625,8.179166666666665,89.93549009522667,Very Good,13.3,16.6,15.9,14.166666666666664,15.157142857142858,-3.3000000000000007,26.48333333333333,87.58333333333333,4.883333333333334,27.754166666666663,82.04166666666667,7.133333333333333,28.60833333333333,77.54166666666667,5.166666666666667,26.85833333333333,85.58333333333333,6.731944444444445,27.275,83.90476190476191,5.363095238095238,986.1375,0.9666666666668108,1,0.9999993661631345,0.0011259100005615,0.6237457781332704,0.0,276,10,-0.8660254037844386,0.5000000000000001,Very Good,Very Good,Good
2024-10-03,10.9,25.6375,87.16666666666667,990.15,9.1375,80.85484836269217,Very Good,12.6,13.3,16.6,12.266666666666664,14.5,-5.700000000000001,26.3375,87.125,8.179166666666665,26.48333333333333,87.58333333333333,4.883333333333334,27.754166666666663,82.04166666666667,7.133333333333333,26.15277777777777,87.29166666666667,7.400000000000001,27.08511904761904,84.41071428571429,6.0458333333333325,988.625,3.766666666666765,1,0.9872888645326904,0.1589361443151023,0.6756418793691507,0.0,277,10,-0.8660254037844386,0.5000000000000001,Very Good,Good,Moderate
2024-10-04,12.8,26.104166666666668,78.79166666666667,990.8833333333332,8.0625,70.24720264285929,Very Good,10.9,12.6,13.3,12.099999999999996,14.0,-0.5,25.6375,87.16666666666667,9.1375,26.3375,87.125,8.179166666666665,26.48333333333333,87.58333333333333,4.883333333333334,26.02638888888889,84.36111111111113,8.459722222222224,26.94107142857143,83.2559523809524,6.632142857142857,990.15,4.745833333333167,1,0.9411595159954724,0.3379626687241772,0.3333106171390982,0.0,278,10,-0.8660254037844386,0.5000000000000001,Good,Moderate,Moderate
2024-10-05,23.2,25.75,74.41666666666667,990.2708333333334,9.058333333333334,49.91252130788462,Good,12.8,10.9,12.6,15.633333333333333,15.042857142857144,10.6,26.104166666666668,78.79166666666667,8.0625,25.6375,87.16666666666667,9.1375,26.3375,87.125,8.179166666666665,25.83055555555556,80.12500000000001,8.752777777777778,26.66785714285714,82.0952380952381,7.374404761904762,990.8833333333332,1.6458333333333712,1,0.7650621481729362,0.6439564499506254,0.276874699163771,0.0,279,10,-0.8660254037844386,0.5000000000000001,Moderate,Moderate,Moderate
2024-10-06,29.7,25.808333333333334,74.375,990.8416666666668,9.220833333333331,61.17525829323529,Moderate,23.2,12.8,10.9,21.899999999999995,17.014285714285712,18.8,25.75,74.41666666666667,9.058333333333334,26.104166666666668,78.79166666666667,8.0625,25.6375,87.16666666666667,9.1375,25.8875,75.86111111111113,8.780555555555557,26.267857142857142,81.64285714285714,7.953571428571428,990.2708333333334,0.6916666666668334,1,0.8760985654300346,0.4821320396441573,0.1994287952539641,1.0,280,10,-0.8660254037844386,0.5000000000000001,Moderate,Moderate,Good
2024-10-07,29.0,26.945833333333336,73.5,991.5166666666668,9.233333333333333,54.86877108230959,Moderate,29.7,23.2,12.8,27.3,18.785714285714285,16.2,25.808333333333334,74.375,9.220833333333331,25.75,74.41666666666667,9.058333333333334,26.104166666666668,78.79166666666667,8.0625,26.168055555555554,74.09722222222223,9.170833333333334,26.152380952380952,80.42261904761905,8.253571428571428,990.8416666666668,0.6333333333335531,1,0.8178361907758884,0.5754510970162318,0.1080943523601385,2.0,281,10,-0.8660254037844386,0.5000000000000001,Moderate,Good,Moderate
2024-10-08,25.7,27.241666666666664,77.375,990.7958333333332,9.5125,59.14194311854295,Moderate,29.0,29.7,23.2,28.13333333333333,20.557142857142853,2.5,26.945833333333336,73.5,9.233333333333333,25.808333333333334,74.375,9.220833333333331,25.75,74.41666666666667,9.058333333333334,26.665277777777774,75.08333333333333,9.322222222222225,26.26071428571429,78.96428571428571,8.914880952380951,991.5166666666668,0.5249999999998636,1,0.8584406113470325,0.5129129719456635,-0.0919099091299651,2.0,282,10,-0.8660254037844386,0.5000000000000001,Good,Moderate,Moderate
2024-10-09,21.9,27.23333333333333,75.58333333333333,989.7708333333334,9.458333333333334,66.40449225101742,Good,25.7,29.0,29.7,25.533333333333328,21.885714285714283,-7.800000000000001,27.241666666666664,77.375,9.5125,26.945833333333336,73.5,9.233333333333333,25.808333333333334,74.375,9.220833333333331,27.14027777777778,75.48611111111111,9.40138888888889,26.38869047619048,77.31547619047619,9.097619047619046,990.7958333333332,-1.0708333333334394,1,0.9163941159398196,0.4002771842996753,-0.1904464354186293,2.0,283,10,-0.8660254037844386,0.5000000000000001,Moderate,Moderate,Moderate
2024-10-10,29.4,26.804166666666664,74.79166666666667,989.4125,9.579166666666667,84.52865296441723,Moderate,21.9,25.7,29.0,25.66666666666666,24.52857142857143,0.3999999999999986,27.23333333333333,75.58333333333333,9.458333333333334,27.241666666666664,77.375,9.5125,26.945833333333336,73.5,9.233333333333333,27.09305555555555,75.91666666666669,9.516666666666667,26.55535714285714,75.54761904761905,9.160714285714286,989.7708333333334,-2.1041666666667425,1,0.995444005261848,0.0953479542950441,0.032095115689833,1.0,284,10,-0.8660254037844386,0.5000000000000001,Moderate,Moderate,Good
2024-10-11,25.7,26.887500000000003,72.95833333333333,989.2666666666668,7.866666666666667,54.07845630678514,Moderate,29.4,21.9,25.7,25.66666666666666,26.37142857142857,0.0,26.804166666666664,74.79166666666667,9.579166666666667,27.23333333333333,75.58333333333333,9.458333333333334,27.241666666666664,77.375,9.5125,26.975,74.44444444444446,8.968055555555557,26.667261904761904,74.71428571428571,9.132738095238096,989.4125,-1.5291666666664696,1,0.809821102268495,0.58667689772194,0.1138406986104928,2.0,285,10,-0.8660254037844386,0.5000000000000001,Moderate,Good,Good
2024-10-12,27.7,27.258333333333336,76.45833333333333,989.7541666666666,7.933333333333334,73.26448250696433,Moderate,25.7,29.4,21.9,27.599999999999994,27.014285714285712,5.800000000000001,26.887500000000003,72.95833333333333,7.866666666666667,26.804166666666664,74.79166666666667,9.579166666666667,27.23333333333333,75.58333333333333,9.458333333333334,26.98333333333333,74.73611111111113,8.459722222222224,26.882738095238096,75.00595238095238,8.97202380952381,989.2666666666668,-0.0166666666667651,1,0.9576441768439314,0.2879542160776762,0.1517496479361511,2.0,286,10,-0.8660254037844386,0.5000000000000001,Good,Good,Good
2024-10-13,17.2,27.745833333333334,80.08333333333333,989.6833333333334,6.466666666666666,56.7359072310602,Good,27.7,25.7,29.4,23.53333333333333,25.228571428571428,-12.2,27.258333333333336,76.45833333333333,7.933333333333334,26.887500000000003,72.95833333333333,7.866666666666667,26.804166666666664,74.79166666666667,9.579166666666667,27.297222222222228,76.5,7.422222222222223,27.15952380952381,75.82142857142857,8.578571428571427,989.7541666666666,0.2708333333333712,1,0.836151269487805,0.5484989102395117,0.0989621856380168,2.0,287,10,-0.8660254037844386,0.5000000000000001,Good,Good,Good
2024-10-14,18.2,28.2375,73.25,989.0166666666668,6.666666666666667,69.59969758155148,Good,17.2,27.7,25.7,21.033333333333328,23.685714285714287,-7.5,27.745833333333334,80.08333333333333,6.466666666666666,27.258333333333336,76.45833333333333,7.933333333333334,26.887500000000003,72.95833333333333,7.866666666666667,27.747222222222224,76.59722222222223,7.022222222222223,27.34404761904762,75.78571428571429,8.211904761904762,989.6833333333334,-0.25,1,0.937280149646676,0.3485769944765498,0.0058385477931506,1.0,288,10,-0.8660254037844386,0.5000000000000001,Good,Good,Good
2024-10-15,23.2,28.079166666666666,74.16666666666667,988.9916666666668,5.791666666666667,48.52285374384854,Good,18.2,17.2,27.7,19.533333333333328,23.32857142857143,-4.5,28.2375,73.25,6.666666666666667,27.745833333333334,80.08333333333333,6.466666666666666,27.258333333333336,76.45833333333333,7.933333333333334,28.02083333333333,75.83333333333336,6.308333333333335,27.463690476190475,75.32738095238095,7.680357142857143,989.0166666666668,-0.7624999999998181,1,0.7492199624998928,0.6623212572397623,0.1721454948403654,1.0,289,10,-0.8660254037844386,0.5000000000000001,Good,Good,Good
2024-10-16,22.8,27.7125,76.0,989.5833333333334,7.695833333333333,99.55615379293954,Good,23.2,18.2,17.2,21.399999999999995,23.457142857142856,5.600000000000001,28.079166666666666,74.16666666666667,5.791666666666667,28.2375,73.25,6.666666666666667,27.745833333333334,80.08333333333333,6.466666666666666,28.009722222222223,74.47222222222223,6.718055555555558,27.53214285714285,75.38690476190474,7.428571428571429,988.9916666666668,-0.1000000000000227,0,0.9861233699107718,-0.1660141539623147,0.3337717730151543,1.0,290,10,-0.8660254037844386,0.5000000000000001,Good,Good,Good
2024-10-17,21.4,26.975,83.0,989.3375,5.066666666666666,74.86103122964516,Good,22.8,23.2,18.2,22.466666666666665,22.314285714285717,3.1999999999999997,27.7125,76.0,7.695833333333333,28.079166666666666,74.16666666666667,5.791666666666667,28.2375,73.25,6.666666666666667,27.58888888888889,77.72222222222223,6.184722222222224,27.55654761904762,76.55952380952381,6.783928571428572,989.5833333333334,0.320833333333212,1,0.9652952297843966,0.2611610984727413,0.5795073401269173,1.0,291,10,-0.8660254037844386,0.5000000000000001,Good,Good,Very Good
2024-10-18,19.6,25.53333333333333,88.79166666666667,989.0375,4.704166666666667,135.56388739263673,Good,21.4,22.8,23.2,21.266666666666666,21.442857142857147,-3.599999999999998,26.975,83.0,5.066666666666666,27.7125,76.0,7.695833333333333,28.079166666666666,74.16666666666667,5.791666666666667,26.740277777777777,82.59722222222223,5.822222222222223,27.36309523809524,78.82142857142857,6.332142857142857,989.3375,0.0458333333332348,0,0.7001135221371368,-0.7140315512081611,0.8107092862339936,1.0,292,10,-0.8660254037844386,0.5000000000000001,Good,Very Good,Very Good
2024-10-19,15.8,25.4375,89.25,989.6333333333332,6.6875,95.42287483012824,Good,19.6,21.4,22.8,18.93333333333333,19.74285714285714,-7.0,25.53333333333333,88.79166666666667,4.704166666666667,26.975,83.0,5.066666666666666,27.7125,76.0,7.695833333333333,25.98194444444444,87.0138888888889,5.486111111111112,27.10297619047619,80.64880952380952,6.154166666666667,989.0375,0.0499999999998408,0,0.9955243133543712,-0.0945057750632621,0.8593724625243535,1.0,293,10,-0.8660254037844386,0.5000000000000001,Very Good,Very Good,Good
2024-10-20,13.0,25.320833333333336,89.58333333333333,990.9708333333332,7.75,103.18660841467226,Very Good,15.8,19.6,21.4,16.13333333333333,19.142857142857142,-8.399999999999999,25.4375,89.25,6.6875,25.53333333333333,88.79166666666667,4.704166666666667,26.975,83.0,5.066666666666666,25.43055555555556,89.20833333333333,6.380555555555556,26.75654761904762,82.00595238095238,6.3375,989.6333333333332,1.633333333333212,0,0.973632248102414,-0.2281233119500047,0.7875811358503425,1.0,294,10,-0.8660254037844386,0.5000000000000001,Very Good,Good,Very Good
2024-10-21,12.1,26.03333333333333,85.45833333333333,990.5833333333334,4.166666666666667,39.89598145035166,Very Good,13.0,15.8,19.6,13.633333333333333,18.27142857142857,-7.500000000000002,25.320833333333336,89.58333333333333,7.75,25.4375,89.25,6.6875,25.53333333333333,88.79166666666667,4.704166666666667,25.597222222222225,88.09722222222223,6.20138888888889,26.441666666666663,83.75,5.980357142857143,990.9708333333332,1.5458333333333485,1,0.6413958233886846,0.7672101392314568,0.396696328507752,0.0,295,10,-0.8660254037844386,0.5000000000000001,Good,Very Good,Good
2024-10-22,15.3,26.75,82.20833333333333,989.975,8.958333333333334,49.625741066008175,Good,12.1,13.0,15.8,13.466666666666663,17.142857142857142,-0.5,26.03333333333333,85.45833333333333,4.166666666666667,25.320833333333336,89.58333333333333,7.75,25.4375,89.25,6.6875,26.034722222222225,85.75,6.958333333333335,26.251785714285717,84.89880952380953,6.432738095238095,990.5833333333334,0.3416666666668106,1,0.7618294091378329,0.6477777021268178,0.1141053942986905,0.0,296,10,-0.8660254037844386,0.5000000000000001,Very Good,Good,Moderate
2024-10-23,14.1,26.5875,77.75,990.5583333333334,9.079166666666667,50.1705748815512,Very Good,15.3,12.1,13.0,13.833333333333329,15.9,1.0999999999999996,26.75,82.20833333333333,8.958333333333334,26.03333333333333,85.45833333333333,4.166666666666667,25.320833333333336,89.58333333333333,7.75,26.45694444444445,81.80555555555556,7.401388888888891,26.091071428571432,85.14880952380953,6.630357142857143,989.975,-0.4124999999997953,1,0.7679546842252292,0.6405041787346345,0.1317191569662585,1.0,297,10,-0.8660254037844386,0.5000000000000001,Good,Moderate,Good
2024-10-24,17.8,26.125,78.5,990.0291666666668,7.1875,44.156011047160405,Good,14.1,15.3,12.1,15.733333333333327,15.385714285714288,5.700000000000001,26.5875,77.75,9.079166666666667,26.75,82.20833333333333,8.958333333333334,26.03333333333333,85.45833333333333,4.166666666666667,26.4875,79.48611111111113,8.408333333333333,25.96964285714285,84.5059523809524,6.933333333333333,990.5583333333334,-0.5541666666665606,1,0.6966144878420482,0.7174456462538197,0.1730327220450061,0.0,298,10,-0.8660254037844386,0.5000000000000001,Moderate,Good,Good
2024-10-25,25.9,27.2375,74.29166666666667,988.0625,4.145833333333333,302.6126915245592,Moderate,17.8,14.1,15.3,19.266666666666666,16.285714285714285,10.599999999999998,26.125,78.5,7.1875,26.5875,77.75,9.079166666666667,26.75,82.20833333333333,8.958333333333334,26.65,76.84722222222224,6.804166666666668,26.213095238095235,82.43452380952381,6.853571428571429,990.0291666666668,-1.9125000000000227,0,-0.842333033821255,0.5389573824835138,0.0839581748702563,1.0,299,10,-0.8660254037844386,0.5000000000000001,Good,Good,Good
2024-10-26,23.3,27.816666666666663,76.70833333333333,985.825,6.6625000000000005,281.77663723696264,Good,25.9,17.8,14.1,22.33333333333333,17.357142857142858,9.2,27.2375,74.29166666666667,4.145833333333333,26.125,78.5,7.1875,26.5875,77.75,9.079166666666667,27.05972222222222,76.5,5.998611111111113,26.552976190476187,80.64285714285714,6.8500000000000005,988.0625,-4.7333333333333485,0,-0.9789506921079516,0.2040968946881914,-0.1782386396825463,2.0,300,10,-0.8660254037844386,0.5000000000000001,Good,Good,Good
2024-10-27,24.0,26.925,83.83333333333333,984.4291666666668,8.924999999999999,312.91175308762115,Good,23.3,25.9,17.8,24.399999999999995,18.928571428571427,6.199999999999999,27.816666666666663,76.70833333333333,6.6625000000000005,27.2375,74.29166666666667,4.145833333333333,26.125,78.5,7.1875,27.32638888888889,78.27777777777779,6.577777777777778,26.78214285714285,79.82142857142857,7.017857142857143,985.825,-5.600000000000023,0,-0.7324032470524965,0.6808711212167541,-0.3051096216447864,1.0,301,10,-0.8660254037844386,0.5000000000000001,Good,Good,Good
2024-10-28,15.6,25.3625,85.875,985.7291666666666,4.595833333333333,118.23961694693617,Good,24.0,23.3,25.9,20.96666666666666,19.428571428571427,-10.3,26.925,83.83333333333333,8.924999999999999,27.816666666666663,76.70833333333333,6.6625000000000005,27.2375,74.29166666666667,4.145833333333333,26.70138888888889,82.1388888888889,6.727777777777779,26.686309523809523,79.88095238095238,7.079166666666667,984.4291666666668,-2.3333333333333712,0,0.8809764980029307,-0.4731600257486808,0.2691959596646691,1.0,302,10,-0.8660254037844386,0.5000000000000001,Good,Good,Good
2024-10-29,18.8,26.09583333333333,78.41666666666667,987.375,5.3,45.92399604877079,Good,15.6,24.0,23.3,19.466666666666665,19.928571428571427,-4.5,25.3625,85.875,4.595833333333333,26.925,83.83333333333333,8.924999999999999,27.816666666666663,76.70833333333333,6.6625000000000005,26.12777777777778,82.70833333333336,6.273611111111112,26.592857142857145,79.33928571428571,6.55654761904762,985.7291666666666,1.5499999999999543,1,0.7184176900533886,0.6956119770521157,0.4547430963982397,1.0,303,10,-0.8660254037844386,0.5000000000000001,Good,Good,Good
2024-10-30,20.2,25.6125,81.41666666666667,989.1791666666668,3.7375,84.05960547462433,Good,18.8,15.6,24.0,18.2,20.8,-3.8000000000000007,26.09583333333333,78.41666666666667,5.3,25.3625,85.875,4.595833333333333,26.925,83.83333333333333,8.924999999999999,25.690277777777776,81.90277777777779,4.544444444444445,26.453571428571426,79.86309523809526,5.793452380952381,987.375,4.75,1,0.994630099380882,0.1034937940437807,0.7503336593454589,1.0,304,10,-0.8660254037844386,0.5000000000000001,Good,Good,Good
2024-10-31,19.5,26.10833333333333,84.75,988.8833333333332,3.8,314.9011196900042,Good,20.2,18.8,15.6,19.5,21.04285714285714,3.9,25.6125,81.41666666666667,3.7375,26.09583333333333,78.41666666666667,5.3,25.3625,85.875,4.595833333333333,25.938888888888886,81.52777777777779,4.279166666666668,26.45119047619048,80.7559523809524,5.309523809523809,989.1791666666668,3.1541666666665837,0,-0.7083260432513885,0.705885413117336,0.3944077070961313,1.0,305,10,-0.8660254037844386,0.5000000000000001,Good,Good,Moderate
2024-11-01,16.8,26.7375,82.33333333333333,989.1791666666668,4.791666666666667,1.564118815793222,Good,19.5,20.2,18.8,18.83333333333333,19.74285714285714,-2.0,26.10833333333333,84.75,3.8,25.6125,81.41666666666667,3.7375,26.09583333333333,78.41666666666667,5.3,26.152777777777786,82.83333333333333,4.109722222222223,26.379761904761903,81.90476190476191,5.401785714285714,988.8833333333332,1.804166666666788,1,0.0272956326488042,0.9996274048055612,0.460051979386925,1.0,306,11,-0.5000000000000004,0.8660254037844384,Good,Moderate,Moderate
2024-11-02,22.5,25.92083333333333,69.95833333333333,991.0625,12.620833333333332,56.66925105873281,Good,16.8,19.5,20.2,19.6,19.62857142857143,2.3000000000000007,26.7375,82.33333333333333,4.791666666666667,26.10833333333333,84.75,3.8,25.6125,81.41666666666667,3.7375,26.25555555555556,79.0138888888889,7.070833333333334,26.10892857142857,80.94047619047619,6.25297619047619,989.1791666666668,1.883333333333212,1,0.835512596797786,0.5494712918726695,0.3829433522865909,1.0,307,11,-0.5000000000000004,0.8660254037844384,Moderate,Moderate,Good
2024-11-03,27.1,25.33333333333333,66.58333333333333,991.7666666666668,11.591666666666669,62.23364900043181,Moderate,22.5,16.8,19.5,22.133333333333336,20.071428571428573,7.600000000000001,25.92083333333333,69.95833333333333,12.620833333333332,26.7375,82.33333333333333,4.791666666666667,26.10833333333333,84.75,3.8,25.99722222222222,72.95833333333333,9.668055555555556,25.881547619047616,78.47619047619047,6.633928571428571,991.0625,2.883333333333553,1,0.8848547249246435,0.4658670580525452,0.3580705052596746,1.0,308,11,-0.5000000000000004,0.8660254037844384,Moderate,Good,Very Good
2024-11-04,29.9,25.92083333333333,72.125,991.2083333333334,12.191666666666668,57.39468030958097,Moderate,27.1,22.5,16.8,26.5,22.11428571428572,13.099999999999998,25.33333333333333,66.58333333333333,11.591666666666669,25.92083333333333,69.95833333333333,12.620833333333332,26.7375,82.33333333333333,4.791666666666667,25.724999999999994,69.55555555555556,12.134722222222225,25.96130952380952,76.51190476190474,7.71904761904762,991.7666666666668,2.0291666666665837,1,0.8424023706028956,0.5388490011149893,0.0425195681308531,2.0,309,11,-0.5000000000000004,0.8660254037844384,Good,Very Good,Good
2024-11-05,21.5,25.3125,77.08333333333333,992.0708333333332,14.683333333333332,52.29518751770365,Good,29.9,27.1,22.5,26.166666666666668,22.5,-1.0,25.92083333333333,72.125,12.191666666666668,25.33333333333333,66.58333333333333,11.591666666666669,25.92083333333333,69.95833333333333,12.620833333333332,25.522222222222226,71.93055555555556,12.822222222222225,25.84940476190476,76.32142857142857,9.059523809523808,991.2083333333334,1.008333333333212,1,0.7911721657814672,0.6115934957900243,0.0173745093559798,2.0,310,11,-0.5000000000000004,0.8660254037844384,Very Good,Good,Good
2024-11-06,13.9,25.741666666666664,74.375,992.6666666666666,12.983333333333334,50.865249014905714,Very Good,21.5,29.9,27.1,21.766666666666666,21.6,-13.2,25.3125,77.08333333333333,14.683333333333332,25.92083333333333,72.125,12.191666666666668,25.33333333333333,66.58333333333333,11.591666666666669,25.65833333333333,74.52777777777779,13.286111111111111,25.86785714285714,75.31547619047618,10.38035714285714,992.0708333333332,0.8999999999998636,1,0.7756637474213899,0.6311463783752594,-0.1494929016322758,1.0,311,11,-0.5000000000000004,0.8660254037844384,Good,Good,Moderate
2024-11-07,22.8,26.1875,68.20833333333333,992.625,15.604166666666666,63.71411452615621,Good,13.9,21.5,29.9,19.4,22.071428571428573,-7.099999999999998,25.741666666666664,74.375,12.983333333333334,25.3125,77.08333333333333,14.683333333333332,25.92083333333333,72.125,12.191666666666668,25.74722222222222,73.22222222222223,14.423611111111112,25.879166666666663,72.95238095238095,12.066666666666666,992.6666666666666,1.4166666666666288,1,0.8965955515323493,0.4428503324740792,-0.2525027648554752,0.0,312,11,-0.5000000000000004,0.8660254037844384,Good,Moderate,Unhealthy
2024-11-08,22.7,25.825,65.58333333333333,992.4333333333334,13.404166666666669,58.256174497696406,Good,22.8,13.9,21.5,19.8,22.91428571428571,1.1999999999999993,26.1875,68.20833333333333,15.604166666666666,25.741666666666664,74.375,12.983333333333334,25.3125,77.08333333333333,14.683333333333332,25.918055555555554,69.3888888888889,13.997222222222224,25.748809523809523,70.55952380952381,13.29702380952381,992.625,0.3625000000001819,1,0.8504089276666836,0.5261222821215628,-0.2676868744477708,1.0,313,11,-0.5000000000000004,0.8660254037844384,Moderate,Unhealthy,Moderate
2024-11-09,25.3,25.03333333333333,65.29166666666667,991.8541666666666,9.358333333333333,58.84918287301991,Moderate,22.7,22.8,13.9,23.6,23.314285714285717,11.4,25.825,65.58333333333333,13.404166666666669,26.1875,68.20833333333333,15.604166666666666,25.741666666666664,74.375,12.983333333333334,25.681944444444444,66.36111111111113,12.788888888888891,25.622023809523803,69.89285714285714,12.830952380952382,992.4333333333334,-0.8125,1,0.8558086209409234,0.5172925713009948,0.0168083381387897,1.0,314,11,-0.5000000000000004,0.8660254037844384,Unhealthy,Moderate,Moderate
2024-11-10,39.8,24.83333333333333,64.95833333333333,991.5916666666668,8.895833333333334,48.665440423958216,Unhealthy,25.3,22.7,22.8,29.266666666666666,25.128571428571423,16.999999999999996,25.03333333333333,65.29166666666667,9.358333333333333,25.825,65.58333333333333,13.404166666666669,26.1875,68.20833333333333,15.604166666666666,25.230555555555554,65.27777777777779,10.55277777777778,25.55059523809524,69.66071428571429,12.445833333333333,991.8541666666666,-1.033333333333189,1,0.7508658981201372,0.6604546941617115,0.3448146602511765,2.0,315,11,-0.5000000000000004,0.8660254037844384,Moderate,Moderate,Moderate
2024-11-11,31.1,25.741666666666664,68.20833333333333,990.8166666666666,8.795833333333333,62.173700153267305,Moderate,39.8,25.3,22.7,32.06666666666666,25.300000000000004,8.400000000000002,24.83333333333333,64.95833333333333,8.895833333333334,25.03333333333333,65.29166666666667,9.358333333333333,25.825,65.58333333333333,13.404166666666669,25.20277777777777,66.15277777777779,9.016666666666667,25.525,69.10119047619047,11.960714285714284,991.5916666666668,-1.616666666666788,1,0.8843668017415821,0.4667926305945342,0.2152373787846551,3.0,316,11,-0.5000000000000004,0.8660254037844384,Moderate,Moderate,Moderate
2024-11-12,30.4,26.475,68.25,989.5625,8.154166666666667,62.00711553817189,Moderate,31.1,39.8,25.3,33.76666666666666,26.571428571428573,5.099999999999998,25.741666666666664,68.20833333333333,8.795833333333333,24.83333333333333,64.95833333333333,8.895833333333334,25.03333333333333,65.29166666666667,9.358333333333333,25.683333333333334,67.1388888888889,8.615277777777779,25.69107142857143,67.83928571428571,11.02797619047619,990.8166666666666,-2.2916666666666288,1,0.883005889521016,0.4693619062846913,-0.1287036250472155,2.0,317,11,-0.5000000000000004,0.8660254037844384,Moderate,Moderate,Good
2024-11-13,34.2,27.495833333333334,68.20833333333333,988.6125,6.645833333333333,78.36306794740585,Moderate,30.4,31.1,39.8,31.899999999999995,29.47142857142857,-5.599999999999994,26.475,68.25,8.154166666666667,25.741666666666664,68.20833333333333,8.795833333333333,24.83333333333333,64.95833333333333,8.895833333333334,26.570833333333336,68.22222222222223,7.865277777777778,25.941666666666663,66.95833333333333,10.122619047619049,989.5625,-2.979166666666856,1,0.979445434109726,0.2017092997400226,-0.3522136929794395,2.0,318,11,-0.5000000000000004,0.8660254037844384,Moderate,Good,Good
2024-11-14,27.8,27.7375,76.875,988.7916666666666,6.495833333333334,93.28169402922556,Moderate,34.2,30.4,31.1,30.8,30.185714285714287,-3.3000000000000007,27.495833333333334,68.20833333333333,6.645833333333333,26.475,68.25,8.154166666666667,25.741666666666664,68.20833333333333,8.795833333333333,27.236111111111114,71.11111111111113,7.098611111111112,26.163095238095234,68.19642857142857,8.821428571428571,988.6125,-2.0249999999999773,0,0.9983601573340856,-0.0572450543528419,-0.1362317569400886,2.0,319,11,-0.5000000000000004,0.8660254037844384,Good,Good,Good
2024-11-15,20.0,28.42083333333333,76.95833333333333,988.3958333333334,4.795833333333333,201.10699745346835,Good,27.8,34.2,30.4,27.33333333333333,29.800000000000004,-10.4,27.7375,76.875,6.495833333333334,27.495833333333334,68.20833333333333,6.645833333333333,26.475,68.25,8.154166666666667,27.884722222222223,74.0138888888889,5.979166666666668,26.53392857142857,69.82142857142857,7.591666666666667,988.7916666666666,-1.1666666666666288,0,-0.3601107457462191,-0.9329095619609128,-0.0453925730022747,2.0,320,11,-0.5000000000000004,0.8660254037844384,Good,Good,Good
2024-11-16,25.0,28.041666666666668,76.625,988.3833333333332,4.008333333333334,271.5690100457869,Good,20.0,27.8,34.2,24.266666666666666,29.75714285714286,-9.200000000000005,28.42083333333333,76.95833333333333,4.795833333333333,27.7375,76.875,6.495833333333334,27.495833333333334,68.20833333333333,6.645833333333333,28.066666666666663,76.81944444444446,5.100000000000001,26.96369047619047,71.44047619047619,6.827380952380952,988.3958333333334,-0.2291666666667424,0,-0.999625070987648,0.0273809688093695,0.2904386762797046,1.0,321,11,-0.5000000000000004,0.8660254037844384,Good,Good,Good
2024-11-17,22.1,26.308333333333334,82.91666666666667,989.2875,6.091666666666666,95.69559074798042,Good,25.0,20.0,27.8,22.366666666666664,27.228571428571428,-5.699999999999999,28.041666666666668,76.625,4.008333333333334,28.42083333333333,76.95833333333333,4.795833333333333,27.7375,76.875,6.495833333333334,27.590277777777786,78.83333333333334,4.96527777777778,27.17440476190476,74.0059523809524,6.426785714285714,988.3833333333332,0.4958333333333939,0,0.9950632102619636,-0.0992431739877122,0.7355682466667447,1.0,322,11,-0.5000000000000004,0.8660254037844384,Good,Good,Good
2024-11-18,22.1,26.516666666666666,66.54166666666667,990.4458333333332,12.904166666666669,62.79246824539416,Good,22.1,25.0,20.0,23.066666666666663,25.942857142857143,2.1000000000000014,26.308333333333334,82.91666666666667,6.091666666666666,28.041666666666668,76.625,4.008333333333334,28.42083333333333,76.95833333333333,4.795833333333333,26.95555555555556,75.36111111111113,7.668055555555557,27.285119047619048,73.76785714285714,7.013690476190476,989.2875,2.049999999999841,1,0.8893562782941988,0.4572148403745132,0.6391670447521954,1.0,323,11,-0.5000000000000004,0.8660254037844384,Good,Good,Good
2024-11-19,20.6,26.991666666666664,68.04166666666667,991.3875,13.575,55.33612802982975,Good,22.1,22.1,25.0,21.6,24.54285714285714,-4.399999999999999,26.516666666666666,66.54166666666667,12.904166666666669,26.308333333333334,82.91666666666667,6.091666666666666,28.041666666666668,76.625,4.008333333333334,26.605555555555554,72.50000000000001,10.856944444444446,27.35892857142857,73.73809523809523,7.788095238095238,990.4458333333332,3.0041666666668334,1,0.8225028385186554,0.5687610048418886,0.2391019709929323,1.0,324,11,-0.5000000000000004,0.8660254037844384,Good,Good,Good
2024-11-20,19.9,26.6625,66.45833333333333,991.3166666666666,14.2625,58.15735638382739,Good,20.6,22.1,22.1,20.866666666666664,22.5,-2.200000000000003,26.991666666666664,68.04166666666667,13.575,26.516666666666666,66.54166666666667,12.904166666666669,26.308333333333334,82.91666666666667,6.091666666666666,26.72361111111111,67.0138888888889,13.580555555555556,27.23988095238095,73.48809523809523,8.876190476190477,991.3875,2.0291666666665837,1,0.8495002594441465,0.5275882004028594,-0.305702999781596,1.0,325,11,-0.5000000000000004,0.8660254037844384,Good,Good,Good
2024-11-21,21.3,26.629166666666663,62.41666666666666,991.0916666666668,15.575,60.08638830021965,Good,19.9,20.6,22.1,20.6,21.571428571428573,-0.8000000000000007,26.6625,66.45833333333333,14.2625,26.991666666666664,68.04166666666667,13.575,26.516666666666666,66.54166666666667,12.904166666666669,26.76111111111111,65.6388888888889,14.470833333333331,27.08154761904762,71.42261904761905,10.173214285714286,991.3166666666666,0.6458333333335986,1,0.8667782992504567,0.4986936734594551,-0.3827860414305122,1.0,326,11,-0.5000000000000004,0.8660254037844384,Good,Good,Very Good
2024-11-22,19.6,26.39583333333333,62.875,991.3208333333332,15.391666666666666,66.36708757137097,Good,21.3,19.9,20.6,20.266666666666666,21.514285714285712,-1.0,26.629166666666663,62.41666666666666,15.575,26.6625,66.45833333333333,14.2625,26.991666666666664,68.04166666666667,13.575,26.5625,63.91666666666666,15.076388888888893,26.792261904761904,69.41071428571429,11.686904761904762,991.0916666666668,-0.0666666666668334,1,0.9161326057961192,0.4008753529430471,-0.3034592727500452,1.0,327,11,-0.5000000000000004,0.8660254037844384,Good,Very Good,Good
2024-11-23,17.5,26.683333333333334,63.625,991.8333333333334,15.070833333333333,61.8380605909672,Good,19.6,21.3,19.9,19.466666666666665,20.442857142857147,-2.3999999999999986,26.39583333333333,62.875,15.391666666666666,26.629166666666663,62.41666666666666,15.575,26.6625,66.45833333333333,14.2625,26.56944444444444,62.97222222222223,15.345833333333331,26.598214285714285,67.55357142857143,13.267261904761904,991.3208333333332,0.5166666666667652,1,0.8816171648586818,0.4719652260776634,-0.3884237495085381,1.0,328,11,-0.5000000000000004,0.8660254037844384,Very Good,Good,Good
2024-11-24,14.4,26.891666666666666,65.25,991.5416666666666,13.35,61.89690311222069,Very Good,17.5,19.6,21.3,17.166666666666664,19.342857142857145,-6.9,26.683333333333334,63.625,15.070833333333333,26.39583333333333,62.875,15.391666666666666,26.629166666666663,62.41666666666666,15.575,26.656944444444445,63.91666666666668,14.604166666666666,26.681547619047617,65.0297619047619,14.304166666666667,991.8333333333334,0.4499999999998181,1,0.8821014061185277,0.4710595602720702,-0.3785996115896931,1.0,329,11,-0.5000000000000004,0.8660254037844384,Good,Good,Good
2024-11-25,15.7,27.1625,68.375,990.8875,13.145833333333334,64.01582741099867,Good,14.4,17.5,19.6,15.866666666666664,18.428571428571427,-3.900000000000002,26.891666666666666,65.25,13.35,26.683333333333334,63.625,15.070833333333333,26.39583333333333,62.875,15.391666666666666,26.9125,65.75000000000001,13.855555555555556,26.77380952380953,65.29166666666666,14.338690476190475,991.5416666666666,-0.4333333333331666,1,0.8989151078405287,0.438122846809032,-0.4492310209244711,0.0,330,11,-0.5000000000000004,0.8660254037844384,Good,Good,Good
2024-11-26,15.7,27.40416666666667,69.0,990.5875,12.666666666666666,66.34738771683197,Good,15.7,14.4,17.5,15.266666666666664,17.728571428571428,-1.8000000000000007,27.1625,68.375,13.145833333333334,26.891666666666666,65.25,13.35,26.683333333333334,63.625,15.070833333333333,27.152777777777786,67.54166666666667,13.054166666666667,26.83273809523809,65.42857142857143,14.208928571428572,990.8875,-1.245833333333394,1,0.9159947197476987,0.4011903206638151,-0.3841137490097983,1.0,331,11,-0.5000000000000004,0.8660254037844384,Good,Good,Good
2024-11-27,16.2,26.8875,64.58333333333333,991.45,17.05,59.56914331703872,Good,15.7,15.7,14.4,15.866666666666664,17.2,1.799999999999999,27.40416666666667,69.0,12.666666666666666,27.1625,68.375,13.145833333333334,26.891666666666666,65.25,13.35,27.15138888888889,67.31944444444446,14.2875,26.864880952380958,65.16071428571429,14.607142857142858,990.5875,-0.0916666666665833,1,0.8622410192951169,0.5064981980668025,-0.3072905822377543,1.0,332,11,-0.5000000000000004,0.8660254037844384,Good,Good,Moderate
2024-11-28,17.799999999999997,24.9375,61.93749999999999,992.81875,17.6,58.65934866483513,Good,16.2,15.7,15.7,16.566666666666663,16.7,2.099999999999998,26.8875,64.58333333333333,17.05,27.40416666666667,69.0,12.666666666666666,27.1625,68.375,13.145833333333334,26.409722222222225,65.17361111111111,15.772222222222224,26.623214285714287,65.0922619047619,14.896428571428572,991.45,1.9312499999999773,1,0.8540900164759267,0.5201252193041126,0.0506678339369616,1.0,333,11,-0.5000000000000004,0.8660254037844384,Good,Moderate,Moderate
2024-11-29,19.4,22.9875,59.29166666666666,994.1875,18.15,57.74955401263156,Good,17.799999999999997,16.2,15.7,17.799999999999997,16.67142857142857,3.6999999999999993,24.9375,61.93749999999999,17.6,26.8875,64.58333333333333,17.05,27.40416666666667,69.0,12.666666666666666,24.9375,61.9375,17.6,26.136309523809523,64.58035714285714,15.29047619047619,992.81875,3.6000000000000227,1,0.8457236680507072,0.5336210990008333,0.3663903396339432,1.0,334,11,-0.5000000000000004,0.8660254037844384,Moderate,Moderate,Unhealthy
2024-11-30,25.1,22.479166666666668,63.875,991.95,10.725,53.21450955372092,Moderate,19.4,17.799999999999997,16.2,20.766666666666666,17.757142857142856,8.900000000000002,22.9875,59.29166666666666,18.15,24.9375,61.93749999999999,17.6,26.8875,64.58333333333333,17.05,23.468055555555555,61.70138888888889,15.491666666666667,25.535714285714285,64.61607142857143,14.669642857142858,994.1875,0.5,1,0.8008830416994115,0.5988208025096479,0.3720852658179847,1.0,335,11,-0.5000000000000004,0.8660254037844384,Moderate,Unhealthy,Moderate
2024-12-01,36.3,22.95,69.16666666666667,989.9041666666668,6.683333333333334,65.71778002858821,Moderate,25.1,19.4,17.799999999999997,26.933333333333326,20.885714285714283,18.5,22.479166666666668,63.875,10.725,22.9875,59.29166666666666,18.15,24.9375,61.93749999999999,17.6,22.805555555555557,64.11111111111111,11.85277777777778,24.972619047619048,65.17559523809523,13.717261904761903,991.95,-2.914583333333212,1,0.9115309339022072,0.4112315120943071,0.1461603439506856,2.0,336,12,-2.4492935982947064e-16,1.0,Unhealthy,Moderate,Moderate
2024-12-02,42.7,24.33333333333333,70.0,989.0416666666666,5.241666666666666,69.40515981729573,Unhealthy,36.3,25.1,19.4,34.7,24.74285714285714,23.300000000000004,22.95,69.16666666666667,6.683333333333334,22.479166666666668,63.875,10.725,22.9875,59.29166666666666,18.15,23.254166666666663,67.68055555555556,7.550000000000001,24.56845238095238,65.40773809523809,12.58809523809524,989.9041666666668,-5.145833333333371,1,0.9360912173245226,0.3517573493871783,-0.0481977066991199,2.0,337,12,-2.4492935982947064e-16,1.0,Moderate,Moderate,Good
2024-12-03,33.7,25.191666666666663,69.66666666666667,989.575,7.2625,67.97567778083271,Moderate,42.7,36.3,25.1,37.56666666666667,27.314285714285717,8.600000000000001,24.33333333333333,70.0,5.241666666666666,22.95,69.16666666666667,6.683333333333334,22.479166666666668,63.875,10.725,24.15833333333333,69.61111111111113,6.395833333333335,24.25238095238095,65.50297619047619,11.816071428571428,989.0416666666666,-2.375,1,0.92702474948108,0.3750001517993568,-0.1062291895243417,3.0,338,12,-2.4492935982947064e-16,1.0,Moderate,Good,Moderate
2024-12-04,28.8,25.5,67.875,989.6166666666668,9.0625,58.758511118538536,Moderate,33.7,42.7,36.3,35.06666666666667,29.11428571428572,-7.4999999999999964,25.191666666666663,69.66666666666667,7.2625,24.33333333333333,70.0,5.241666666666666,22.95,69.16666666666667,6.683333333333334,25.00833333333333,69.18055555555556,7.18888888888889,24.054166666666667,65.97321428571429,10.675,989.575,-0.2875000000000227,1,0.854988923473047,0.5186462578081522,-0.16004239731207,2.0,339,12,-2.4492935982947064e-16,1.0,Good,Moderate,Moderate
2024-12-05,24.6,24.945833333333336,68.33333333333333,989.5791666666668,9.079166666666667,73.96960606241231,Good,28.8,33.7,42.7,29.03333333333333,30.085714285714285,-18.1,25.5,67.875,9.0625,25.191666666666663,69.66666666666667,7.2625,24.33333333333333,70.0,5.241666666666666,25.2125,68.62500000000001,8.468055555555557,24.05535714285714,66.88690476190477,9.457738095238096,989.6166666666668,0.5375000000001364,1,0.961115342165387,0.2761472416199574,0.0320807588072619,2.0,340,12,-2.4492935982947064e-16,1.0,Moderate,Moderate,Good
2024-12-06,27.7,25.041666666666668,68.33333333333333,989.475,7.308333333333334,70.06027236275406,Moderate,24.6,28.8,33.7,27.03333333333333,31.27142857142857,-6.000000000000004,24.945833333333336,68.33333333333333,9.079166666666667,25.5,67.875,9.0625,25.191666666666663,69.66666666666667,7.2625,25.162500000000005,68.18055555555556,8.483333333333334,24.348809523809525,68.17857142857143,7.908928571428571,989.5791666666668,-0.1000000000000227,1,0.9400518892797466,0.3410314435086288,0.1517719168365533,1.0,341,12,-2.4492935982947064e-16,1.0,Moderate,Good,Good
2024-12-07,33.8,25.941666666666663,70.70833333333333,990.0416666666666,8.254166666666666,66.36618379267088,Moderate,27.7,24.6,28.8,28.7,32.51428571428572,4.9999999999999964,25.041666666666668,68.33333333333333,7.308333333333334,24.945833333333336,68.33333333333333,9.079166666666667,25.5,67.875,9.0625,25.309722222222224,69.12500000000001,8.21388888888889,24.843452380952375,69.1547619047619,7.555952380952381,989.475,0.4249999999998408,1,0.9161262823087925,0.4008898038901347,0.1349212710312152,2.0,342,12,-2.4492935982947064e-16,1.0,Good,Good,Moderate
2024-12-08,22.0,26.34583333333333,63.66666666666666,991.5833333333334,15.891666666666666,63.27051989585669,Good,33.8,27.7,24.6,27.83333333333333,30.47142857142857,-2.6000000000000014,25.941666666666663,70.70833333333333,8.254166666666666,25.041666666666668,68.33333333333333,7.308333333333334,24.945833333333336,68.33333333333333,9.079166666666667,25.776388888888885,67.56944444444444,10.484722222222222,25.32857142857143,68.3690476190476,8.871428571428572,990.0416666666666,2.004166666666606,1,0.8931400842799692,0.449778600927578,-0.1241861623829156,2.0,343,12,-2.4492935982947064e-16,1.0,Good,Moderate,Moderate
2024-12-09,17.5,24.566666666666663,65.41666666666667,991.4375,11.970833333333331,57.14824730028607,Good,22.0,33.8,27.7,24.433333333333326,26.871428571428574,-10.2,26.34583333333333,63.66666666666666,15.891666666666666,25.941666666666663,70.70833333333333,8.254166666666666,25.041666666666668,68.33333333333333,7.308333333333334,25.618055555555557,66.59722222222223,12.03888888888889,25.36190476190476,67.71428571428571,9.832738095238096,991.5833333333334,1.9624999999999773,1,0.8400769600127048,0.5424672351910412,0.0166014575076244,1.0,344,12,-2.4492935982947064e-16,1.0,Moderate,Moderate,Good
2024-12-10,27.3,24.666666666666668,69.91666666666667,989.8541666666666,7.625,47.84287874143696,Moderate,17.5,22.0,33.8,22.266666666666666,25.957142857142856,-6.4999999999999964,24.566666666666663,65.41666666666667,11.970833333333331,26.34583333333333,63.66666666666666,15.891666666666666,25.941666666666663,70.70833333333333,8.254166666666666,25.19305555555556,66.33333333333334,11.829166666666666,25.28690476190476,67.75,9.88452380952381,991.4375,-0.1875,1,0.7413070878322232,0.671166001470358,0.020745492326968,1.0,345,12,-2.4492935982947064e-16,1.0,Moderate,Good,Very Good
2024-12-11,32.9,26.391666666666666,65.70833333333333,988.9541666666668,11.7,45.78749503179006,Moderate,27.3,17.5,22.0,25.899999999999995,26.54285714285714,10.9,24.666666666666668,69.91666666666667,7.625,24.566666666666663,65.41666666666667,11.970833333333331,26.34583333333333,63.66666666666666,15.891666666666666,25.20833333333333,67.0138888888889,10.431944444444444,25.41428571428571,67.44047619047619,10.261309523809524,989.8541666666666,-2.629166666666606,1,0.7167584322936664,0.6973215540451374,-0.1448993637324693,2.0,346,12,-2.4492935982947064e-16,1.0,Good,Very Good,Good
2024-12-12,19.7,27.02916666666667,63.833333333333336,989.1166666666668,15.575,63.63729161140212,Good,32.9,27.3,17.5,26.63333333333333,25.842857142857135,2.1999999999999997,26.391666666666666,65.70833333333333,11.7,24.666666666666668,69.91666666666667,7.625,24.566666666666663,65.41666666666667,11.970833333333331,26.02916666666667,66.48611111111111,11.633333333333336,25.71190476190476,66.79761904761905,11.189285714285711,988.9541666666668,-2.320833333333212,1,0.8960009663742807,0.4440521008354256,-0.6763685192775176,2.0,347,12,-2.4492935982947064e-16,1.0,Very Good,Good,Very Good
2024-12-13,14.5,25.725,65.875,990.7625,17.650000000000002,61.45883790821126,Very Good,19.7,32.9,27.3,22.366666666666664,23.957142857142856,-12.8,27.02916666666667,63.833333333333336,15.575,26.391666666666666,65.70833333333333,11.7,24.666666666666668,69.91666666666667,7.625,26.381944444444443,65.1388888888889,14.975,25.809523809523814,66.44642857142857,12.666666666666666,989.1166666666668,0.9083333333334168,1,0.8784740883571843,0.4777899916124383,-0.6333547087175843,1.0,348,12,-2.4492935982947064e-16,1.0,Good,Very Good,Good
2024-12-14,16.0,24.183333333333334,60.0,993.35,21.504166666666663,61.38241652582497,Good,14.5,19.7,32.9,16.73333333333333,21.41428571428571,-16.9,25.725,65.875,17.650000000000002,27.02916666666667,63.833333333333336,15.575,26.391666666666666,65.70833333333333,11.7,25.64583333333333,63.23611111111112,18.24305555555556,25.558333333333337,64.91666666666666,14.559523809523808,990.7625,4.3958333333332575,1,0.8778360285718576,0.4789612791668955,-0.1675510575587046,0.0,349,12,-2.4492935982947064e-16,1.0,Very Good,Good,Moderate
2024-12-15,14.6,22.4625,55.0,995.2625,21.40833333333333,61.4123056334368,Very Good,16.0,14.5,19.7,15.03333333333333,20.357142857142858,-5.1,24.183333333333334,60.0,21.504166666666663,25.725,65.875,17.650000000000002,27.02916666666667,63.833333333333336,15.575,24.123611111111117,60.29166666666668,20.1875,25.003571428571423,63.67857142857143,15.347619047619046,993.35,6.1458333333332575,1,0.8780857656564217,0.4785032791440154,0.2181234256083348,1.0,350,12,-2.4492935982947064e-16,1.0,Good,Moderate,Moderate
2024-12-16,16.9,21.9125,56.5,995.4833333333332,15.829166666666666,55.209668603034345,Good,14.6,16.0,14.5,15.833333333333329,20.27142857142857,2.3999999999999986,22.4625,55.0,21.40833333333333,24.183333333333334,60.0,21.504166666666663,25.725,65.875,17.650000000000002,22.852777777777774,57.16666666666668,19.580555555555552,24.624404761904763,62.40476190476191,15.898809523809522,995.2625,4.720833333333189,1,0.8212455047609406,0.5705749914866124,0.1755781219949885,0.0,351,12,-2.4492935982947064e-16,1.0,Moderate,Moderate,Moderate
2024-12-17,29.3,22.475,60.5,993.8041666666668,10.966666666666669,53.99646300664551,Moderate,16.9,14.6,16.0,20.266666666666666,20.557142857142853,13.3,21.9125,56.5,15.829166666666666,22.4625,55.0,21.40833333333333,24.183333333333334,60.0,21.504166666666663,22.28333333333333,57.33333333333334,16.068055555555556,24.311309523809523,61.0595238095238,16.376190476190477,995.4833333333332,0.4541666666667652,1,0.8089807075686501,0.5878351935548995,0.0269218867200394,1.0,352,12,-2.4492935982947064e-16,1.0,Moderate,Moderate,Moderate
2024-12-18,31.7,23.4625,62.458333333333336,993.2291666666666,14.704166666666666,56.61396733392991,Moderate,29.3,16.9,14.6,25.966666666666654,20.385714285714283,17.1,22.475,60.5,10.966666666666669,21.9125,56.5,15.829166666666666,22.4625,55.0,21.40833333333333,22.616666666666664,59.81944444444446,13.833333333333334,23.892857142857142,60.595238095238095,16.80535714285714,993.8041666666668,-2.0333333333334167,1,0.8349820324294613,0.5502772078870485,-0.2553125347298607,2.0,353,12,-2.4492935982947064e-16,1.0,Moderate,Moderate,Moderate
2024-12-19,30.3,22.579166666666666,58.75,993.9708333333332,14.529166666666669,55.87243787634157,Moderate,31.7,29.3,16.9,30.433333333333326,21.9,13.400000000000002,23.4625,62.458333333333336,14.704166666666666,22.475,60.5,10.966666666666669,21.9125,56.5,15.829166666666666,22.83888888888889,60.56944444444446,13.4,23.25714285714286,59.86904761904761,16.65595238095238,993.2291666666666,-1.5125000000000457,1,0.8277905435426728,0.5610372679433393,-0.0773510303310221,2.0,354,12,-2.4492935982947064e-16,1.0,Moderate,Moderate,Moderate
2024-12-20,34.9,21.875,63.375,992.925,11.641666666666666,62.01164188120544,Moderate,30.3,31.7,29.3,32.3,24.814285714285717,5.599999999999998,22.579166666666666,58.75,14.529166666666669,23.4625,62.458333333333336,14.704166666666666,22.475,60.5,10.966666666666669,22.63888888888889,61.52777777777779,13.625,22.707142857142856,59.511904761904766,15.797619047619047,993.9708333333332,-0.8791666666668334,1,0.8830429661632797,0.4692921477177695,0.0134377601571896,2.0,355,12,-2.4492935982947064e-16,1.0,Moderate,Moderate,Unhealthy
2024-12-21,32.1,21.6375,63.875,992.875,10.479166666666666,56.16707096785228,Moderate,34.9,30.3,31.7,32.43333333333333,27.11428571428571,0.4000000000000021,21.875,63.375,11.641666666666666,22.579166666666666,58.75,14.529166666666669,23.4625,62.458333333333336,14.704166666666666,22.030555555555555,62.00000000000001,12.216666666666669,22.343452380952375,60.0654761904762,14.222619047619048,992.925,-0.3541666666666287,1,0.8306646178204616,0.5567731070204329,0.372721115708577,2.0,356,12,-2.4492935982947064e-16,1.0,Moderate,Unhealthy,Moderate
2024-12-22,31.6,21.245833333333334,60.41666666666666,993.3416666666668,14.370833333333332,55.92689104046258,Moderate,32.1,34.9,30.3,32.86666666666667,29.542857142857144,1.3000000000000007,21.6375,63.875,10.479166666666666,21.875,63.375,11.641666666666666,22.579166666666666,58.75,14.529166666666669,21.58611111111111,62.55555555555557,12.16388888888889,22.169642857142858,60.83928571428572,13.217261904761909,992.875,-0.6291666666663787,1,0.8283233721446631,0.5602502933144203,0.3397438057445425,2.0,357,12,-2.4492935982947064e-16,1.0,Unhealthy,Moderate,Moderate
2024-12-23,37.6,20.854166666666668,64.70833333333333,992.3958333333334,11.670833333333334,43.5474826124443,Unhealthy,31.6,32.1,34.9,33.76666666666666,32.5,2.700000000000003,21.245833333333334,60.41666666666666,14.370833333333332,21.6375,63.875,10.479166666666666,21.875,63.375,11.641666666666666,21.245833333333334,63.0,12.173611111111112,22.01845238095238,62.011904761904766,12.623214285714289,993.3416666666668,-0.5291666666665833,1,0.6889554772444961,0.7248036633287724,0.1911043442643016,2.0,358,12,-2.4492935982947064e-16,1.0,Moderate,Moderate,Moderate
2024-12-24,36.4,22.3,62.958333333333336,993.4083333333332,13.895833333333334,56.0906689089187,Moderate,37.6,31.6,32.1,35.2,33.51428571428572,4.299999999999997,20.854166666666668,64.70833333333333,11.670833333333334,21.245833333333334,60.41666666666666,14.370833333333332,21.6375,63.875,10.479166666666666,21.46666666666667,62.69444444444445,13.312500000000002,21.99345238095238,62.36309523809524,13.041666666666668,992.3958333333334,0.5333333333331893,1,0.829921440689455,0.55788027594094,-0.122824375182323,3.0,359,12,-2.4492935982947064e-16,1.0,Moderate,Moderate,Moderate
2024-12-25,37.2,22.2625,62.208333333333336,994.0708333333332,12.116666666666667,42.32658042431325,Moderate,36.4,37.6,31.6,37.06666666666666,34.3,5.600000000000001,22.3,62.958333333333336,13.895833333333334,20.854166666666668,64.70833333333333,11.670833333333334,21.245833333333334,60.41666666666666,14.370833333333332,21.80555555555556,63.29166666666666,12.561111111111112,21.822023809523813,62.32738095238095,12.67202380952381,993.4083333333332,0.7291666666664014,1,0.6733555677157808,0.7393187941789108,-0.0369196456833749,2.0,360,12,-2.4492935982947064e-16,1.0,Moderate,Moderate,Good
2024-12-26,37.2,24.40416666666667,62.91666666666666,994.5083333333332,12.008333333333333,50.07842905658674,Moderate,37.2,36.4,37.6,36.93333333333333,35.285714285714285,-0.3999999999999986,22.2625,62.208333333333336,12.116666666666667,22.3,62.958333333333336,13.895833333333334,20.854166666666668,64.70833333333333,11.670833333333334,22.98888888888889,62.69444444444446,12.673611111111112,22.082738095238096,62.92261904761904,12.311904761904762,994.0708333333332,2.112499999999841,1,0.7669236019382605,0.6417384114964948,-0.4432361666467938,2.0,361,12,-2.4492935982947064e-16,1.0,Moderate,Good,Good
2024-12-27,30.0,25.5,62.958333333333336,994.8791666666666,14.208333333333334,57.62321566833032,Moderate,37.2,37.2,36.4,34.8,34.58571428571429,-6.399999999999999,24.40416666666667,62.91666666666666,12.008333333333333,22.2625,62.208333333333336,12.116666666666667,22.3,62.958333333333336,13.895833333333334,24.05555555555556,62.69444444444445,12.77777777777778,22.60059523809524,62.863095238095234,12.678571428571429,994.5083333333332,1.4708333333334167,1,0.844544967764602,0.5354846378968191,-0.3573897365229142,2.0,362,12,-2.4492935982947064e-16,1.0,Good,Good,Moderate
2024-12-28,22.8,24.5,58.41666666666666,995.7333333333332,18.7375,63.16396785461184,Good,30.0,37.2,37.2,30.0,33.25714285714286,-14.400000000000002,25.5,62.958333333333336,14.208333333333334,24.40416666666667,62.91666666666666,12.008333333333333,22.2625,62.208333333333336,12.116666666666667,24.80138888888889,61.43055555555557,14.984722222222222,23.009523809523813,62.08333333333333,13.858333333333333,994.8791666666666,1.6625000000000227,1,0.8923020942911278,0.4514387804826555,-0.3459579474075116,2.0,363,12,-2.4492935982947064e-16,1.0,Good,Moderate,Moderate
2024-12-29,19.0,22.191666666666663,60.0,995.3791666666666,12.858333333333334,57.08166609522084,Good,22.8,30.0,37.2,23.933333333333326,31.457142857142856,-18.200000000000003,24.5,58.41666666666666,18.7375,25.5,62.958333333333336,14.208333333333334,24.40416666666667,62.91666666666666,12.008333333333333,24.063888888888886,60.45833333333334,15.268055555555556,23.14464285714286,62.023809523809526,13.642261904761906,995.7333333333332,0.870833333333394,1,0.8394460127879106,0.5434430895820452,0.3566312286801052,1.0,364,12,-2.4492935982947064e-16,1.0,Moderate,Moderate,Moderate
2024-12-30,34.3,22.40833333333333,62.66666666666666,994.1291666666666,8.970833333333333,54.98667837852452,Moderate,19.0,22.8,30.0,25.36666666666666,30.985714285714284,4.299999999999997,22.191666666666663,60.0,12.858333333333334,24.5,58.41666666666666,18.7375,25.5,62.958333333333336,14.208333333333334,23.03333333333333,60.36111111111112,13.522222222222224,23.366666666666667,61.73214285714285,13.25654761904762,995.3791666666666,-0.75,1,0.81901866209623,0.5737668787391805,0.5740115607082789,1.0,365,12,-2.4492935982947064e-16,1.0,Moderate,Moderate,Unhealthy
2024-12-31,31.0,22.945833333333336,62.54166666666666,993.625,12.295833333333334,47.784984509771846,Moderate,34.3,19.0,22.8,28.099999999999994,30.214285714285715,8.2,22.40833333333333,62.66666666666666,8.970833333333333,22.191666666666663,60.0,12.858333333333334,24.5,58.41666666666666,18.7375,22.51527777777777,61.73611111111112,11.375000000000002,23.45892857142857,61.67261904761904,13.027976190476192,994.1291666666666,-2.108333333333235,1,0.7406285332069302,0.6719147087240694,0.4914657212734102,2.0,366,12,-2.4492935982947064e-16,1.0,Moderate,Unhealthy,Unhealthy
2025-01-01,30.2,22.491666666666664,61.29166666666666,992.2708333333334,10.35,55.65280842721086,Moderate,31.0,34.3,19.0,31.83333333333333,29.214285714285715,11.2,22.945833333333336,62.54166666666666,12.295833333333334,22.40833333333333,62.66666666666666,8.970833333333333,22.191666666666663,60.0,12.858333333333334,22.615277777777777,62.16666666666666,10.53888888888889,23.491666666666667,61.54166666666666,12.77559523809524,993.625,-3.108333333333235,1,0.825633867051194,0.5642062721896056,0.1279292105050839,2.0,1,1,0.4999999999999999,0.8660254037844387,Unhealthy,Unhealthy,Unhealthy
2025-01-02,42.8,22.633333333333336,60.875,991.9708333333332,8.933333333333334,44.11644432818866,Unhealthy,30.2,31.0,34.3,34.666666666666664,30.01428571428572,8.5,22.491666666666664,61.29166666666666,10.35,22.945833333333336,62.54166666666666,12.295833333333334,22.40833333333333,62.66666666666666,8.970833333333333,22.690277777777776,61.56944444444445,10.52638888888889,23.238690476190477,61.24999999999999,12.336309523809524,992.2708333333334,-2.1583333333334167,1,0.6961188756827417,0.7179265358782858,0.1125382153105689,2.0,2,1,0.4999999999999999,0.8660254037844387,Unhealthy,Unhealthy,Unhealthy
2025-01-03,38.3,23.379166666666663,59.04166666666666,992.9958333333334,13.7875,47.221782547360704,Unhealthy,42.8,30.2,31.0,37.1,31.2,7.299999999999997,22.633333333333336,60.875,8.933333333333334,22.491666666666664,61.29166666666666,10.35,22.945833333333336,62.54166666666666,12.295833333333334,22.834722222222226,60.40277777777778,11.023611111111114,22.935714285714283,60.69047619047619,12.276190476190475,991.9708333333332,-0.629166666666606,1,0.7339881195448061,0.6791623078227174,0.124111847321772,3.0,3,1,0.4999999999999999,0.8660254037844387,Unhealthy,Unhealthy,Unhealthy
2025-01-04,38.1,22.375,53.75,992.7208333333332,11.625,52.164675054912216,Unhealthy,38.3,42.8,30.2,39.73333333333333,33.385714285714286,7.900000000000002,23.379166666666663,59.04166666666666,13.7875,22.633333333333336,60.875,8.933333333333334,22.491666666666664,61.29166666666666,10.35,22.79583333333333,57.88888888888889,11.448611111111113,22.632142857142856,60.02380952380952,11.260119047619046,992.9958333333334,0.4499999999998181,1,0.7897769825929144,0.6133940966185046,0.1457717204431886,3.0,4,1,0.4999999999999999,0.8660254037844387,Unhealthy,Unhealthy,Unhealthy
2025-01-05,42.5,21.775,55.583333333333336,994.2833333333332,13.945833333333333,46.24883397939698,Unhealthy,38.1,38.3,42.8,39.633333333333326,36.74285714285714,-0.2999999999999971,22.375,53.75,11.625,23.379166666666663,59.04166666666666,13.7875,22.633333333333336,60.875,8.933333333333334,22.509722222222223,56.125,13.119444444444444,22.57261904761905,59.39285714285713,11.415476190476191,992.7208333333332,2.3125,1,0.7223498889980433,0.6915277563948641,0.2473235845493777,3.0,5,1,0.4999999999999999,0.8660254037844387,Unhealthy,Unhealthy,Unhealthy
2025-01-06,45.0,20.841666666666665,55.583333333333336,993.1916666666666,9.033333333333331,60.52913577810256,Unhealthy,42.5,38.1,38.3,41.86666666666667,38.271428571428565,6.700000000000003,21.775,55.583333333333336,13.945833333333333,22.375,53.75,11.625,23.379166666666663,59.04166666666666,13.7875,21.663888888888888,54.97222222222223,11.53472222222222,22.348809523809525,58.38095238095237,11.424404761904762,994.2833333333332,0.195833333333212,1,0.8706059882911631,0.4919809073038985,0.6010409101880052,3.0,6,1,0.4999999999999999,0.8660254037844387,Unhealthy,Unhealthy,Unhealthy
2025-01-07,61.7,21.541666666666668,56.5,992.3583333333332,5.7625,64.8349531285462,Unhealthy,45.0,42.5,38.1,49.73333333333333,42.65714285714285,23.6,20.841666666666665,55.583333333333336,9.033333333333331,21.775,55.583333333333336,13.945833333333333,22.375,53.75,11.625,21.38611111111111,55.88888888888889,9.580555555555556,22.148214285714285,57.51785714285713,10.491071428571429,993.1916666666666,-0.3624999999999545,1,0.9050866295356466,0.4252272251817882,0.4361991446148097,3.0,7,1,0.4999999999999999,0.8660254037844387,Unhealthy,Unhealthy,Moderate
2025-01-08,59.9,22.95833333333333,58.79166666666666,992.0666666666666,7.208333333333333,69.1426833924703,Unhealthy,61.7,45.0,42.5,55.53333333333333,46.9,17.4,21.541666666666668,56.5,5.7625,20.841666666666665,55.583333333333336,9.033333333333331,21.775,55.583333333333336,13.945833333333333,21.780555555555555,56.95833333333334,7.334722222222223,22.214880952380952,57.160714285714285,10.042261904761904,992.3583333333332,-2.2166666666665837,1,0.9344699726525856,0.3560419500714429,0.302644790959896,3.0,8,1,0.4999999999999999,0.8660254037844387,Unhealthy,Moderate,Good
2025-01-09,47.9,23.72083333333333,59.708333333333336,993.4083333333332,9.154166666666669,57.239360354867415,Unhealthy,59.9,61.7,45.0,56.5,47.62857142857143,2.8999999999999986,22.95833333333333,58.79166666666666,7.208333333333333,21.541666666666668,56.5,5.7625,20.841666666666665,55.583333333333336,9.033333333333331,22.740277777777777,58.333333333333336,7.375000000000003,22.37023809523809,56.99404761904761,10.073809523809524,992.0666666666666,0.2166666666665833,1,0.8409385412148543,0.5411306403258208,0.1382710430442411,3.0,9,1,0.4999999999999999,0.8660254037844387,Moderate,Good,Moderate
2025-01-10,28.8,23.375,60.458333333333336,996.425,20.14583333333333,63.00309695686684,Moderate,47.9,59.9,61.7,45.53333333333333,46.27142857142858,-32.900000000000006,23.72083333333333,59.708333333333336,9.154166666666669,22.95833333333333,58.79166666666666,7.208333333333333,21.541666666666668,56.5,5.7625,23.351388888888888,59.65277777777778,12.169444444444446,22.369642857142853,57.19642857142857,10.982142857142858,993.4083333333332,4.06666666666672,1,0.8910310620239815,0.4539423383078687,0.0975746594028228,3.0,10,1,0.4999999999999999,0.8660254037844387,Good,Moderate,Unhealthy
2025-01-11,23.6,20.8375,56.91666666666666,998.6208333333334,22.39583333333333,55.66675043369378,Good,28.8,47.9,59.9,33.43333333333333,44.2,-36.3,23.375,60.458333333333336,20.14583333333333,23.72083333333333,59.708333333333336,9.154166666666669,22.95833333333333,58.79166666666666,7.208333333333333,22.64444444444445,59.02777777777778,17.23194444444444,22.15,57.64880952380952,12.520833333333332,996.425,6.554166666666788,1,0.8257711331288408,0.5640053507646097,0.4487334782589222,2.0,11,1,0.4999999999999999,0.8660254037844387,Moderate,Unhealthy,Unhealthy
2025-01-12,29.2,18.39583333333333,53.708333333333336,998.575,18.204166666666666,48.50350548937325,Moderate,23.6,28.8,47.9,27.2,42.3,-18.7,20.8375,56.91666666666666,22.39583333333333,23.375,60.458333333333336,20.14583333333333,23.72083333333333,59.708333333333336,9.154166666666669,20.869444444444444,57.02777777777779,20.248611111111103,21.667261904761904,57.38095238095237,13.129166666666665,998.6208333333334,5.166666666666856,1,0.7489962600266221,0.6625742241184248,0.6703356063466765,1.0,12,1,0.4999999999999999,0.8660254037844387,Unhealthy,Unhealthy,Unhealthy
2025-01-13,39.4,18.28333333333333,55.375,995.5291666666668,11.4875,52.01118226736731,Unhealthy,29.2,23.6,28.8,30.73333333333333,41.5,10.599999999999998,18.39583333333333,53.708333333333336,18.204166666666666,20.8375,56.91666666666666,22.39583333333333,23.375,60.458333333333336,20.14583333333333,19.17222222222222,55.333333333333336,17.3625,21.30178571428571,57.35119047619048,13.479761904761904,998.575,-0.8958333333331439,1,0.7881308956373714,0.6155076696043964,0.6415042066905627,2.0,13,1,0.4999999999999999,0.8660254037844387,Unhealthy,Unhealthy,Good
2025-01-14,44.6,20.054166666666667,58.833333333333336,994.7708333333334,9.095833333333331,38.70786543428778,Unhealthy,39.4,29.2,23.6,37.73333333333333,39.05714285714286,21.0,18.28333333333333,55.375,11.4875,18.39583333333333,53.708333333333336,18.204166666666666,20.8375,56.91666666666666,22.39583333333333,18.911111111111108,55.97222222222223,12.929166666666667,21.089285714285715,57.68452380952381,13.95595238095238,995.5291666666668,-3.850000000000023,1,0.6253497861551343,0.780344568095228,0.3032634385431514,3.0,14,1,0.4999999999999999,0.8660254037844387,Unhealthy,Good,Moderate
2025-01-15,47.0,23.195833333333336,57.54166666666666,994.8458333333332,14.1,43.24446592765253,Unhealthy,44.6,39.4,29.2,43.66666666666666,37.21428571428572,17.8,20.054166666666667,58.833333333333336,9.095833333333331,18.28333333333333,55.375,11.4875,18.39583333333333,53.708333333333336,18.204166666666666,20.51111111111111,57.25000000000001,11.561111111111112,21.123214285714283,57.50595238095237,14.940476190476188,994.7708333333334,-3.729166666666856,1,0.6851126353928122,0.7284371467910705,-0.505026509673173,3.0,15,1,0.4999999999999999,0.8660254037844387,Good,Moderate,Unhealthy
2025-01-16,18.5,23.441666666666663,55.083333333333336,995.7875,19.8875,58.986659817183465,Good,47.0,44.6,39.4,36.7,33.01428571428572,-20.9,23.195833333333336,57.54166666666666,14.1,20.054166666666667,58.833333333333336,9.095833333333331,18.28333333333333,55.375,11.4875,22.230555555555554,57.15277777777779,14.361111111111107,21.08333333333333,56.845238095238095,16.47380952380952,994.8458333333332,0.258333333333212,1,0.8570473610965721,0.5152376353076334,-0.7773074021981919,3.0,16,1,0.4999999999999999,0.8660254037844387,Moderate,Unhealthy,Unhealthy
2025-01-17,25.5,21.629166666666663,55.16666666666666,994.6375,13.970833333333331,50.66749539817778,Moderate,18.5,47.0,44.6,30.33333333333333,32.542857142857144,-19.1,23.441666666666663,55.083333333333336,19.8875,23.195833333333336,57.54166666666666,14.1,20.054166666666667,58.833333333333336,9.095833333333331,22.75555555555556,55.93055555555557,15.986111111111107,20.83392857142857,56.08928571428571,15.591666666666663,995.7875,-0.1333333333333257,1,0.7734807604434201,0.6338197797669843,-0.4486276000364836,1.0,17,1,0.4999999999999999,0.8660254037844387,Unhealthy,Unhealthy,Unhealthy
2025-01-18,39.5,21.4,58.583333333333336,992.8583333333332,8.829166666666667,55.62181749290528,Unhealthy,25.5,18.5,47.0,27.83333333333333,34.81428571428571,-7.5,21.629166666666663,55.16666666666666,13.970833333333331,23.441666666666663,55.083333333333336,19.8875,23.195833333333336,57.54166666666666,14.1,22.15694444444444,56.27777777777778,14.229166666666666,20.91428571428571,56.32738095238096,13.653571428571428,994.6375,-1.9874999999999543,1,0.8253285705916279,0.5646527699083573,0.1478065618593072,2.0,18,1,0.4999999999999999,0.8660254037844387,Unhealthy,Unhealthy,Unhealthy
2025-01-19,49.4,21.495833333333334,57.875,991.5958333333332,9.170833333333333,52.76409321942834,Unhealthy,39.5,25.5,18.5,38.133333333333326,37.7,30.9,21.4,58.583333333333336,8.829166666666667,21.629166666666663,55.16666666666666,13.970833333333331,23.441666666666663,55.083333333333336,19.8875,21.50833333333333,57.20833333333334,10.656944444444443,21.357142857142858,56.92261904761905,12.363095238095235,992.8583333333332,-4.191666666666833,1,0.7961508644802523,0.6050981746686622,0.4360933595020418,3.0,19,1,0.4999999999999999,0.8660254037844387,Unhealthy,Unhealthy,Unhealthy
2025-01-20,47.1,22.15416666666667,59.04166666666666,990.3708333333334,6.445833333333333,67.9117654121336,Unhealthy,49.4,39.5,25.5,45.333333333333336,38.8,21.6,21.495833333333334,57.875,9.170833333333333,21.4,58.583333333333336,8.829166666666667,21.629166666666663,55.16666666666666,13.970833333333331,21.683333333333334,58.50000000000001,8.148611111111112,21.910119047619048,57.44642857142857,11.642857142857142,991.5958333333332,-4.266666666666652,1,0.9266058671758725,0.3760339970205481,0.16019448711009,3.0,20,1,0.4999999999999999,0.8660254037844387,Unhealthy,Unhealthy,Unhealthy
2025-01-21,45.3,22.47083333333333,57.5,990.4458333333332,6.2125,86.276493212623,Unhealthy,47.1,49.4,39.5,47.26666666666666,38.89999999999999,5.799999999999997,22.15416666666667,59.04166666666666,6.445833333333333,21.495833333333334,57.875,9.170833333333333,21.4,58.583333333333336,8.829166666666667,22.040277777777774,58.13888888888889,7.2763888888888895,22.255357142857143,57.25595238095237,11.23095238095238,990.3708333333334,-2.4125000000000227,1,0.9978890585631922,0.064941718485624,0.167951621672524,3.0,21,1,0.4999999999999999,0.8660254037844387,Unhealthy,Unhealthy,Unhealthy
2025-01-22,54.8,23.379166666666663,56.04166666666666,990.4333333333334,5.358333333333333,98.87451159131824,Unhealthy,45.3,47.1,49.4,49.06666666666666,40.01428571428571,5.399999999999999,22.47083333333333,57.5,6.2125,22.15416666666667,59.04166666666666,6.445833333333333,21.495833333333334,57.875,9.170833333333333,22.668055555555554,57.52777777777778,6.005555555555556,22.28154761904762,57.04166666666667,9.982142857142858,990.4458333333332,-1.1624999999997954,0,0.988028591954326,-0.1542708704867894,0.1642265709416086,3.0,22,1,0.4999999999999999,0.8660254037844387,Unhealthy,Unhealthy,Unhealthy
2025-01-23,59.3,24.3375,53.708333333333336,990.4708333333332,4.929166666666666,90.26711931605894,Unhealthy,54.8,45.3,47.1,53.133333333333326,45.84285714285714,12.199999999999996,23.379166666666663,56.04166666666666,5.358333333333333,22.47083333333333,57.5,6.2125,22.15416666666667,59.04166666666666,6.445833333333333,23.39583333333333,55.75,5.500000000000001,22.40952380952381,56.84523809523809,7.845238095238095,990.4333333333334,0.0999999999997953,0,0.9999891323775812,-0.0046620946722021,0.1709590389266532,3.0,23,1,0.4999999999999999,0.8660254037844387,Unhealthy,Unhealthy,Unhealthy
2025-01-24,63.1,25.35833333333333,49.79166666666666,988.9666666666668,4.079166666666667,279.8709327251324,Unhealthy,59.3,54.8,45.3,59.06666666666666,51.21428571428572,17.800000000000004,24.3375,53.708333333333336,4.929166666666666,23.379166666666663,56.04166666666666,5.358333333333333,22.47083333333333,57.5,6.2125,24.35833333333333,53.18055555555557,4.7888888888888905,22.942261904761903,56.07738095238095,6.432142857142857,990.4708333333332,-1.4791666666664014,0,-0.9851964223918056,0.1714293128563103,-0.0224124508842081,3.0,24,1,0.4999999999999999,0.8660254037844387,Unhealthy,Unhealthy,Unhealthy
2025-01-25,62.6,26.191666666666663,49.458333333333336,988.4333333333334,3.766666666666667,279.68090369275166,Unhealthy,63.1,59.3,54.8,61.66666666666666,54.51428571428571,7.800000000000004,25.35833333333333,49.79166666666666,4.079166666666667,24.3375,53.708333333333336,4.929166666666666,23.379166666666663,56.04166666666666,5.358333333333333,25.29583333333333,50.98611111111112,4.258333333333334,23.626785714285717,54.77380952380952,5.708928571428571,988.9666666666668,-2.0,0,-0.9857595707439402,0.1681608417162653,-0.0047245776084033,3.0,25,1,0.4999999999999999,0.8660254037844387,Unhealthy,Unhealthy,Good
2025-01-26,62.4,26.516666666666666,51.333333333333336,989.775,10.2375,62.37708844841519,Unhealthy,62.6,63.1,59.3,62.7,56.371428571428574,3.1000000000000014,26.191666666666663,49.458333333333336,3.766666666666667,25.35833333333333,49.79166666666666,4.079166666666667,24.3375,53.708333333333336,4.929166666666666,26.022222222222226,50.19444444444446,6.027777777777779,24.34404761904762,53.83928571428571,5.861309523809524,988.4333333333334,-0.6958333333332121,1,0.8860182446310583,0.4636503749388089,0.0455686219555632,3.0,26,1,0.4999999999999999,0.8660254037844387,Unhealthy,Good,Moderate
2025-01-27,42.3,20.854166666666668,51.333333333333336,993.525,17.333333333333332,60.28607954545152,Unhealthy,62.4,62.6,63.1,55.76666666666666,55.68571428571428,-20.800000000000004,26.516666666666666,51.333333333333336,10.2375,26.191666666666663,49.458333333333336,3.766666666666667,25.35833333333333,49.79166666666666,4.079166666666667,24.52083333333333,50.70833333333334,10.445833333333336,24.15833333333333,52.73809523809524,7.416666666666666,989.775,4.558333333333167,1,0.8685111132715249,0.4956696945788158,1.0916922500207205,3.0,27,1,0.4999999999999999,0.8660254037844387,Good,Moderate,Moderate
2025-01-28,24.1,20.570833333333333,53.29166666666666,995.2791666666668,13.770833333333334,60.70587944534128,Good,42.3,62.4,62.6,42.93333333333333,52.65714285714286,-38.5,20.854166666666668,51.333333333333336,17.333333333333332,26.516666666666666,51.333333333333336,10.2375,26.191666666666663,49.458333333333336,3.766666666666667,22.647222222222226,51.98611111111112,13.780555555555557,23.88690476190476,52.13690476190476,8.496428571428572,993.525,6.845833333333417,1,0.8721194861533684,0.4892929611915388,1.096540874872151,3.0,28,1,0.4999999999999999,0.8660254037844387,Moderate,Moderate,Unhealthy
2025-01-29,25.4,20.945833333333333,57.458333333333336,996.0208333333334,11.329166666666666,61.46348853166405,Moderate,24.1,42.3,62.4,30.599999999999994,48.457142857142856,-37.0,20.570833333333333,53.29166666666666,13.770833333333334,20.854166666666668,51.333333333333336,17.333333333333332,26.516666666666666,51.333333333333336,10.2375,20.790277777777774,54.02777777777779,14.144444444444446,23.53928571428571,52.33928571428572,9.34940476190476,995.2791666666668,6.245833333333394,1,0.8785128670517328,0.4777186854463036,1.1218650468117826,1.0,29,1,0.4999999999999999,0.8660254037844387,Moderate,Unhealthy,Unhealthy
2025-01-30,34.7,22.016666666666666,60.25,992.2583333333332,6.2875000000000005,68.79761798341599,Moderate,25.4,24.1,42.3,28.066666666666663,44.94285714285714,-7.599999999999994,20.945833333333333,57.458333333333336,11.329166666666666,20.570833333333333,53.29166666666666,13.770833333333334,20.854166666666668,51.333333333333336,17.333333333333332,21.177777777777777,57.0,10.4625,23.20773809523809,53.27380952380952,9.54345238095238,996.0208333333334,-1.2666666666667652,1,0.9323087662182712,0.3616633302293239,-0.0139506888109369,2.0,30,1,0.4999999999999999,0.8660254037844387,Unhealthy,Unhealthy,Unhealthy
2025-01-31,45.0,24.09583333333333,52.375,990.1583333333332,3.845833333333333,229.92815995456107,Unhealthy,34.7,25.4,24.1,35.03333333333333,42.35714285714285,20.9,22.016666666666666,60.25,6.2875000000000005,20.945833333333333,57.458333333333336,11.329166666666666,20.570833333333333,53.29166666666666,13.770833333333334,22.352777777777774,56.69444444444446,7.154166666666668,23.027380952380952,53.642857142857146,9.510119047619046,992.2583333333332,-5.120833333333621,0,-0.7652378849291314,-0.6437476054085091,-0.2710095135027666,2.0,31,1,0.4999999999999999,0.8660254037844387,Unhealthy,Unhealthy,Unhealthy
2025-02-01,46.5,25.72083333333333,46.41666666666666,988.4541666666668,3.6208333333333336,289.85429339554594,Unhealthy,45.0,34.7,25.4,42.06666666666666,40.05714285714286,21.1,24.09583333333333,52.375,3.845833333333333,22.016666666666666,60.25,6.2875000000000005,20.945833333333333,57.458333333333336,11.329166666666666,23.944444444444443,53.01388888888889,4.584722222222223,22.96011904761905,53.20833333333333,9.489285714285714,990.1583333333332,-7.566666666666606,0,-0.940559359023688,0.3396293452470637,-0.3769151774269278,3.0,32,2,0.8660254037844386,0.5000000000000001,Unhealthy,Unhealthy,Moderate
2025-02-02,48.7,27.025,42.0,987.9708333333332,4.520833333333333,276.6500143434744,Unhealthy,46.5,45.0,34.7,46.73333333333333,38.1,14.0,25.72083333333333,46.41666666666666,3.6208333333333336,24.09583333333333,52.375,3.845833333333333,22.016666666666666,60.25,6.2875000000000005,25.61388888888889,46.93055555555557,3.995833333333335,23.03273809523809,51.875,8.672619047619047,988.4541666666668,-4.287500000000023,0,-0.9932720567888916,0.115804236547566,-0.4011916238905151,3.0,33,2,0.8660254037844386,0.5000000000000001,Unhealthy,Moderate,Good
2025-02-03,51.8,27.73333333333333,45.91666666666666,988.85,8.141666666666667,38.307794528579336,Unhealthy,48.7,46.5,45.0,49.0,39.457142857142856,6.799999999999997,27.025,42.0,4.520833333333333,25.72083333333333,46.41666666666666,3.6208333333333336,24.09583333333333,52.375,3.845833333333333,26.82638888888889,44.77777777777778,5.42777777777778,24.01547619047619,51.10119047619047,7.359523809523809,987.9708333333332,-1.3083333333331666,1,0.6198857871841817,0.7846920484158402,-0.2327408005647815,3.0,34,2,0.8660254037844386,0.5000000000000001,Moderate,Good,Unhealthy
2025-02-04,36.1,24.558333333333334,54.91666666666666,992.6125,14.741666666666667,69.49881621067863,Moderate,51.8,48.7,46.5,45.53333333333333,41.17142857142857,-10.4,27.73333333333333,45.91666666666666,8.141666666666667,27.025,42.0,4.520833333333333,25.72083333333333,46.41666666666666,3.6208333333333336,26.438888888888886,47.61111111111112,9.134722222222225,24.58511904761905,51.33333333333333,7.498214285714285,988.85,4.158333333333189,1,0.9366649534063094,0.3502267337887789,0.5665397960999194,3.0,35,2,0.8660254037844386,0.5000000000000001,Good,Unhealthy,Unhealthy
2025-02-05,23.6,24.195833333333336,56.91666666666666,991.0375,8.116666666666665,75.24908189005731,Good,36.1,51.8,48.7,37.16666666666666,40.91428571428572,-25.1,24.558333333333334,54.91666666666666,14.741666666666667,27.73333333333333,45.91666666666666,8.141666666666667,27.025,42.0,4.520833333333333,25.495833333333334,52.583333333333336,10.333333333333334,25.04940476190476,51.25595238095237,7.039285714285714,992.6125,3.0666666666668334,1,0.9670418590376318,0.254617444156996,0.5684392347891609,2.0,36,2,0.8660254037844386,0.5000000000000001,Unhealthy,Unhealthy,Moderate
2025-02-06,39.8,26.5875,54.5,989.4458333333332,4.791666666666667,81.70805640424203,Unhealthy,23.6,36.1,51.8,33.166666666666664,41.642857142857146,-12.0,24.195833333333336,56.91666666666666,8.116666666666665,24.558333333333334,54.91666666666666,14.741666666666667,27.73333333333333,45.91666666666666,8.141666666666667,25.11388888888889,55.44444444444445,9.216666666666669,25.702380952380956,50.4345238095238,6.825595238095238,991.0375,0.5958333333331893,1,0.9895460773247572,0.144217061581443,0.2413128535015986,1.0,37,2,0.8660254037844386,0.5000000000000001,Unhealthy,Moderate,Very Good
2025-02-07,50.4,27.5125,51.625,990.5833333333334,9.008333333333333,84.1296532387318,Unhealthy,39.8,23.6,36.1,37.93333333333333,42.41428571428571,14.299999999999995,26.5875,54.5,4.791666666666667,24.195833333333336,56.91666666666666,8.116666666666665,24.558333333333334,54.91666666666666,14.741666666666667,26.09861111111111,54.34722222222223,7.305555555555556,26.190476190476183,50.32738095238095,7.563095238095237,989.4458333333332,-2.0291666666665837,1,0.9947558838300056,0.1022777179330099,-0.1467910416191367,3.0,38,2,0.8660254037844386,0.5000000000000001,Moderate,Very Good,Good
2025-02-08,31.2,24.6125,54.333333333333336,992.9041666666668,15.945833333333333,65.73790740981735,Moderate,50.4,39.8,23.6,40.46666666666666,40.22857142857144,7.599999999999998,27.5125,51.625,9.008333333333333,26.5875,54.5,4.791666666666667,24.195833333333336,56.91666666666666,8.116666666666665,26.2375,53.48611111111112,9.91527777777778,26.03214285714285,51.45833333333333,9.323809523809524,990.5833333333334,1.866666666666788,1,0.911675338792314,0.4109112758709837,0.2380995722124597,3.0,39,2,0.8660254037844386,0.5000000000000001,Very Good,Good,Moderate
2025-02-09,14.8,22.3875,54.16666666666666,993.9083333333332,15.6875,57.83696176582538,Very Good,31.2,50.4,39.8,32.13333333333333,35.385714285714286,-25.0,24.6125,54.333333333333336,15.945833333333333,27.5125,51.625,9.008333333333333,26.5875,54.5,4.791666666666667,24.8375,53.37500000000001,13.547222222222222,25.369642857142853,53.19642857142856,10.91904761904762,992.9041666666668,4.462499999999977,1,0.846536750917425,0.5323302821990964,0.7408140707668734,2.0,40,2,0.8660254037844386,0.5000000000000001,Good,Moderate,Moderate
2025-02-10,17.2,22.179166666666664,57.79166666666666,993.425,9.545833333333333,56.49619415787339,Good,14.8,31.2,50.4,21.066666666666663,30.442857142857143,-33.2,22.3875,54.16666666666666,15.6875,24.6125,54.333333333333336,15.945833333333333,27.5125,51.625,9.008333333333333,23.05972222222222,55.43055555555557,13.72638888888889,24.57619047619048,54.89285714285713,11.11964285714286,993.9083333333332,2.8416666666665837,1,0.8338491581025645,0.5519923745230946,0.8692315044238997,0.0,41,2,0.8660254037844386,0.5000000000000001,Moderate,Moderate,Unhealthy
2025-02-11,32.1,23.89583333333333,56.833333333333336,992.1,6.445833333333333,57.633608487794895,Moderate,17.2,14.8,31.2,21.36666666666666,29.871428571428574,0.9000000000000021,22.179166666666664,57.79166666666666,9.545833333333333,22.3875,54.16666666666666,15.6875,24.6125,54.333333333333336,15.945833333333333,22.82083333333333,56.26388888888889,10.559722222222222,24.48154761904762,55.16666666666666,9.93452380952381,993.425,-0.8041666666667879,1,0.8446420848496783,0.5353314379903247,0.2843050885787156,1.0,42,2,0.8660254037844386,0.5000000000000001,Moderate,Unhealthy,Moderate
2025-02-12,37.1,25.83333333333333,50.458333333333336,991.0958333333332,4.979166666666667,32.81504429251436,Moderate,32.1,17.2,14.8,28.799999999999997,31.8,22.3,23.89583333333333,56.833333333333336,6.445833333333333,22.179166666666664,57.79166666666666,9.545833333333333,22.3875,54.16666666666666,15.6875,23.96944444444444,55.02777777777778,6.990277777777778,24.71547619047619,54.24404761904763,9.486309523809524,992.1,-2.8125,1,0.5419289012287497,0.8404243368757238,-0.1467667810226724,2.0,43,2,0.8660254037844386,0.5000000000000001,Unhealthy,Moderate,Unhealthy
2025-02-13,39.2,26.78333333333333,46.0,990.6916666666666,5.858333333333333,59.62501714767683,Unhealthy,37.1,32.1,17.2,36.133333333333326,31.714285714285715,22.000000000000004,25.83333333333333,50.458333333333336,4.979166666666667,23.89583333333333,56.833333333333336,6.445833333333333,22.179166666666664,57.79166666666666,9.545833333333333,25.504166666666663,51.09722222222223,5.761111111111112,24.74345238095238,53.02976190476191,9.638690476190476,991.0958333333332,-2.7333333333333485,1,0.8627345373126211,0.5056571151758646,-0.2534947391997995,2.0,44,2,0.8660254037844386,0.5000000000000001,Moderate,Unhealthy,Unhealthy
2025-02-14,33.7,27.2,50.458333333333336,990.1458333333334,6.504166666666666,59.32824528447604,Moderate,39.2,37.1,32.1,36.66666666666666,29.32857142857143,1.6000000000000014,26.78333333333333,46.0,5.858333333333333,25.83333333333333,50.458333333333336,4.979166666666667,23.89583333333333,56.833333333333336,6.445833333333333,26.605555555555554,48.97222222222223,5.780555555555556,24.698809523809523,52.86309523809524,9.280952380952382,990.6916666666666,-1.9541666666666515,1,0.8601038510871635,0.5101189717556391,-0.0851664016594653,3.0,45,2,0.8660254037844386,0.5000000000000001,Unhealthy,Unhealthy,Unhealthy
2025-02-15,41.8,28.71666666666667,46.083333333333336,988.5541666666668,4.525,308.02741319112755,Unhealthy,33.7,39.2,37.1,38.23333333333333,30.842857142857145,4.699999999999996,27.2,50.458333333333336,6.504166666666666,26.78333333333333,46.0,5.858333333333333,25.83333333333333,50.458333333333336,4.979166666666667,27.566666666666663,47.51388888888889,5.629166666666667,25.285119047619048,51.6845238095238,7.649404761904762,990.1458333333334,-2.5416666666664014,0,-0.7877160999182788,0.6160384289389227,-0.1536425744264176,2.0,46,2,0.8660254037844386,0.5000000000000001,Unhealthy,Unhealthy,Unhealthy
2025-02-16,49.2,29.829166666666666,47.375,989.0541666666668,4.525,245.63462937140525,Unhealthy,41.8,33.7,39.2,41.56666666666666,35.75714285714286,10.0,28.71666666666667,46.083333333333336,4.525,27.2,50.458333333333336,6.504166666666666,26.78333333333333,46.0,5.858333333333333,28.58194444444445,47.97222222222223,5.184722222222223,26.348214285714285,50.71428571428572,6.0547619047619055,988.5541666666668,-1.637499999999818,0,-0.91093317334853,-0.4125539403437773,-0.0840128263977009,3.0,47,2,0.8660254037844386,0.5000000000000001,Unhealthy,Unhealthy,Moderate
2025-02-17,45.5,28.7875,60.29166666666666,991.1916666666666,8.0375,112.93661340711763,Unhealthy,49.2,41.8,33.7,45.49999999999999,39.8,11.799999999999995,29.829166666666666,47.375,4.525,28.71666666666667,46.083333333333336,4.525,27.2,50.458333333333336,6.504166666666666,29.111111111111114,51.25000000000001,5.695833333333334,27.292261904761904,51.07142857142857,5.839285714285714,989.0541666666668,1.0458333333332348,0,0.9209365577590968,-0.3897125306977261,0.3239588783208443,3.0,48,2,0.8660254037844386,0.5000000000000001,Unhealthy,Moderate,Moderate
2025-02-18,41.5,28.1,62.41666666666666,991.8375,8.216666666666667,83.66968732186359,Unhealthy,45.5,49.2,41.8,45.4,41.142857142857146,-0.2999999999999971,28.7875,60.29166666666666,8.0375,29.829166666666666,47.375,4.525,28.71666666666667,46.083333333333336,4.525,28.905555555555555,56.69444444444445,6.92638888888889,27.892857142857142,51.86904761904761,6.092261904761905,991.1916666666666,3.2833333333331893,1,0.9939027607529886,0.1102601567547753,0.6350400736486238,3.0,49,2,0.8660254037844386,0.5000000000000001,Moderate,Moderate,Moderate
2025-02-19,35.8,26.633333333333336,68.29166666666667,991.8458333333332,8.208333333333334,44.05520323508978,Moderate,41.5,45.5,49.2,40.93333333333333,40.957142857142856,-13.400000000000006,28.1,62.41666666666666,8.216666666666667,28.7875,60.29166666666666,8.0375,29.829166666666666,47.375,4.525,27.840277777777786,63.66666666666666,8.154166666666669,28.00714285714286,54.41666666666666,6.553571428571429,991.8375,2.7916666666664014,1,0.6953511161527558,0.718670178360781,0.9480677437214792,3.0,50,2,0.8660254037844386,0.5000000000000001,Moderate,Moderate,Moderate
2025-02-20,36.8,27.3875,62.04166666666666,991.8541666666666,8.2125,44.105455730596645,Moderate,35.8,41.5,45.5,38.03333333333333,40.614285714285714,-8.700000000000003,26.633333333333336,68.29166666666667,8.208333333333334,28.1,62.41666666666666,8.216666666666667,28.7875,60.29166666666666,8.0375,27.373611111111117,64.25,8.2125,28.09345238095238,56.70833333333332,6.889880952380952,991.8458333333332,0.6625000000000227,1,0.6959811737551693,0.7180600293696738,0.6324847649847589,2.0,51,2,0.8660254037844386,0.5000000000000001,Moderate,Moderate,Good
2025-02-21,34.8,27.383333333333336,56.66666666666666,992.2708333333334,8.75,61.91124047505741,Moderate,36.8,35.8,41.5,35.79999999999999,40.771428571428565,-6.700000000000003,27.3875,62.04166666666666,8.2125,26.633333333333336,68.29166666666667,8.208333333333334,28.1,62.41666666666666,8.216666666666667,27.134722222222223,62.333333333333336,8.390277777777778,28.119642857142857,57.59523809523809,7.210714285714286,991.8541666666666,0.4333333333333939,1,0.8822192537063145,0.4708388135974704,0.5364627358132328,2.0,52,2,0.8660254037844386,0.5000000000000001,Moderate,Good,Good
2025-02-22,30.3,27.804166666666664,57.91666666666666,992.775,8.799999999999999,56.43386032020727,Moderate,34.8,36.8,35.8,33.96666666666666,39.12857142857143,-5.4999999999999964,27.383333333333336,56.66666666666666,8.75,27.3875,62.04166666666666,8.2125,26.633333333333336,68.29166666666667,8.208333333333334,27.524999999999995,58.875,8.5875,27.98928571428571,59.285714285714285,7.821428571428571,992.2708333333334,0.929166666666788,1,0.8332481353000871,0.5528992177774605,0.2390730140134475,2.0,53,2,0.8660254037844386,0.5000000000000001,Good,Good,Very Good
2025-02-23,21.9,28.308333333333334,54.54166666666666,993.7625,14.8125,60.08036105870423,Good,30.3,34.8,36.8,28.99999999999999,35.22857142857143,-14.9,27.804166666666664,57.91666666666666,8.799999999999999,27.383333333333336,56.66666666666666,8.75,27.3875,62.04166666666666,8.2125,27.83194444444445,56.375,10.7875,27.77202380952381,60.3095238095238,9.291071428571428,992.775,1.9083333333334167,1,0.8667258342693206,0.498784851624576,0.1414305547451399,2.0,54,2,0.8660254037844386,0.5000000000000001,Good,Very Good,Good
2025-02-24,15.3,24.883333333333336,64.125,996.125,17.695833333333333,50.889688595185085,Good,21.9,30.3,34.8,22.49999999999999,30.91428571428571,-19.5,28.308333333333334,54.54166666666666,14.8125,27.804166666666664,57.91666666666666,8.799999999999999,27.383333333333336,56.66666666666666,8.75,26.998611111111117,58.86111111111112,13.769444444444446,27.214285714285715,60.85714285714285,10.670833333333333,993.7625,3.8541666666666288,1,0.7759328930583421,0.6308154607094784,0.6426063211752672,1.0,55,2,0.8660254037844386,0.5000000000000001,Very Good,Good,Good
2025-02-25,13.0,23.745833333333334,63.958333333333336,997.1791666666668,15.370833333333332,40.43364376966599,Very Good,15.3,21.9,30.3,16.733333333333327,26.842857142857135,-17.3,24.883333333333336,64.125,17.695833333333333,28.308333333333334,54.54166666666666,14.8125,27.804166666666664,57.91666666666666,8.799999999999999,25.64583333333333,60.87500000000001,15.959722222222224,26.5922619047619,61.07738095238095,11.69285714285714,996.125,4.404166666666811,1,0.6485669604488266,0.7611576037944903,0.7785242458940655,1.0,56,2,0.8660254037844386,0.5000000000000001,Good,Good,Moderate
2025-02-26,17.8,25.725,62.29166666666666,995.7833333333332,11.016666666666666,46.623648756870686,Good,13.0,15.3,21.9,15.36666666666666,24.27142857142857,-4.099999999999998,23.745833333333334,63.958333333333336,15.370833333333332,24.883333333333336,64.125,17.695833333333333,28.308333333333334,54.54166666666666,14.8125,24.784722222222225,63.45833333333334,14.694444444444445,26.4625,60.22023809523809,12.094047619047618,997.1791666666668,2.020833333333144,1,0.7268582035299797,0.6867875595562071,0.522870417252774,0.0,57,2,0.8660254037844386,0.5000000000000001,Good,Moderate,Moderate
2025-02-27,18.8,27.916666666666668,56.41666666666666,992.625,7.545833333333333,46.97232355605831,Good,17.8,13.0,15.3,16.533333333333328,21.7,3.5,25.725,62.29166666666666,11.016666666666666,23.745833333333334,63.958333333333336,15.370833333333332,24.883333333333336,64.125,17.695833333333333,25.79583333333333,60.88888888888889,11.311111111111112,26.53809523809524,59.41666666666666,11.998809523809523,995.7833333333332,-3.5,1,0.7310241803607164,0.6823515572840314,-0.3927079046715843,1.0,58,2,0.8660254037844386,0.5000000000000001,Moderate,Moderate,Moderate
2025-02-28,30.1,30.1875,47.125,990.6,5.05,303.48253226321094,Moderate,18.8,17.8,13.0,22.23333333333333,21.028571428571432,17.1,27.916666666666668,56.41666666666666,7.545833333333333,25.725,62.29166666666666,11.016666666666666,23.745833333333334,63.958333333333336,15.370833333333332,27.94305555555556,55.27777777777778,7.8708333333333345,26.93869047619048,58.05357142857142,11.470238095238091,992.625,-6.579166666666765,0,-0.8340540520753208,0.5516827332958121,-0.8086166320705748,1.0,59,2,0.8660254037844386,0.5000000000000001,Moderate,Moderate,Moderate
2025-03-01,34.9,30.02083333333333,58.333333333333336,989.3041666666668,8.762500000000001,282.33307579147174,Moderate,30.1,18.8,17.8,27.933333333333326,21.685714285714287,17.099999999999998,30.1875,47.125,5.05,27.916666666666668,56.41666666666666,7.545833333333333,25.725,62.29166666666666,11.016666666666666,29.375,53.958333333333336,7.119444444444446,27.255357142857147,58.113095238095234,11.464880952380952,990.6,-6.479166666666401,0,-0.9769224331467394,0.2135943810465397,-0.4848949955460505,2.0,60,3,1.0,6.123233995736766e-17,Moderate,Moderate,Moderate
2025-03-02,34.3,30.616666666666664,57.875,987.6208333333334,6.141666666666667,258.4093113338447,Moderate,34.9,30.1,18.8,33.09999999999999,23.457142857142856,15.499999999999996,30.02083333333333,58.333333333333336,8.762500000000001,30.1875,47.125,5.05,27.916666666666668,56.41666666666666,7.545833333333333,30.274999999999995,54.44444444444446,6.6513888888888895,27.58511904761905,58.58928571428572,10.226190476190476,989.3041666666668,-5.004166666666606,0,-0.9796079145269422,-0.2009187243543398,-0.3252223092968804,2.0,61,3,1.0,6.123233995736766e-17,Moderate,Moderate,Moderate
2025-03-03,35.0,29.804166666666664,63.5,987.2333333333332,7.445833333333333,221.4528406931892,Moderate,34.3,34.9,30.1,34.73333333333333,26.27142857142857,4.899999999999999,30.616666666666664,57.875,6.141666666666667,30.02083333333333,58.333333333333336,8.762500000000001,30.1875,47.125,5.05,30.147222222222226,59.90277777777779,7.450000000000002,28.288095238095234,58.5,8.761904761904761,987.6208333333334,-3.366666666666788,0,-0.6620033694811491,-0.7495008597697571,0.0822131021707947,2.0,62,3,1.0,6.123233995736766e-17,Moderate,Moderate,Moderate
2025-03-04,34.5,30.925,56.04166666666666,986.5833333333334,6.383333333333333,238.4358491521424,Moderate,35.0,34.3,34.9,34.599999999999994,29.342857142857145,-0.3999999999999986,29.804166666666664,63.5,7.445833333333333,30.616666666666664,57.875,6.141666666666667,30.02083333333333,58.333333333333336,8.762500000000001,30.44861111111111,59.13888888888889,6.656944444444445,29.31369047619048,57.36904761904761,7.47797619047619,987.2333333333332,-2.7208333333334167,0,-0.8520546179122731,-0.5234528900430012,-0.118442818932366,2.0,63,3,1.0,6.123233995736766e-17,Moderate,Moderate,Moderate
2025-03-05,31.3,31.6375,52.04166666666666,986.35,8.083333333333334,238.4707655401778,Moderate,34.5,35.0,34.3,33.59999999999999,31.27142857142857,-2.9999999999999964,30.925,56.04166666666666,6.383333333333333,29.804166666666664,63.5,7.445833333333333,30.616666666666664,57.875,6.141666666666667,30.78888888888889,57.19444444444445,7.304166666666668,30.15833333333333,55.90476190476191,7.058928571428572,986.5833333333334,-1.2708333333333712,0,-0.8523734549738146,-0.5229335457359783,-0.2318672457957555,2.0,64,3,1.0,6.123233995736766e-17,Moderate,Moderate,Good
2025-03-06,29.2,31.6,51.41666666666666,987.7958333333332,6.383333333333334,210.42015219825225,Moderate,31.3,34.5,35.0,31.66666666666666,32.75714285714286,-5.800000000000001,31.6375,52.04166666666666,8.083333333333334,30.925,56.04166666666666,6.383333333333333,29.804166666666664,63.5,7.445833333333333,31.3875,53.16666666666666,6.950000000000002,30.684523809523807,55.19047619047619,6.892857142857143,986.35,0.5625,0,-0.5063370980293322,-0.8623356325464201,-0.1841593183971889,2.0,65,3,1.0,6.123233995736766e-17,Moderate,Good,Good
2025-03-07,29.5,23.75,76.625,990.775,11.745833333333332,43.48378643691359,Moderate,29.2,31.3,34.5,29.99999999999999,32.67142857142857,-5.0,31.6,51.41666666666666,6.383333333333334,31.6375,52.04166666666666,8.083333333333334,30.925,56.04166666666666,6.383333333333333,28.995833333333337,60.02777777777778,8.737500000000002,29.764880952380956,59.40476190476191,7.849404761904763,987.7958333333332,4.191666666666606,1,0.6881492816530123,0.7255691325852025,1.4658865270453303,2.0,66,3,1.0,6.123233995736766e-17,Good,Good,Moderate
2025-03-08,19.1,21.304166666666667,81.95833333333333,992.3583333333332,7.945833333333333,67.03972351823728,Good,29.5,29.2,31.3,25.933333333333326,30.414285714285715,-12.2,23.75,76.625,11.745833333333332,31.6,51.41666666666666,6.383333333333334,31.6375,52.04166666666666,8.083333333333334,25.55138888888889,70.0,8.691666666666668,28.519642857142856,62.77976190476189,7.732738095238095,990.775,6.008333333333212,1,0.9207755285071708,0.3900928429263223,2.1729303830847435,2.0,67,3,1.0,6.123233995736766e-17,Good,Moderate,Moderate
2025-03-09,21.0,25.27083333333333,68.08333333333333,992.6333333333332,7.925,63.81206923736074,Good,19.1,29.5,29.2,23.199999999999992,28.514285714285712,-8.2,21.304166666666667,81.95833333333333,7.945833333333333,23.75,76.625,11.745833333333332,31.6,51.41666666666666,6.383333333333334,23.441666666666663,75.55555555555556,9.205555555555556,27.75595238095238,64.23809523809523,7.9875,992.3583333333332,4.837499999999977,1,0.897351352060859,0.4413168373793913,1.4530375934450206,1.0,68,3,1.0,6.123233995736766e-17,Moderate,Moderate,Moderate
2025-03-10,27.1,27.52916666666667,61.375,992.4666666666668,9.279166666666669,71.88460266874597,Moderate,21.0,19.1,29.5,22.399999999999995,27.385714285714283,-2.3999999999999986,25.27083333333333,68.08333333333333,7.925,21.304166666666667,81.95833333333333,7.945833333333333,23.75,76.625,11.745833333333332,24.70138888888889,70.47222222222223,8.383333333333335,27.43095238095238,63.9345238095238,8.249404761904762,992.6333333333332,1.6916666666668334,1,0.9504322079476908,0.3109318544242087,-0.2196842094911509,1.0,69,3,1.0,6.123233995736766e-17,Moderate,Moderate,Good
2025-03-11,31.4,29.0625,60.25,990.4208333333332,6.466666666666666,143.06684886183547,Moderate,27.1,21.0,19.1,26.49999999999999,26.942857142857143,12.299999999999995,27.52916666666667,61.375,9.279166666666669,25.27083333333333,68.08333333333333,7.925,21.304166666666667,81.95833333333333,7.945833333333333,27.2875,63.23611111111112,7.890277777777779,27.16488095238095,64.53571428571429,8.261309523809524,992.4666666666668,-1.9375,0,0.6008828195514575,-0.7993371236017319,-1.0558063568159877,2.0,70,3,1.0,6.123233995736766e-17,Moderate,Good,Good
2025-03-12,31.5,28.791666666666668,67.125,988.5791666666668,7.6,216.72709378472345,Moderate,31.4,27.1,21.0,29.99999999999999,26.971428571428568,10.5,29.0625,60.25,6.466666666666666,27.52916666666667,61.375,9.279166666666669,25.27083333333333,68.08333333333333,7.925,28.461111111111112,62.91666666666668,7.781944444444446,26.758333333333333,66.69047619047619,8.192261904761905,990.4208333333332,-4.054166666666447,0,-0.5980042204027766,-0.8014929521714258,-0.4946833708023472,2.0,71,3,1.0,6.123233995736766e-17,Good,Good,Moderate
2025-03-13,22.1,26.804166666666664,77.625,988.9125,5.05,226.5767846960373,Good,31.5,31.4,27.1,28.333333333333325,25.957142857142856,-5.0,28.791666666666668,67.125,7.6,29.0625,60.25,6.466666666666666,27.52916666666667,61.375,9.279166666666669,28.219444444444445,68.33333333333334,6.372222222222223,26.073214285714283,70.43452380952381,8.001785714285715,988.5791666666668,-3.554166666666788,0,-0.7262962148201317,-0.6873818504571888,0.4242965082230923,2.0,72,3,1.0,6.123233995736766e-17,Good,Moderate,Moderate
2025-03-14,21.9,28.6375,69.08333333333333,989.7958333333332,4.65,253.2441976292532,Good,22.1,31.5,31.4,25.166666666666657,24.87142857142857,-9.5,26.804166666666664,77.625,5.05,28.791666666666668,67.125,7.6,29.0625,60.25,6.466666666666666,28.07777777777778,71.27777777777779,5.766666666666668,26.77142857142857,69.35714285714286,6.988095238095238,988.9125,-0.625,0,-0.9575421701219125,-0.2882932403616476,0.5256003502805217,1.0,73,3,1.0,6.123233995736766e-17,Moderate,Moderate,Moderate
2025-03-15,26.9,30.17083333333333,64.54166666666667,989.6083333333332,4.066666666666666,249.940606649542,Moderate,21.9,22.1,31.5,23.63333333333333,25.985714285714288,-4.600000000000001,28.6375,69.08333333333333,4.65,26.804166666666664,77.625,5.05,28.791666666666668,67.125,7.6,28.537499999999994,70.41666666666667,4.5888888888888895,28.038095238095234,66.86904761904762,6.433928571428571,989.7958333333332,1.0291666666664696,0,-0.9393375746353714,-0.3429940537066759,0.3232328931828014,1.0,74,3,1.0,6.123233995736766e-17,Moderate,Moderate,Moderate
2025-03-16,31.5,29.35,65.91666666666667,989.275,5.479166666666667,187.01962005121737,Moderate,26.9,21.9,22.1,26.766666666666666,27.485714285714288,9.4,30.17083333333333,64.54166666666667,4.066666666666666,28.6375,69.08333333333333,4.65,26.804166666666664,77.625,5.05,29.38611111111111,66.5138888888889,4.731944444444445,28.620833333333334,66.55952380952381,6.08452380952381,989.6083333333332,0.3624999999999545,0,-0.1222092182915896,-0.9925043611816315,0.0732786415588666,2.0,75,3,1.0,6.123233995736766e-17,Moderate,Moderate,Moderate
2025-03-17,27.0,25.9,67.375,991.0375,11.1625,87.05077165265254,Moderate,31.5,26.9,21.9,28.466666666666654,27.47142857142857,5.100000000000001,29.35,65.91666666666667,5.479166666666667,30.17083333333333,64.54166666666667,4.066666666666666,28.6375,69.08333333333333,4.65,28.473611111111108,65.94444444444446,6.902777777777779,28.38809523809524,67.41666666666666,6.353571428571428,989.275,1.241666666666788,1,0.9986755192632188,0.0514510177191889,0.9246090536531678,2.0,76,3,1.0,6.123233995736766e-17,Moderate,Moderate,Unhealthy
2025-03-18,29.4,26.92083333333333,57.083333333333336,992.5916666666668,14.275,67.89462047602774,Moderate,27.0,31.5,26.9,29.299999999999997,27.185714285714287,2.5,25.9,67.375,11.1625,29.35,65.91666666666667,5.479166666666667,30.17083333333333,64.54166666666667,4.066666666666666,27.39027777777778,63.45833333333334,10.305555555555555,28.082142857142856,66.96428571428571,7.469047619047619,991.0375,2.983333333333576,1,0.9264933029393978,0.376311253629818,0.7979602103252651,2.0,77,3,1.0,6.123233995736766e-17,Moderate,Unhealthy,Unhealthy
2025-03-19,27.4,24.079166666666666,50.833333333333336,996.375,16.466666666666665,55.54285783037943,Moderate,29.4,27.0,31.5,27.933333333333326,26.6,-4.100000000000001,26.92083333333333,57.083333333333336,14.275,25.9,67.375,11.1625,29.35,65.91666666666667,5.479166666666667,25.63333333333333,58.43055555555557,13.968055555555557,27.408928571428568,64.63690476190476,8.735714285714286,992.5916666666668,7.100000000000023,1,0.824549635696349,0.5657896236880084,1.1242501464412198,2.0,78,3,1.0,6.123233995736766e-17,Unhealthy,Unhealthy,Unhealthy
2025-03-20,43.1,23.7125,46.375,997.0083333333332,14.841666666666669,49.24825533218154,Unhealthy,27.4,29.4,27.0,33.29999999999999,29.6,16.1,24.079166666666666,50.833333333333336,16.466666666666665,26.92083333333333,57.083333333333336,14.275,25.9,67.375,11.1625,24.904166666666665,51.43055555555557,15.194444444444448,26.967261904761905,60.17261904761904,10.13452380952381,996.375,5.970833333333189,1,0.757545107369271,0.6527828201637047,0.5215653290608147,2.0,79,3,1.0,6.123233995736766e-17,Unhealthy,Unhealthy,Unhealthy
2025-03-21,49.7,24.10833333333333,51.375,996.1666666666666,11.816666666666668,56.25246482366459,Unhealthy,43.1,27.4,29.4,40.066666666666656,33.57142857142857,20.300000000000004,23.7125,46.375,14.841666666666669,24.079166666666666,50.833333333333336,16.466666666666665,26.92083333333333,57.083333333333336,14.275,23.966666666666665,49.52777777777779,14.375000000000002,26.320238095238093,57.642857142857146,11.158333333333331,997.0083333333332,3.574999999999818,1,0.8314935117692508,0.5555344632744568,0.6350251263820157,3.0,80,3,1.0,6.123233995736766e-17,Unhealthy,Unhealthy,Unhealthy
2025-03-22,45.8,25.34166666666667,51.91666666666666,993.9083333333332,9.025,55.94161292953015,Unhealthy,49.7,43.1,27.4,46.19999999999999,36.27142857142857,18.4,24.10833333333333,51.375,11.816666666666668,23.7125,46.375,14.841666666666669,24.079166666666666,50.833333333333336,16.466666666666665,24.3875,49.88888888888889,11.894444444444446,25.630357142857143,55.83928571428572,11.866666666666664,996.1666666666666,-2.4666666666668107,1,0.8284672985558049,0.5600374409123436,-0.0231616935859716,3.0,81,3,1.0,6.123233995736766e-17,Unhealthy,Unhealthy,Unhealthy
2025-03-23,63.0,27.25,52.875,992.2416666666668,4.741666666666666,71.93732388730899,Unhealthy,45.8,49.7,43.1,52.833333333333336,40.771428571428565,19.9,25.34166666666667,51.91666666666666,9.025,24.10833333333333,51.375,11.816666666666668,23.7125,46.375,14.841666666666669,25.566666666666663,52.05555555555557,8.52777777777778,25.330357142857142,53.97619047619048,11.761309523809524,993.9083333333332,-4.766666666666424,1,0.9507179122429924,0.3100571743087486,-0.2158916396503109,3.0,82,3,1.0,6.123233995736766e-17,Unhealthy,Unhealthy,Unhealthy
2025-03-24,77.7,29.09583333333333,51.625,989.3291666666668,4.275,114.5799839501032,Unhealthy,63.0,45.8,49.7,62.16666666666666,48.01428571428572,28.0,27.25,52.875,4.741666666666666,25.34166666666667,51.91666666666666,9.025,24.10833333333333,51.375,11.816666666666668,27.229166666666668,52.13888888888889,6.01388888888889,25.78690476190476,51.72619047619048,10.777380952380952,992.2416666666668,-6.837499999999864,0,0.9093814795801431,-0.4159631288908063,-0.4819661219741816,3.0,83,3,1.0,6.123233995736766e-17,Unhealthy,Unhealthy,Unhealthy
2025-03-25,76.2,30.691666666666663,47.25,985.7916666666666,5.8625,210.30273205157832,Unhealthy,77.7,63.0,45.8,72.3,54.7,30.40000000000001,29.09583333333333,51.625,4.275,27.25,52.875,4.741666666666666,25.34166666666667,51.91666666666666,9.025,29.0125,50.58333333333334,4.959722222222223,26.32559523809524,50.32142857142857,9.575595238095238,989.3291666666668,-8.11666666666656,0,-0.5045687927864981,-0.8633714920855192,-0.7804195257559949,3.0,84,3,1.0,6.123233995736766e-17,Unhealthy,Unhealthy,Unhealthy
2025-03-26,62.0,31.179166666666664,54.5,984.6791666666668,9.225,219.9327922511576,Unhealthy,76.2,77.7,63.0,71.96666666666665,59.642857142857146,-1.0,30.691666666666663,47.25,5.8625,29.09583333333333,51.625,4.275,27.25,52.875,4.741666666666666,30.32222222222222,51.12500000000001,6.454166666666668,27.339880952380952,50.845238095238095,8.54107142857143,985.7916666666666,-7.5625,0,-0.6418886002294913,-0.7667979035544008,-0.8072645665710146,3.0,85,3,1.0,6.123233995736766e-17,Unhealthy,Unhealthy,Unhealthy
2025-03-27,57.0,31.77916666666667,52.625,983.8208333333332,10.358333333333333,218.3560825401213,Unhealthy,62.0,76.2,77.7,65.06666666666666,61.62857142857143,-20.700000000000003,31.179166666666664,54.5,9.225,30.691666666666663,47.25,5.8625,29.09583333333333,51.625,4.275,31.216666666666665,51.45833333333334,8.481944444444446,28.492261904761904,51.73809523809524,7.900595238095238,984.6791666666668,-5.508333333333553,0,-0.6205468934814925,-0.7841693394863568,-0.8969997346237019,3.0,86,3,1.0,6.123233995736766e-17,Unhealthy,Unhealthy,Unhealthy
2025-03-28,50.8,31.6875,50.75,984.8375,9.166666666666666,207.44731093084337,Unhealthy,57.0,62.0,76.2,56.59999999999999,61.785714285714285,-25.40000000000001,31.77916666666667,52.625,10.358333333333333,31.179166666666664,54.5,9.225,30.691666666666663,47.25,5.8625,31.54861111111111,52.62500000000001,9.583333333333334,29.575,51.648809523809526,7.522023809523809,983.8208333333332,-0.9541666666666516,0,-0.4609327249543233,-0.8874350810432176,-0.6244155839552551,3.0,87,3,1.0,6.123233995736766e-17,Unhealthy,Unhealthy,Moderate
2025-03-29,43.1,32.12083333333333,50.833333333333336,986.325,8.799999999999999,183.33590431811209,Unhealthy,50.8,57.0,62.0,50.29999999999999,61.4,-18.9,31.6875,50.75,9.166666666666666,31.77916666666667,52.625,10.358333333333333,31.179166666666664,54.5,9.225,31.8625,51.40277777777779,9.441666666666666,30.54345238095238,51.49404761904761,7.489880952380951,984.8375,1.6458333333332575,0,-0.0581896250847562,-0.9983055481827672,-0.4524556072574331,3.0,88,3,1.0,6.123233995736766e-17,Unhealthy,Moderate,Moderate
2025-03-30,38.3,27.241666666666664,75.58333333333333,990.1291666666666,10.595833333333331,81.41464405926685,Unhealthy,43.1,50.8,57.0,44.066666666666656,57.871428571428574,-18.700000000000003,32.12083333333333,50.833333333333336,8.799999999999999,31.6875,50.75,9.166666666666666,31.77916666666667,52.625,10.358333333333333,30.35,59.05555555555557,9.520833333333334,30.542261904761904,54.738095238095234,8.326190476190476,986.325,6.308333333333394,1,0.988794568048774,0.1492826252356187,0.8616034490273958,3.0,89,3,1.0,6.123233995736766e-17,Moderate,Moderate,Moderate
2025-03-31,25.3,26.641666666666666,60.66666666666666,990.9541666666668,9.854166666666666,61.87239471451488,Moderate,38.3,43.1,50.8,35.566666666666656,50.385714285714286,-25.5,27.241666666666664,75.58333333333333,10.595833333333331,32.12083333333333,50.833333333333336,8.799999999999999,31.6875,50.75,9.166666666666666,28.668055555555554,62.36111111111112,9.75,30.191666666666663,56.02976190476191,9.123214285714283,990.1291666666666,6.116666666666788,1,0.8818998286453354,0.47143683801261,1.0061916071502013,3.0,90,3,1.0,6.123233995736766e-17,Moderate,Moderate,Unhealthy
2025-04-01,25.5,28.016666666666666,55.91666666666666,990.1708333333332,10.704166666666666,65.80477498336472,Moderate,25.3,38.3,43.1,29.69999999999999,43.142857142857146,-17.6,26.641666666666666,60.66666666666666,9.854166666666666,27.241666666666664,75.58333333333333,10.595833333333331,32.12083333333333,50.833333333333336,8.799999999999999,27.3,64.05555555555556,10.384722222222225,29.809523809523807,57.267857142857146,9.814880952380951,990.9541666666668,3.845833333333189,1,0.9121542756548,0.4098470170742582,0.6972281445737804,2.0,91,4,0.8660254037844387,-0.4999999999999998,Moderate,Unhealthy,Unhealthy
2025-04-02,29.3,27.816666666666663,50.375,991.2291666666666,11.175,70.0565620685453,Moderate,25.5,25.3,38.3,26.69999999999999,38.47142857142857,-8.999999999999996,28.016666666666666,55.91666666666666,10.704166666666666,26.641666666666666,60.66666666666666,9.854166666666666,27.241666666666664,75.58333333333333,10.595833333333331,27.491666666666664,55.65277777777778,10.577777777777778,29.329166666666666,56.67857142857143,10.093452380952382,990.1708333333332,1.1000000000000227,1,0.9400298031866444,0.3410923175928744,-0.0268843370894504,2.0,92,4,0.8660254037844387,-0.4999999999999998,Unhealthy,Unhealthy,Unhealthy
2025-04-03,41.0,28.891666666666666,49.16666666666666,991.5083333333332,9.4875,74.70643156987525,Unhealthy,29.3,25.5,25.3,31.933333333333326,36.18571428571428,15.7,27.816666666666663,50.375,11.175,28.016666666666666,55.91666666666666,10.704166666666666,26.641666666666666,60.66666666666666,9.854166666666666,28.241666666666664,51.81944444444445,10.455555555555556,28.916666666666664,56.1845238095238,9.969047619047618,991.2291666666666,0.5541666666664469,1,0.96458703267695,0.2637647747358935,-0.2752151085101874,2.0,93,4,0.8660254037844387,-0.4999999999999998,Unhealthy,Unhealthy,Moderate
2025-04-04,52.6,30.58333333333333,51.79166666666666,989.6291666666666,5.791666666666667,157.146811408717,Unhealthy,41.0,29.3,25.5,40.96666666666666,36.44285714285714,27.1,28.891666666666666,49.16666666666666,9.4875,27.816666666666663,50.375,11.175,28.016666666666666,55.91666666666666,10.704166666666666,29.097222222222214,50.44444444444445,8.818055555555558,28.75892857142857,56.33333333333332,9.486904761904762,991.5083333333332,-0.5416666666666288,0,0.3883711997069204,-0.9215030174873045,-0.3383440888465182,3.0,94,4,0.8660254037844387,-0.4999999999999998,Unhealthy,Moderate,Moderate
2025-04-05,39.9,31.691666666666663,54.208333333333336,988.6291666666666,7.975,214.5280967071744,Unhealthy,52.6,41.0,29.3,44.49999999999999,35.98571428571429,10.599999999999998,30.58333333333333,51.79166666666666,5.791666666666667,28.891666666666666,49.16666666666666,9.4875,27.816666666666663,50.375,11.175,30.38888888888889,51.72222222222223,7.75138888888889,28.69761904761905,56.81547619047619,9.36904761904762,989.6291666666666,-2.6000000000000227,0,-0.5668103038469408,-0.8238483352249604,-0.5475737539582884,3.0,95,4,0.8660254037844387,-0.4999999999999998,Moderate,Moderate,Moderate
2025-04-06,30.8,31.016666666666666,57.16666666666666,988.9583333333334,6.829166666666667,132.7427088617443,Moderate,39.9,52.6,41.0,41.09999999999999,34.91428571428572,-10.2,31.691666666666663,54.208333333333336,7.975,30.58333333333333,51.79166666666666,5.791666666666667,28.891666666666666,49.16666666666666,9.4875,31.097222222222214,54.38888888888889,6.86527777777778,29.23690476190476,54.1845238095238,8.83095238095238,988.6291666666666,-2.549999999999841,0,0.7344088838501629,-0.6787072942896356,-0.1167347289666723,3.0,96,4,0.8660254037844387,-0.4999999999999998,Moderate,Moderate,Moderate
2025-04-07,26.7,29.116666666666664,65.0,990.8,6.020833333333333,51.35941042231815,Moderate,30.8,39.9,52.6,32.46666666666666,35.114285714285714,-25.9,31.016666666666666,57.16666666666666,6.829166666666667,31.691666666666663,54.208333333333336,7.975,30.58333333333333,51.79166666666666,5.791666666666667,30.60833333333333,58.79166666666668,6.941666666666667,29.590476190476185,54.80357142857143,8.283333333333333,988.9583333333334,1.1708333333333485,1,0.7810783064585588,0.6244330862308866,0.6774504510395142,2.0,97,4,0.8660254037844387,-0.4999999999999998,Moderate,Moderate,Moderate
2025-04-08,25.7,30.125,61.833333333333336,991.25,6.745833333333334,75.41770713356607,Moderate,26.7,30.8,39.9,27.733333333333324,35.142857142857146,-14.2,29.116666666666664,65.0,6.020833333333333,31.016666666666666,57.16666666666666,6.829166666666667,31.691666666666663,54.208333333333336,7.975,30.08611111111111,61.33333333333334,6.531944444444446,29.891666666666666,55.648809523809526,7.7178571428571425,990.8,2.620833333333394,1,0.9677870257435524,0.2517702778376526,0.7836908904471521,2.0,98,4,0.8660254037844387,-0.4999999999999998,Moderate,Moderate,Moderate
2025-04-09,36.5,29.558333333333334,67.5,989.275,9.158333333333331,270.2139158201348,Moderate,25.7,26.7,30.8,29.63333333333333,36.17142857142857,5.699999999999999,30.125,61.833333333333336,6.745833333333334,29.116666666666664,65.0,6.020833333333333,31.016666666666666,57.16666666666666,6.829166666666667,29.6,64.77777777777779,7.3083333333333345,30.14047619047619,58.09523809523809,7.429761904761905,991.25,0.316666666666606,0,-0.9999930303648662,0.0037335267096588,0.4852941152802659,2.0,99,4,0.8660254037844387,-0.4999999999999998,Moderate,Moderate,Moderate
2025-04-10,29.5,27.2125,80.25,987.725,6.858333333333333,207.04557572717647,Moderate,36.5,25.7,26.7,30.56666666666666,34.528571428571425,2.8000000000000007,29.558333333333334,67.5,9.158333333333331,30.125,61.833333333333336,6.745833333333334,29.116666666666664,65.0,6.020833333333333,28.96527777777777,69.86111111111113,7.587500000000001,29.900595238095235,62.535714285714285,7.054166666666666,989.275,-3.074999999999932,0,-0.4546991040565004,-0.8906451171876573,0.3785711837463506,2.0,100,4,0.8660254037844387,-0.4999999999999998,Moderate,Moderate,Moderate
2025-04-11,28.2,28.77083333333333,73.79166666666667,986.4583333333334,6.5,207.0584250786137,Moderate,29.5,36.5,25.7,31.39999999999999,31.042857142857144,2.5,27.2125,80.25,6.858333333333333,29.558333333333334,67.5,9.158333333333331,30.125,61.833333333333336,6.745833333333334,28.51388888888889,73.84722222222223,7.505555555555556,29.641666666666666,65.67857142857143,7.155357142857143,987.725,-4.791666666666629,0,-0.4548988318022136,-0.8905431223837402,0.1671043731593203,2.0,101,4,0.8660254037844387,-0.4999999999999998,Moderate,Moderate,Moderate
2025-04-12,30.6,29.041666666666668,73.125,987.4291666666668,6.208333333333333,224.42437677935365,Moderate,28.2,29.5,36.5,29.433333333333323,29.714285714285715,-5.899999999999999,28.77083333333333,73.79166666666667,6.5,27.2125,80.25,6.858333333333333,29.558333333333334,67.5,9.158333333333331,28.341666666666665,75.72222222222223,6.522222222222223,29.26309523809524,68.38095238095238,6.902976190476189,986.4583333333334,-1.845833333333189,0,-0.6999672531977823,-0.7141749396686723,0.2252257410969992,2.0,102,4,0.8660254037844387,-0.4999999999999998,Moderate,Moderate,Moderate
2025-04-13,26.8,28.3625,76.41666666666667,988.8333333333334,7.25,88.31811604298986,Moderate,30.6,28.2,29.5,28.53333333333332,29.142857142857142,-2.6999999999999997,29.041666666666668,73.125,6.208333333333333,28.77083333333333,73.79166666666667,6.5,27.2125,80.25,6.858333333333333,28.725,74.44444444444446,6.652777777777779,28.88392857142857,71.1309523809524,6.963095238095237,987.4291666666668,1.1083333333333485,1,0.9995691901643278,0.0293501971753146,0.0622854986579997,2.0,103,4,0.8660254037844387,-0.4999999999999998,Moderate,Moderate,Moderate
2025-04-14,26.3,28.425,59.708333333333336,990.2041666666668,8.279166666666667,77.15952424446425,Moderate,26.8,30.6,28.2,27.89999999999999,29.085714285714285,-1.8999999999999984,28.3625,76.41666666666667,7.25,29.041666666666668,73.125,6.208333333333333,28.77083333333333,73.79166666666667,6.5,28.609722222222228,69.75000000000001,7.2458333333333345,28.785119047619048,70.37500000000001,7.285714285714285,988.8333333333334,3.745833333333394,1,0.9749926013365896,0.2222373221106431,0.3919553350493009,2.0,104,4,0.8660254037844387,-0.4999999999999998,Moderate,Moderate,Good
2025-04-15,37.1,29.7,57.25,989.4291666666668,7.770833333333333,75.84395268563674,Moderate,26.3,26.8,30.6,30.06666666666666,30.714285714285715,6.5,28.425,59.708333333333336,8.279166666666667,28.3625,76.41666666666667,7.25,29.041666666666668,73.125,6.208333333333333,28.829166666666666,64.45833333333336,7.766666666666668,28.72440476190476,69.7202380952381,7.432142857142857,990.2041666666668,2.0,1,0.9696332446071674,0.2445636337491267,0.085374765621587,2.0,105,4,0.8660254037844387,-0.4999999999999998,Moderate,Good,Good
2025-04-16,35.6,29.266666666666666,70.20833333333333,988.6958333333332,9.820833333333333,256.6459515159099,Moderate,37.1,26.3,26.8,32.99999999999999,30.58571428571429,8.8,29.7,57.25,7.770833333333333,28.425,59.708333333333336,8.279166666666667,28.3625,76.41666666666667,7.25,29.13055555555556,62.38888888888889,8.623611111111112,28.682738095238097,70.10714285714286,7.526785714285714,989.4291666666668,-0.1375000000001591,0,-0.972961428373752,-0.2309676576858945,-0.1225883488308835,2.0,106,4,0.8660254037844387,-0.4999999999999998,Good,Good,Good
2025-04-17,18.3,28.275,77.25,987.9041666666668,6.7875000000000005,243.1947711061968,Good,35.6,37.1,26.3,30.333333333333325,28.985714285714288,-8.0,29.266666666666666,70.20833333333333,9.820833333333333,29.7,57.25,7.770833333333333,28.425,59.708333333333336,8.279166666666667,29.080555555555552,68.23611111111111,8.12638888888889,28.83452380952381,69.67857142857143,7.516666666666667,988.6958333333332,-2.2999999999999545,0,-0.8925446670136676,-0.4509589974548252,0.0349834185724755,2.0,107,4,0.8660254037844387,-0.4999999999999998,Good,Good,Good
2025-04-18,15.5,29.366666666666664,71.75,987.2375,7.279166666666666,233.72444806168485,Good,18.3,35.6,37.1,23.13333333333332,27.17142857142857,-21.6,28.275,77.25,6.7875000000000005,29.266666666666666,70.20833333333333,9.820833333333333,29.7,57.25,7.770833333333333,28.969444444444445,73.06944444444444,7.962500000000001,28.919642857142858,69.38690476190476,7.62797619047619,987.9041666666668,-2.1916666666668334,0,-0.8061808204055746,-0.5916692359842572,0.0184184246498447,1.0,108,4,0.8660254037844387,-0.4999999999999998,Good,Good,Good
2025-04-19,15.1,29.83333333333333,68.16666666666667,986.9291666666668,6.941666666666666,211.5578326643068,Good,15.5,18.3,35.6,16.299999999999986,24.95714285714286,-20.5,29.366666666666664,71.75,7.279166666666666,28.275,77.25,6.7875000000000005,29.266666666666666,70.20833333333333,9.820833333333333,29.15833333333333,72.3888888888889,7.002777777777779,29.03273809523809,68.67857142857143,7.732738095238096,987.2375,-1.766666666666424,0,-0.5233589281516071,-0.8521123355074735,-0.0634349513246051,1.0,109,4,0.8660254037844387,-0.4999999999999998,Good,Good,Good
2025-04-20,17.6,30.066666666666663,66.95833333333333,987.5,6.733333333333333,224.32528713796643,Good,15.1,15.5,18.3,16.066666666666652,23.642857142857142,-0.6999999999999993,29.83333333333333,68.16666666666667,6.941666666666666,29.366666666666664,71.75,7.279166666666666,28.275,77.25,6.7875000000000005,29.75555555555555,68.95833333333334,6.984722222222223,29.276190476190475,67.32738095238095,7.658928571428571,986.9291666666668,-0.4041666666668106,0,-0.6987310839626834,-0.7153844227436977,-0.216489106701697,1.0,110,4,0.8660254037844387,-0.4999999999999998,Good,Good,Good
2025-04-21,18.0,31.0,59.625,989.0375,6.358333333333333,207.25345317302745,Good,17.6,15.1,15.5,16.899999999999988,22.45714285714286,2.5,30.066666666666663,66.95833333333333,6.733333333333333,29.83333333333333,68.16666666666667,6.941666666666666,29.366666666666664,71.75,7.279166666666666,30.3,64.91666666666667,6.67777777777778,29.64404761904762,67.31547619047619,7.38452380952381,987.5,1.8000000000000682,0,-0.4579274946718868,-0.8889895441587201,-0.0036713333396422,1.0,111,4,0.8660254037844387,-0.4999999999999998,Good,Good,Good
2025-04-22,22.2,31.804166666666664,57.375,989.0083333333332,9.491666666666667,213.74620371332287,Good,18.0,17.6,15.1,19.26666666666665,20.32857142857143,7.1,31.0,59.625,6.358333333333333,30.066666666666663,66.95833333333333,6.733333333333333,29.83333333333333,68.16666666666667,6.941666666666666,30.95694444444444,61.31944444444446,7.527777777777779,29.944642857142856,67.33333333333333,7.630357142857143,989.0375,2.079166666666424,0,-0.5555151405344607,-0.8315064212842727,-0.1570049334922727,1.0,112,4,0.8660254037844387,-0.4999999999999998,Good,Good,Good
2025-04-23,20.5,31.816666666666663,55.583333333333336,987.4833333333332,10.433333333333334,230.3018992502878,Good,22.2,18.0,17.6,20.23333333333332,18.17142857142857,2.8999999999999986,31.804166666666664,57.375,9.491666666666667,31.0,59.625,6.358333333333333,30.066666666666663,66.95833333333333,6.733333333333333,31.54027777777777,57.52777777777779,8.761111111111113,30.308928571428567,65.24404761904762,7.7178571428571425,989.0083333333332,-0.0166666666667651,0,-0.7694207286089256,-0.638742312976767,-0.4035699516447466,1.0,113,4,0.8660254037844387,-0.4999999999999998,Good,Good,Very Good
2025-04-24,16.1,31.808333333333334,55.41666666666666,987.0708333333332,9.3125,229.09687026982672,Good,20.5,22.2,18.0,19.599999999999987,17.857142857142858,-1.8999999999999984,31.816666666666663,55.583333333333336,10.433333333333334,31.804166666666664,57.375,9.491666666666667,31.0,59.625,6.358333333333333,31.80972222222222,56.12500000000001,9.745833333333335,30.81369047619047,62.125,8.078571428571427,987.4833333333332,-1.966666666666811,0,-0.755817703414793,-0.6547821005531442,-0.3885871649014631,1.0,114,4,0.8660254037844387,-0.4999999999999998,Good,Very Good,Very Good
2025-04-25,15.4,31.554166666666664,59.29166666666666,987.4458333333332,8.320833333333333,211.2492223026509,Good,16.1,20.5,22.2,17.33333333333332,17.84285714285714,-6.799999999999999,31.808333333333334,55.41666666666666,9.3125,31.816666666666663,55.583333333333336,10.433333333333334,31.804166666666664,57.375,9.491666666666667,31.726388888888888,56.76388888888889,9.355555555555556,31.12619047619048,60.34523809523809,8.227380952380951,987.0708333333332,-1.5625,0,-0.5187616540696226,-0.8549189121004104,-0.126406132162885,1.0,115,4,0.8660254037844387,-0.4999999999999998,Very Good,Very Good,Very Good
2025-05-07,13.3,30.9125,63.625,985.3333333333334,8.229166666666666,210.89643372549213,Very Good,15.4,16.1,20.5,14.93333333333332,17.585714285714285,-7.199999999999999,31.554166666666664,59.29166666666666,8.320833333333333,31.808333333333334,55.41666666666666,9.3125,31.816666666666663,55.583333333333336,10.433333333333334,31.425,59.44444444444445,8.620833333333335,31.280357142857135,59.69642857142856,8.411309523809523,987.4458333333332,-2.149999999999864,0,-0.5134878423302557,-0.85809686852885,-0.142894981949102,1.0,127,5,0.4999999999999999,-0.8660254037844387,Very Good,Very Good,Very Good
2025-05-08,10.8,31.116666666666664,62.333333333333336,985.4166666666666,8.429166666666667,207.52059303133984,Very Good,13.3,15.4,16.1,13.166666666666655,16.614285714285714,-5.300000000000001,30.9125,63.625,8.229166666666666,31.554166666666664,59.29166666666666,8.320833333333333,31.808333333333334,55.41666666666666,9.3125,31.194444444444443,61.75,8.326388888888891,31.43035714285714,59.035714285714285,8.653571428571428,985.3333333333334,-1.6541666666665833,0,-0.4620673894667101,-0.8868448159579102,-0.1394092857728081,0.0,128,5,0.4999999999999999,-0.8660254037844387,Very Good,Very Good,Very Good
2025-05-09,14.7,30.72083333333333,66.16666666666667,985.6291666666666,5.758333333333333,236.45774898817592,Very Good,10.8,13.3,15.4,12.93333333333332,16.142857142857146,-0.7000000000000011,31.116666666666664,62.333333333333336,8.429166666666667,30.9125,63.625,8.229166666666666,31.554166666666664,59.29166666666666,8.320833333333333,30.916666666666668,64.04166666666667,7.472222222222224,31.39047619047619,59.97023809523809,8.567857142857141,985.4166666666666,-1.816666666666606,0,-0.8334785864078192,-0.5525517586612347,-0.0012900788037993,0.0,129,5,0.4999999999999999,-0.8660254037844387,Very Good,Very Good,Very Good
2025-05-10,14.9,28.5,73.91666666666667,986.4916666666668,5.4,186.46210001883452,Very Good,14.7,10.8,13.3,13.466666666666654,15.1,1.5999999999999996,30.72083333333333,66.16666666666667,5.758333333333333,31.116666666666664,62.333333333333336,8.429166666666667,30.9125,63.625,8.229166666666666,30.1125,67.47222222222223,6.529166666666669,30.91845238095238,62.33333333333333,7.983333333333333,985.6291666666666,1.1583333333334167,0,-0.1125459616771567,-0.993646519900394,0.4590202386965779,0.0,130,5,0.4999999999999999,-0.8660254037844387,Very Good,Very Good,Very Good
2025-05-11,10.6,28.879166666666663,68.20833333333333,985.8125,5.275,129.2015014385231,Very Good,14.9,14.7,10.8,13.399999999999986,13.685714285714289,-0.200000000000001,28.5,73.91666666666667,5.4,30.72083333333333,66.16666666666667,5.758333333333333,31.116666666666664,62.333333333333336,8.429166666666667,29.366666666666664,69.43055555555557,5.477777777777779,30.498809523809523,64.13690476190477,7.246428571428572,986.4916666666668,0.3958333333333712,0,0.7749279260813144,-0.6320496099036158,0.4755827554837277,0.0,131,5,0.4999999999999999,-0.8660254037844387,Very Good,Very Good,Very Good
2025-05-12,11.3,27.84166666666667,72.20833333333333,986.3583333333332,10.879166666666668,91.19068226156652,Very Good,10.6,14.9,14.7,12.266666666666652,13.0,-3.3999999999999986,28.879166666666663,68.20833333333333,5.275,28.5,73.91666666666667,5.4,30.72083333333333,66.16666666666667,5.758333333333333,28.406944444444445,71.44444444444446,7.1847222222222245,29.932142857142857,66.53571428571429,7.470238095238096,985.8125,0.7291666666666288,0,0.999784076019776,-0.0207798300590351,0.4553138434554857,0.0,132,5,0.4999999999999999,-0.8660254037844387,Very Good,Very Good,Very Good
2025-05-13,10.3,26.916666666666668,81.5,987.2333333333332,6.3500000000000005,143.3727928710697,Very Good,11.3,10.6,14.9,10.73333333333332,12.271428571428572,-4.6,27.84166666666667,72.20833333333333,10.879166666666668,28.879166666666663,68.20833333333333,5.275,28.5,73.91666666666667,5.4,27.879166666666663,73.97222222222223,7.501388888888891,29.269642857142856,69.70833333333334,7.1886904761904775,986.3583333333332,0.7416666666664469,0,0.5966060288042058,-0.8025342649348222,0.2838419099738358,0.0,133,5,0.4999999999999999,-0.8660254037844387,Very Good,Very Good,Very Good
2025-05-14,8.92,28.4875,76.58333333333333,988.1583333333332,5.533333333333334,173.4045127103807,Very Good,10.3,11.3,10.6,10.17333333333332,11.645714285714286,-1.6799999999999995,26.916666666666668,81.5,6.3500000000000005,27.84166666666667,72.20833333333333,10.879166666666668,28.879166666666663,68.20833333333333,5.275,27.748611111111117,76.7638888888889,7.587500000000002,28.923214285714288,71.55952380952381,6.803571428571429,987.2333333333332,2.3458333333331893,0,0.1148589104540602,-0.9933818151593606,0.160306271741186,0.0,134,5,0.4999999999999999,-0.8660254037844387,Very Good,Very Good,Good
2025-05-15,9.54,28.5375,75.16666666666667,988.9208333333332,5.4125000000000005,126.12852929390829,Very Good,8.92,10.3,11.3,9.586666666666654,11.465714285714284,-1.7600000000000016,28.4875,76.58333333333333,5.533333333333334,26.916666666666668,81.5,6.3500000000000005,27.84166666666667,72.20833333333333,10.879166666666668,27.980555555555554,77.75000000000001,5.765277777777779,28.554761904761904,73.39285714285714,6.3726190476190485,988.1583333333332,2.5625,0,0.8076964051377251,-0.5895986067890561,0.245604360903299,0.0,135,5,0.4999999999999999,-0.8660254037844387,Very Good,Good,Good
2025-05-16,13.5,28.629166666666663,75.75,988.5416666666666,4.683333333333334,176.42497156718275,Very Good,9.54,8.92,10.3,10.65333333333332,11.294285714285715,3.1999999999999997,28.5375,75.16666666666667,5.4125000000000005,28.4875,76.58333333333333,5.533333333333334,26.916666666666668,81.5,6.3500000000000005,28.55138888888889,75.83333333333336,5.209722222222223,28.25595238095238,74.76190476190477,6.21904761904762,988.9208333333332,1.308333333333394,0,0.0623555375356566,-0.9980540000113416,0.0927682902604486,0.0,136,5,0.4999999999999999,-0.8660254037844387,Good,Good,Good
2025-05-17,19.7,28.433333333333334,78.29166666666667,988.4041666666668,3.804166666666666,90.48199074464452,Good,13.5,9.54,8.92,14.246666666666654,11.98,10.78,28.629166666666663,75.75,4.683333333333334,28.5375,75.16666666666667,5.4125000000000005,28.4875,76.58333333333333,5.533333333333334,28.53333333333333,76.40277777777779,4.633333333333335,28.24642857142857,75.38690476190477,5.991071428571429,988.5416666666666,0.2458333333336213,0,0.9999646165988588,-0.0084122262390565,0.4467052913039163,0.0,137,5,0.4999999999999999,-0.8660254037844387,Good,Good,Moderate
2025-05-18,17.6,28.2,79.16666666666667,988.0583333333334,4.166666666666667,177.28179291582364,Good,19.7,13.5,9.54,16.93333333333332,12.98,8.060000000000002,28.433333333333334,78.29166666666667,3.804166666666666,28.629166666666663,75.75,4.683333333333334,28.5375,75.16666666666667,5.4125000000000005,28.42083333333333,77.73611111111113,4.218055555555557,28.14940476190476,76.95238095238095,5.832738095238095,988.4041666666668,-0.8624999999998408,0,0.0474238691235679,-0.9988748553434262,0.5064256065687309,1.0,138,5,0.4999999999999999,-0.8660254037844387,Good,Moderate,Good
2025-05-19,18.3,28.675,78.20833333333333,987.175,5.841666666666666,231.96709134718057,Good,17.6,19.7,13.5,18.53333333333332,13.98,4.800000000000001,28.2,79.16666666666667,4.166666666666667,28.433333333333334,78.29166666666667,3.804166666666666,28.629166666666663,75.75,4.683333333333334,28.436111111111117,78.55555555555556,4.604166666666667,28.26845238095238,77.80952380952381,5.113095238095238,988.0583333333334,-1.3666666666666742,0,-0.7876570096465411,-0.6161139790287741,0.3109279716362038,1.0,139,5,0.4999999999999999,-0.8660254037844387,Moderate,Good,Good
2025-05-20,27.3,28.29583333333333,81.79166666666667,986.875,4.079166666666667,165.56886728058433,Moderate,18.3,17.6,19.7,21.06666666666665,16.408571428571427,7.600000000000001,28.675,78.20833333333333,5.841666666666666,28.2,79.16666666666667,4.166666666666667,28.433333333333334,78.29166666666667,3.804166666666666,28.39027777777777,79.72222222222223,4.695833333333334,28.46547619047619,77.85119047619048,4.788690476190476,987.175,-1.529166666666811,0,0.2492161479657839,-0.9684478879078092,0.3029471677347767,1.0,140,5,0.4999999999999999,-0.8660254037844387,Good,Good,Very Good
2025-05-21,17.6,28.016666666666666,82.04166666666667,987.0041666666666,5.2125,227.29081445234064,Good,27.3,18.3,17.6,21.066666666666656,17.64857142857143,0.0,28.29583333333333,81.79166666666667,4.079166666666667,28.675,78.20833333333333,5.841666666666666,28.2,79.16666666666667,4.166666666666667,28.329166666666666,80.68055555555556,5.044444444444445,28.398214285714285,78.6309523809524,4.742857142857143,986.875,-1.054166666666788,0,-0.7348058644700487,-0.6782774812275758,0.2858449155175813,2.0,141,5,0.4999999999999999,-0.8660254037844387,Good,Very Good,Good
2025-05-22,16.4,28.55,75.41666666666667,985.4458333333332,5.695833333333333,219.2751635089464,Good,17.6,27.3,18.3,20.43333333333332,18.62857142857143,-1.900000000000002,28.016666666666666,82.04166666666667,5.2125,28.29583333333333,81.79166666666667,4.079166666666667,28.675,78.20833333333333,5.841666666666666,28.2875,79.75000000000001,4.995833333333335,28.4,78.66666666666666,4.783333333333333,987.0041666666666,-1.7291666666667425,0,-0.633045370003733,-0.7741146940323745,0.12678687969665,1.0,142,5,0.4999999999999999,-0.8660254037844387,Very Good,Good,Very Good
2025-05-23,15.0,29.0125,77.04166666666667,983.5791666666668,6.733333333333333,222.96593175771912,Very Good,16.4,17.6,27.3,16.333333333333318,18.842857142857145,-12.3,28.55,75.41666666666667,5.695833333333333,28.016666666666666,82.04166666666667,5.2125,28.29583333333333,81.79166666666667,4.079166666666667,28.52638888888889,78.16666666666667,5.880555555555556,28.454761904761902,78.85119047619048,5.076190476190476,985.4458333333332,-3.295833333333235,0,-0.6815633744232329,-0.7317590905788709,-0.2992564257789787,1.0,143,5,0.4999999999999999,-0.8660254037844387,Good,Very Good,Very Good
2025-05-24,16.1,27.991666666666664,81.79166666666667,985.0916666666668,6.104166666666667,104.75769251096028,Good,15.0,16.4,17.6,15.83333333333332,18.32857142857143,-1.5,29.0125,77.04166666666667,6.733333333333333,28.55,75.41666666666667,5.695833333333333,28.016666666666666,82.04166666666667,5.2125,28.518055555555552,78.08333333333336,6.177777777777778,28.391666666666666,79.35119047619048,5.404761904761905,983.5791666666668,-1.9124999999997956,0,0.9670117474313006,-0.2547317811539473,-0.0537043003617867,0.0,144,5,0.4999999999999999,-0.8660254037844387,Very Good,Very Good,Very Good
2025-05-25,14.2,26.71666666666667,85.29166666666667,986.925,9.095833333333331,120.67279459142452,Very Good,16.1,15.0,16.4,15.099999999999987,17.842857142857145,-2.1999999999999997,27.991666666666664,81.79166666666667,6.104166666666667,29.0125,77.04166666666667,6.733333333333333,28.55,75.41666666666667,5.695833333333333,27.906944444444445,81.37500000000001,7.311111111111111,28.179761904761904,80.22619047619048,6.108928571428572,985.0916666666668,1.4791666666667425,0,0.8600945926645364,-0.5101345819185612,0.3171204722508538,1.0,145,5,0.4999999999999999,-0.8660254037844387,Very Good,Very Good,Very Good
2025-05-26,7.95,26.85,83.75,987.6083333333332,10.35,118.97264818881482,Very Good,14.2,16.1,15.0,12.749999999999988,16.364285714285714,-7.05,26.71666666666667,85.29166666666667,9.095833333333331,27.991666666666664,81.79166666666667,6.104166666666667,29.0125,77.04166666666667,6.733333333333333,27.186111111111117,83.61111111111113,8.516666666666666,27.91904761904762,81.01785714285714,6.75297619047619,986.925,4.02916666666647,0,0.874851045481719,-0.4843920397978721,0.3108727062189637,0.0,146,5,0.4999999999999999,-0.8660254037844387,Very Good,Very Good,Very Good
2025-05-27,7.81,27.245833333333334,84.375,986.8708333333334,6.2875000000000005,134.7748375646397,Very Good,7.95,14.2,16.1,9.986666666666652,13.58,-8.290000000000003,26.85,83.75,10.35,26.71666666666667,85.29166666666667,9.095833333333331,27.991666666666664,81.79166666666667,6.104166666666667,26.9375,84.47222222222223,8.577777777777778,27.76904761904762,81.38690476190477,7.0684523809523805,987.6083333333332,1.7791666666665833,0,0.7098801204349312,-0.7043225217265792,-0.0133705213863403,0.0,147,5,0.4999999999999999,-0.8660254037844387,Very Good,Very Good,Very Good
2025-05-28,12.1,28.683333333333334,77.04166666666667,985.8375,5.145833333333333,203.9347637583476,Very Good,7.81,7.95,14.2,9.286666666666653,12.794285714285715,-2.1,27.245833333333334,84.375,6.2875000000000005,26.85,83.75,10.35,26.71666666666667,85.29166666666667,9.095833333333331,27.593055555555555,81.72222222222223,7.261111111111113,27.86428571428571,80.67261904761905,7.058928571428572,986.8708333333334,-1.0874999999999773,0,-0.4056962284853541,-0.9140079705302132,-0.4412448895274637,0.0,148,5,0.4999999999999999,-0.8660254037844387,Very Good,Very Good,Very Good
2025-05-29,12.4,29.066666666666663,75.25,986.4166666666666,8.3375,223.4116574767569,Very Good,12.1,7.81,7.95,10.769999999999987,12.222857142857142,4.45,28.683333333333334,77.04166666666667,5.145833333333333,27.245833333333334,84.375,6.2875000000000005,26.85,83.75,10.35,28.33194444444444,78.8888888888889,6.590277777777779,27.93809523809524,80.64880952380952,7.436309523809524,985.8375,-1.191666666666606,0,-0.6872353264466857,-0.7264348601792987,-0.3543381456213598,0.0,149,5,0.4999999999999999,-0.8660254037844387,Very Good,Very Good,Very Good
2025-05-30,11.9,28.2,77.58333333333333,987.65,10.708333333333334,202.8713913076692,Very Good,12.4,12.1,7.81,12.13333333333332,11.78,4.090000000000001,29.066666666666663,75.25,8.3375,28.683333333333334,77.04166666666667,5.145833333333333,27.245833333333334,84.375,6.2875000000000005,28.649999999999995,76.62500000000001,8.06388888888889,27.82202380952381,80.72619047619048,8.004166666666666,986.4166666666666,0.7791666666665833,0,-0.3886639391542278,-0.9213795864903448,-0.1740527771097117,0.0,150,5,0.4999999999999999,-0.8660254037844387,Very Good,Very Good,Very Good
2025-05-31,11.7,28.25,77.08333333333333,988.3166666666666,10.641666666666667,207.36800827445668,Very Good,11.9,12.4,12.1,11.999999999999986,11.151428571428571,-0.4000000000000003,28.2,77.58333333333333,10.708333333333334,29.066666666666663,75.25,8.3375,28.683333333333334,77.04166666666667,5.145833333333333,28.50555555555555,76.6388888888889,9.895833333333334,27.85892857142857,80.05357142857143,8.652380952380952,987.65,2.4791666666666288,0,-0.4597039916354178,-0.8880722043136265,-0.0671338304881321,0.0,151,5,0.4999999999999999,-0.8660254037844387,Very Good,Very Good,Very Good
2025-06-01,11.1,28.52916666666667,70.75,987.6666666666666,13.816666666666668,226.63744951660988,Very Good,11.7,11.9,12.4,11.566666666666654,10.708571428571428,-1.3000000000000007,28.25,77.08333333333333,10.641666666666667,28.2,77.58333333333333,10.708333333333334,29.066666666666663,75.25,8.3375,28.32638888888889,75.1388888888889,11.722222222222223,28.117857142857144,77.97619047619048,9.326785714285714,988.3166666666666,1.25,0,-0.7270236080674465,-0.6866124622467844,-0.3115374472833682,0.0,152,6,1.2246467991473532e-16,-1.0,Very Good,Very Good,Good
2025-06-02,11.9,29.15833333333333,69.66666666666667,986.4791666666666,13.0125,225.75226104839004,Very Good,11.1,11.7,11.9,11.566666666666654,11.272857142857143,0.0,28.52916666666667,70.75,13.816666666666668,28.25,77.08333333333333,10.641666666666667,28.2,77.58333333333333,10.708333333333334,28.64583333333333,72.50000000000001,12.49027777777778,28.44761904761905,75.96428571428571,9.707142857142856,987.6666666666666,-1.1708333333333485,0,-0.7163294795896564,-0.6977621920617454,-0.7706536300103006,0.0,153,6,1.2246467991473532e-16,-1.0,Very Good,Good,Good
2025-06-03,12.5,29.1,70.0,986.1125,13.3875,240.47157575741835,Very Good,11.9,11.1,11.7,11.83333333333332,11.94285714285714,0.8000000000000007,29.15833333333333,69.66666666666667,13.0125,28.52916666666667,70.75,13.816666666666668,28.25,77.08333333333333,10.641666666666667,28.929166666666664,70.1388888888889,13.405555555555557,28.7125,73.91071428571429,10.721428571428572,986.4791666666666,-2.2041666666666515,0,-0.870111299183504,-0.4928552800094514,-0.8874933077405606,0.0,154,6,1.2246467991473532e-16,-1.0,Good,Good,Good
2025-06-04,20.5,29.229166666666668,68.41666666666667,986.2208333333332,9.575,244.6841890150708,Good,12.5,11.9,11.1,14.966666666666654,13.142857142857142,9.4,29.1,70.0,13.3875,29.15833333333333,69.66666666666667,13.0125,28.52916666666667,70.75,13.816666666666668,29.1625,69.36111111111113,11.991666666666667,28.79047619047619,72.67857142857143,11.354166666666666,986.1125,-1.4458333333334394,0,-0.9039645842362644,-0.4276073320776407,-0.6975521382020536,0.0,155,6,1.2246467991473532e-16,-1.0,Good,Good,Good
2025-06-05,21.8,30.141666666666666,63.54166666666666,986.4083333333332,8.991666666666667,249.2374635407358,Good,20.5,12.5,11.9,18.26666666666665,14.485714285714284,9.9,29.229166666666668,68.41666666666667,9.575,29.1,70.0,13.3875,29.15833333333333,69.66666666666667,13.0125,29.490277777777777,67.31944444444446,10.651388888888889,28.94404761904762,71.00595238095238,11.447619047619048,986.2208333333332,-0.0708333333334394,0,-0.9350576675405036,-0.3544956394283476,-0.5825791920794879,1.0,156,6,1.2246467991473532e-16,-1.0,Good,Good,Good
2025-06-06,21.8,30.375,65.70833333333333,986.2375,8.875,234.6437607171237,Good,21.8,20.5,12.5,21.366666666666656,15.900000000000002,9.3,30.141666666666666,63.54166666666666,8.991666666666667,29.229166666666668,68.41666666666667,9.575,29.1,70.0,13.3875,29.915277777777774,65.8888888888889,9.147222222222224,29.254761904761903,69.30952380952381,11.185714285714289,986.4083333333332,0.125,0,-0.8155699947043971,-0.5786584344307699,-0.486744449174721,1.0,157,6,1.2246467991473532e-16,-1.0,Good,Good,Very Good
2025-06-07,21.1,30.825,62.708333333333336,985.4833333333332,9.516666666666667,231.05286479954944,Good,21.8,21.8,20.5,21.56666666666665,17.242857142857144,0.6000000000000014,30.375,65.70833333333333,8.875,30.141666666666666,63.54166666666666,8.991666666666667,29.229166666666668,68.41666666666667,9.575,30.447222222222223,63.98611111111112,9.127777777777778,29.622619047619047,67.25595238095238,11.025,986.2375,-0.7374999999999545,0,-0.7777262823577867,-0.6286030780468197,-0.6146872916777365,1.0,158,6,1.2246467991473532e-16,-1.0,Good,Very Good,Very Good
2025-06-08,18.2,30.6375,63.958333333333336,984.7541666666666,9.404166666666669,212.7895557031778,Good,21.1,21.8,21.8,20.366666666666656,18.25714285714286,-3.6000000000000014,30.825,62.708333333333336,9.516666666666667,30.375,65.70833333333333,8.875,30.141666666666666,63.54166666666666,8.991666666666667,30.6125,64.125,9.26527777777778,29.923809523809524,66.28571428571429,10.394642857142856,985.4833333333332,-1.6541666666665833,0,-0.5415549766100167,-0.8406653360933376,-0.5118419140820455,1.0,159,6,1.2246467991473532e-16,-1.0,Very Good,Very Good,Good
2025-06-09,14.2,29.67083333333333,70.54166666666667,984.0833333333334,8.979166666666666,232.48456107709603,Very Good,18.2,21.1,21.8,17.833333333333318,18.585714285714285,-7.600000000000001,30.6375,63.958333333333336,9.404166666666669,30.825,62.708333333333336,9.516666666666667,30.375,65.70833333333333,8.875,30.377777777777776,65.73611111111113,9.300000000000002,29.997023809523807,66.41071428571429,9.81845238095238,984.7541666666666,-2.1541666666665837,0,-0.7931892746134662,-0.6089751839263758,-0.3748105708485956,1.0,160,6,1.2246467991473532e-16,-1.0,Very Good,Good,Good
2025-06-10,13.4,29.20833333333333,72.25,983.7583333333332,8.429166666666665,246.9346373945738,Very Good,14.2,18.2,21.1,15.266666666666652,18.714285714285715,-7.700000000000001,29.67083333333333,70.54166666666667,8.979166666666666,30.6375,63.958333333333336,9.404166666666669,30.825,62.708333333333336,9.516666666666667,29.838888888888885,68.91666666666667,8.937500000000002,30.0125,66.73214285714286,9.110119047619047,984.0833333333334,-1.7250000000000227,0,-0.9200585113647866,-0.391780979202938,-0.2101142752125081,0.0,161,6,1.2246467991473532e-16,-1.0,Good,Good,Very Good
2025-06-11,15.3,27.316666666666663,81.375,983.975,9.1125,262.008349796638,Good,13.4,14.2,18.2,14.299999999999988,17.97142857142857,-2.8999999999999986,29.20833333333333,72.25,8.429166666666665,29.67083333333333,70.54166666666667,8.979166666666666,30.6375,63.958333333333336,9.404166666666669,28.73194444444444,74.72222222222223,8.840277777777777,29.73928571428572,68.58333333333333,9.04404761904762,983.7583333333332,-0.7791666666665833,0,-0.9902883401228716,-0.1390287862879036,0.1161302062228673,0.0,162,6,1.2246467991473532e-16,-1.0,Good,Very Good,Very Good
2025-06-12,18.9,28.6375,69.875,983.575,13.320833333333333,260.28695932014864,Good,15.3,13.4,14.2,15.866666666666656,17.557142857142857,4.699999999999999,27.316666666666663,81.375,9.1125,29.20833333333333,72.25,8.429166666666665,29.67083333333333,70.54166666666667,8.979166666666666,28.3875,74.50000000000001,10.2875,29.52440476190476,69.48809523809524,9.6625,983.975,-0.5083333333333258,0,-0.9856650949033924,-0.1687137240685728,-0.4753743560638243,1.0,163,6,1.2246467991473532e-16,-1.0,Very Good,Very Good,Very Good
2025-06-13,13.9,28.42083333333333,69.5,984.6416666666668,15.954166666666666,244.91296806698267,Very Good,18.9,15.3,13.4,16.03333333333332,16.428571428571427,0.5,28.6375,69.875,13.320833333333333,27.316666666666663,81.375,9.1125,29.20833333333333,72.25,8.429166666666665,28.125,73.58333333333334,12.795833333333334,29.24523809523809,70.02976190476191,10.673809523809524,983.575,0.8833333333335531,0,-0.9056647871894192,-0.4239944495452084,-0.6842292437815818,1.0,164,6,1.2246467991473532e-16,-1.0,Very Good,Very Good,Very Good
2025-06-14,9.24,28.383333333333336,71.75,985.9625,15.0625,226.02771912415827,Very Good,13.9,18.9,15.3,14.01333333333332,14.734285714285717,-6.0600000000000005,28.42083333333333,69.5,15.954166666666666,28.6375,69.875,13.320833333333333,27.316666666666663,81.375,9.1125,28.480555555555554,70.37500000000001,14.779166666666669,28.89642857142857,71.32142857142857,11.466071428571428,984.6416666666668,1.9874999999999543,0,-0.7196757849045853,-0.6943102797899288,-1.088702591267123,0.0,165,6,1.2246467991473532e-16,-1.0,Very Good,Very Good,Very Good
2025-06-15,8.72,28.83333333333333,70.54166666666667,986.3875,15.0,234.21607578660783,Very Good,9.24,13.9,18.9,10.619999999999989,13.38,-10.179999999999998,28.383333333333336,71.75,15.0625,28.42083333333333,69.5,15.954166666666666,28.6375,69.875,13.320833333333333,28.54583333333333,70.59722222222223,15.338888888888889,28.638690476190472,72.26190476190477,12.26547619047619,985.9625,2.8125,0,-0.8112279117999067,-0.5847300874050888,-0.9569620764117266,0.0,166,6,1.2246467991473532e-16,-1.0,Very Good,Very Good,Very Good
2025-06-16,8.66,29.2625,65.25,986.9208333333332,12.970833333333331,251.94223088890027,Very Good,8.72,9.24,13.9,8.87333333333332,12.588571428571427,-5.24,28.83333333333333,70.54166666666667,15.0,28.383333333333336,71.75,15.0625,28.42083333333333,69.5,15.954166666666666,28.82638888888889,69.18055555555556,14.344444444444443,28.580357142857142,71.50595238095238,12.835714285714284,986.3875,2.2791666666664696,0,-0.9507444630864968,-0.3099757505198895,-0.9078486543492534,0.0,167,6,1.2246467991473532e-16,-1.0,Very Good,Very Good,Very Good
2025-06-17,10.7,29.804166666666664,64.33333333333333,987.4333333333334,11.308333333333332,255.3045656808123,Very Good,8.66,8.72,9.24,9.359999999999989,12.202857142857145,1.459999999999999,29.2625,65.25,12.970833333333331,28.83333333333333,70.54166666666667,15.0,28.383333333333336,71.75,15.0625,29.3,66.70833333333334,13.093055555555551,28.66547619047619,70.375,13.247023809523808,986.9208333333332,1.4708333333334167,0,-0.9672879707017124,-0.253680865923631,-0.8214241358786233,0.0,168,6,1.2246467991473532e-16,-1.0,Very Good,Very Good,Very Good
2025-06-18,11.1,30.25,64.66666666666667,987.0041666666666,10.258333333333333,253.55653589948923,Very Good,10.7,8.66,8.72,10.15333333333332,11.602857142857143,2.379999999999999,29.804166666666664,64.33333333333333,11.308333333333332,29.2625,65.25,12.970833333333331,28.83333333333333,70.54166666666667,15.0,29.772222222222226,64.75000000000001,11.512499999999998,29.084523809523805,67.98809523809524,13.410714285714286,987.4333333333334,0.6166666666665606,0,-0.9590995166620494,-0.2830691031155169,-0.691797193597956,0.0,169,6,1.2246467991473532e-16,-1.0,Very Good,Very Good,Very Good
2025-06-19,10.7,30.191666666666663,61.958333333333336,986.8125,12.254166666666668,251.34874244411188,Very Good,11.1,10.7,8.66,10.83333333333332,10.43142857142857,2.039999999999999,30.25,64.66666666666667,10.258333333333333,29.804166666666664,64.33333333333333,11.308333333333332,29.2625,65.25,12.970833333333331,30.08194444444444,63.65277777777779,11.27361111111111,29.306547619047617,66.85714285714286,13.258333333333333,987.0041666666666,-0.1083333333332348,0,-0.9474826856008666,-0.319807067599466,-0.6006901790800973,0.0,170,6,1.2246467991473532e-16,-1.0,Very Good,Very Good,Very Good
2025-06-20,11.0,29.633333333333336,66.25,986.2416666666668,10.066666666666666,255.0590305782269,Very Good,10.7,11.1,10.7,10.933333333333318,10.017142857142858,0.3000000000000007,30.191666666666663,61.958333333333336,12.254166666666668,30.25,64.66666666666667,10.258333333333333,29.804166666666664,64.33333333333333,11.308333333333332,30.025,64.29166666666667,10.859722222222222,29.479761904761908,66.39285714285714,12.417261904761904,986.8125,-1.191666666666606,0,-0.9661919691450722,-0.2578237358343249,-0.4223809107590807,0.0,171,6,1.2246467991473532e-16,-1.0,Very Good,Very Good,Very Good
2025-06-21,11.3,29.89583333333333,66.125,985.4,11.2875,230.64817364030372,Very Good,11.0,10.7,11.1,10.999999999999986,10.311428571428571,0.200000000000001,29.633333333333336,66.25,10.066666666666666,30.191666666666663,61.958333333333336,12.254166666666668,30.25,64.66666666666667,10.258333333333333,29.906944444444445,64.77777777777779,11.202777777777778,29.69583333333333,65.58928571428571,11.87797619047619,986.2416666666668,-1.6041666666666288,0,-0.7732669745043484,-0.634080583317997,-0.5112401993402123,0.0,172,6,1.2246467991473532e-16,-1.0,Very Good,Very Good,Very Good
2025-06-22,12.1,28.120833333333334,77.125,985.5875,9.895833333333334,199.7161981313208,Very Good,11.3,11.0,10.7,11.466666666666654,10.794285714285715,1.4000000000000004,29.89583333333333,66.125,11.2875,29.633333333333336,66.25,10.066666666666666,30.191666666666663,61.958333333333336,12.254166666666668,29.21666666666667,69.83333333333334,10.416666666666666,29.59404761904762,66.5297619047619,11.148809523809522,985.4,-1.2250000000000227,0,-0.3373614087678613,-0.9413752067449854,-0.1110237832465056,0.0,173,6,1.2246467991473532e-16,-1.0,Very Good,Very Good,Very Good
2025-06-23,10.7,28.15416666666667,74.58333333333333,985.4708333333332,10.316666666666666,211.9821855233613,Very Good,12.1,11.3,11.0,11.366666666666651,11.085714285714287,-0.3000000000000007,28.120833333333334,77.125,9.895833333333334,29.89583333333333,66.125,11.2875,29.633333333333336,66.25,10.066666666666666,28.72361111111111,72.61111111111113,10.500000000000002,29.435714285714283,67.86309523809523,10.769642857142856,985.5875,-0.7708333333335986,0,-0.5296555624306064,-0.8482128183341242,-0.2337705389028821,0.0,174,6,1.2246467991473532e-16,-1.0,Very Good,Very Good,Good
2025-06-24,11.2,28.766666666666666,69.5,985.5416666666666,10.675,218.99116343096605,Very Good,10.7,12.1,11.3,11.33333333333332,11.157142857142857,-0.1000000000000014,28.15416666666667,74.58333333333333,10.316666666666666,28.120833333333334,77.125,9.895833333333334,29.89583333333333,66.125,11.2875,28.347222222222225,73.73611111111113,10.295833333333334,29.2875,68.60119047619047,10.679166666666667,985.4708333333332,0.1416666666666515,0,-0.6292005265013427,-0.777243010551033,-0.2650534201592691,0.0,175,6,1.2246467991473532e-16,-1.0,Very Good,Good,Very Good
2025-06-25,13.7,28.20833333333333,75.83333333333333,986.4166666666666,8.716666666666667,236.9775953574768,Very Good,11.2,10.7,12.1,11.866666666666651,11.528571428571428,1.5999999999999996,28.766666666666666,69.5,10.675,28.15416666666667,74.58333333333333,10.316666666666666,28.120833333333334,77.125,9.895833333333334,28.376388888888886,73.30555555555556,9.90277777777778,28.995833333333334,70.19642857142857,10.458928571428572,985.5416666666666,0.8291666666666515,0,-0.8384575310259422,-0.5449669427276128,-0.3458959808870669,0.0,176,6,1.2246467991473532e-16,-1.0,Good,Very Good,Very Good
2025-06-26,15.7,28.391666666666666,74.79166666666667,986.5,11.545833333333334,242.3560575486449,Good,13.7,11.2,10.7,13.53333333333332,12.242857142857144,5.0,28.20833333333333,75.83333333333333,8.716666666666667,28.766666666666666,69.5,10.675,28.15416666666667,74.58333333333333,10.316666666666666,28.455555555555552,73.37500000000001,10.312500000000002,28.738690476190477,72.0297619047619,10.357738095238094,986.4166666666666,1.029166666666811,0,-0.8858479981614693,-0.4639755641769482,-0.4079759742156087,0.0,177,6,1.2246467991473532e-16,-1.0,Very Good,Very Good,Very Good
2025-06-27,12.6,26.329166666666666,83.04166666666667,985.8916666666668,11.575,241.74092824895288,Very Good,15.7,13.7,11.2,13.999999999999986,12.471428571428572,1.4000000000000004,28.391666666666666,74.79166666666667,11.545833333333334,28.20833333333333,75.83333333333333,8.716666666666667,28.766666666666666,69.5,10.675,27.643055555555552,77.8888888888889,10.6125,28.266666666666666,74.42857142857143,10.573214285714286,986.5,0.3500000000001364,0,-0.8808157855502737,-0.4734591343774604,-0.0388388062719334,1.0,178,6,1.2246467991473532e-16,-1.0,Very Good,Very Good,Very Good
2025-06-28,10.4,26.425,77.125,985.5541666666668,14.675,241.8853390276576,Very Good,12.6,15.7,13.7,12.899999999999986,12.342857142857143,-3.299999999999999,26.329166666666666,83.04166666666667,11.575,28.391666666666666,74.79166666666667,11.545833333333334,28.20833333333333,75.83333333333333,8.716666666666667,27.04861111111111,78.31944444444446,12.598611111111111,27.77083333333333,76.0,11.05714285714286,985.8916666666668,-0.8624999999998408,0,-0.8820063135653137,-0.4712375863945124,-0.4005679424860247,0.0,179,6,1.2246467991473532e-16,-1.0,Very Good,Very Good,Very Good
2025-06-29,10.6,27.8625,70.29166666666667,984.5541666666668,15.808333333333335,247.09070894656708,Very Good,10.4,12.6,15.7,11.199999999999989,12.128571428571428,-5.1,26.425,77.125,14.675,26.329166666666666,83.04166666666667,11.575,28.391666666666666,74.79166666666667,11.545833333333334,26.87222222222222,76.81944444444446,14.019444444444446,27.73392857142857,75.02380952380952,11.901785714285714,985.5541666666668,-1.945833333333212,0,-0.921122293319557,-0.3892733239636644,-0.8701807517042015,0.0,180,6,1.2246467991473532e-16,-1.0,Very Good,Very Good,Very Good
2025-06-30,11.0,27.27916666666667,76.25,984.425,13.6875,239.1370176360847,Very Good,10.6,10.4,12.6,10.666666666666654,12.171428571428567,-1.5999999999999996,27.8625,70.29166666666667,15.808333333333335,26.425,77.125,14.675,26.329166666666666,83.04166666666667,11.575,27.188888888888886,74.55555555555556,14.723611111111111,27.60892857142857,75.26190476190477,12.383333333333336,984.5541666666668,-1.466666666666811,0,-0.8583965151569425,-0.5129867666581829,-1.2147284883755756,0.0,181,6,1.2246467991473532e-16,-1.0,Very Good,Very Good,Very Good
2025-07-01,12.2,28.054166666666664,71.95833333333333,985.275,11.3875,248.1965365152972,Very Good,11.0,10.6,10.4,11.266666666666652,12.314285714285717,1.799999999999999,27.27916666666667,76.25,13.6875,27.8625,70.29166666666667,15.808333333333335,26.425,77.125,14.675,27.73194444444444,72.83333333333334,13.62777777777778,27.50714285714286,75.61309523809526,12.48511904761905,984.425,-0.2791666666668106,0,-0.9284633762916404,-0.3714239611079607,-1.1290300553592432,0.0,182,7,-0.4999999999999997,-0.8660254037844388,Very Good,Very Good,Very Good
2025-08-25,14.3,27.21666666666667,80.16666666666667,983.6208333333334,11.670833333333334,256.42370147190525,Very Good,12.2,11.0,10.6,12.499999999999986,12.4,3.700000000000001,28.054166666666664,71.95833333333333,11.3875,27.27916666666667,76.25,13.6875,27.8625,70.29166666666667,15.808333333333335,27.51666666666667,76.12500000000001,12.248611111111112,27.36547619047619,76.23214285714286,12.907142857142858,985.275,-0.933333333333394,0,-0.9720581883513992,-0.2347400231298357,-0.750402291117219,0.0,237,8,-0.8660254037844384,-0.5000000000000004,Very Good,Very Good,Good
2025-08-26,13.3,27.09583333333333,75.58333333333333,984.975,15.1875,221.27560769016745,Very Good,14.3,12.2,11.0,13.266666666666652,12.05714285714286,2.3000000000000007,27.21666666666667,80.16666666666667,11.670833333333334,28.054166666666664,71.95833333333333,11.3875,27.27916666666667,76.25,13.6875,27.45555555555556,75.90277777777779,12.748611111111112,27.180357142857144,76.3452380952381,13.427380952380954,983.6208333333334,0.5500000000000682,0,-0.6596817753966389,-0.75154504536291,-0.7504325534747053,0.0,238,8,-0.8660254037844384,-0.5000000000000004,Very Good,Good,Good
2025-08-27,11.0,27.6125,70.125,986.8333333333334,13.95,239.3995039418532,Very Good,13.3,14.3,12.2,12.866666666666656,11.828571428571433,-1.1999999999999993,27.09583333333333,75.58333333333333,15.1875,27.21666666666667,80.16666666666667,11.670833333333334,28.054166666666664,71.95833333333333,11.3875,27.308333333333334,75.29166666666667,13.60277777777778,27.363690476190477,74.5,13.766666666666666,984.975,1.558333333333394,0,-0.8607376197685094,-0.5090488679048809,-0.6144961317913354,0.0,239,8,-0.8660254037844384,-0.5000000000000004,Good,Good,Good
2025-08-28,17.1,27.75,70.75,986.8541666666666,11.925,269.7289136571928,Good,11.0,13.3,14.3,13.799999999999988,12.785714285714286,2.8000000000000007,27.6125,70.125,13.95,27.09583333333333,75.58333333333333,15.1875,27.21666666666667,80.16666666666667,11.670833333333334,27.48611111111111,72.15277777777779,13.6875,27.55297619047619,73.58928571428571,13.373809523809523,986.8333333333334,3.233333333333235,0,-0.9999888071880684,-0.0047313315867954,-0.7899718701081179,0.0,240,8,-0.8660254037844384,-0.5000000000000004,Good,Good,Good
2025-08-29,18.9,27.7875,74.375,986.6916666666666,9.7,289.4951339110595,Good,17.1,11.0,13.3,15.666666666666652,13.971428571428572,5.599999999999998,27.75,70.75,11.925,27.6125,70.125,13.95,27.09583333333333,75.58333333333333,15.1875,27.71666666666667,71.75000000000001,11.858333333333334,27.542261904761908,74.17261904761904,12.501190476190477,986.8541666666666,1.7166666666665833,0,-0.9426698376666296,0.3337268001727911,-0.635047976702245,1.0,241,8,-0.8660254037844384,-0.5000000000000004,Good,Good,Very Good
2025-08-30,18.8,26.47083333333333,84.95833333333333,985.1916666666666,11.154166666666669,263.8141014846942,Good,18.9,17.1,11.0,18.26666666666665,15.085714285714287,7.800000000000001,27.7875,74.375,9.7,27.75,70.75,11.925,27.6125,70.125,13.95,27.336111111111112,76.69444444444446,10.926388888888887,27.42678571428572,75.41666666666666,12.139285714285714,986.6916666666666,-1.6416666666667652,0,-0.9941775143761844,-0.1077546746493697,-0.3659163098051066,1.0,242,8,-0.8660254037844384,-0.5000000000000004,Good,Very Good,Very Good
2025-08-31,18.2,26.0875,88.29166666666667,984.375,5.908333333333334,158.82294200777642,Good,18.8,18.9,17.1,18.63333333333332,15.94285714285714,1.099999999999998,26.47083333333333,84.95833333333333,11.154166666666669,27.7875,74.375,9.7,27.75,70.75,11.925,26.781944444444445,82.54166666666667,8.920833333333336,27.14583333333333,77.75,11.35654761904762,985.1916666666666,-2.4791666666666288,0,0.3612512259980751,-0.9324685258575152,-0.1393501952959437,1.0,243,8,-0.8660254037844384,-0.5000000000000004,Very Good,Very Good,Very Good
2025-09-01,12.5,26.2875,86.83333333333333,985.0666666666666,4.204166666666667,325.8465712712451,Very Good,18.2,18.8,18.9,16.499999999999986,15.685714285714289,-6.399999999999999,26.0875,88.29166666666667,5.908333333333334,26.47083333333333,84.95833333333333,11.154166666666669,27.7875,74.375,9.7,26.281944444444445,86.69444444444446,7.088888888888891,27.01309523809524,78.70238095238095,10.289880952380951,984.375,-1.625,0,-0.5614109229445061,0.8275371747532541,0.0997080823341318,1.0,244,9,-1.0,-1.8369701987210294e-16,Very Good,Very Good,Very Good
2025-09-02,12.1,27.166666666666668,82.45833333333333,985.9583333333334,6.491666666666667,272.80933947207075,Very Good,12.5,18.2,18.8,14.266666666666652,15.514285714285714,-6.700000000000001,26.2875,86.83333333333333,4.204166666666667,26.0875,88.29166666666667,5.908333333333334,26.47083333333333,84.95833333333333,11.154166666666669,26.51388888888889,85.86111111111113,5.534722222222224,27.023214285714285,79.68452380952381,9.047619047619047,985.0666666666666,0.7666666666667652,0,-0.998798161337932,0.0490125790789124,-0.022648218754564,0.0,245,9,-1.0,-1.8369701987210294e-16,Very Good,Very Good,Very Good
2025-09-03,14.3,27.625,79.45833333333333,986.3208333333332,6.666666666666667,255.1351836159729,Very Good,12.1,12.5,18.2,12.966666666666654,15.985714285714284,-3.899999999999999,27.166666666666668,82.45833333333333,6.491666666666667,26.2875,86.83333333333333,4.204166666666667,26.0875,88.29166666666667,5.908333333333334,27.02638888888889,82.91666666666667,5.7875000000000005,27.025,81.01785714285714,8.007142857142858,985.9583333333334,1.945833333333212,0,-0.9665337946291972,-0.2565393222094517,-0.1595039173392667,0.0,246,9,-1.0,-1.8369701987210294e-16,Very Good,Very Good,Very Good
2025-09-04,12.7,26.816666666666663,86.70833333333333,985.8333333333334,4.65,275.05807568602,Very Good,14.3,12.1,12.5,13.03333333333332,15.357142857142858,0.1999999999999993,27.625,79.45833333333333,6.666666666666667,27.166666666666668,82.45833333333333,6.491666666666667,26.2875,86.83333333333333,4.204166666666667,27.20277777777777,82.87500000000001,5.936111111111113,26.89166666666667,83.29761904761904,6.967857142857143,986.3208333333332,0.7666666666667652,0,-0.9961058442559636,0.0881654526394207,-0.0497690585232141,0.0,247,9,-1.0,-1.8369701987210294e-16,Very Good,Very Good,Very Good
2025-09-05,13.0,26.925,87.875,986.3625,4.3875,298.90823476181225,Very Good,12.7,14.3,12.1,13.33333333333332,14.514285714285714,0.9000000000000004,26.816666666666663,86.70833333333333,4.65,27.625,79.45833333333333,6.666666666666667,27.166666666666668,82.45833333333333,6.491666666666667,27.12222222222222,84.68055555555556,5.234722222222223,26.76845238095238,85.22619047619047,6.208928571428572,985.8333333333334,0.4041666666665833,0,-0.8753950588227145,0.4834082032700482,0.2117665496533806,0.0,248,9,-1.0,-1.8369701987210294e-16,Very Good,Very Good,Very Good
2025-09-06,11.0,26.83333333333333,88.29166666666667,986.6458333333334,4.579166666666667,265.6653809008265,Very Good,13.0,12.7,14.3,12.23333333333332,13.4,-3.3000000000000007,26.925,87.875,4.3875,26.816666666666663,86.70833333333333,4.65,27.625,79.45833333333333,6.666666666666667,26.85833333333333,87.62500000000001,4.538888888888889,26.820238095238093,85.70238095238095,5.269642857142857,986.3625,0.3250000000001591,0,-0.99713964806122,-0.0755812295768362,0.4102342915744346,0.0,249,9,-1.0,-1.8369701987210294e-16,Very Good,Very Good,Very Good
2025-09-07,10.2,25.883333333333336,89.125,986.4125,6.375,250.7436572705527,Very Good,11.0,13.0,12.7,11.399999999999986,12.257142857142856,-2.5,26.83333333333333,88.29166666666667,4.579166666666667,26.925,87.875,4.3875,26.816666666666663,86.70833333333333,4.65,26.54722222222222,88.43055555555556,5.11388888888889,26.79107142857143,85.82142857142857,5.336309523809525,986.6458333333334,0.5791666666666515,0,-0.9440525173549752,-0.3297951553248387,0.349247218175654,0.0,250,9,-1.0,-1.8369701987210294e-16,Very Good,Very Good,Very Good
2025-09-08,10.5,26.166666666666668,86.79166666666667,986.725,6.079166666666667,205.16140375734136,Very Good,10.2,11.0,13.0,10.566666666666654,11.971428571428572,-2.5,25.883333333333336,89.125,6.375,26.83333333333333,88.29166666666667,4.579166666666667,26.925,87.875,4.3875,26.294444444444448,88.06944444444446,5.677777777777778,26.77380952380952,85.81547619047618,5.604166666666667,986.4125,0.3625000000000682,0,-0.4251696749896148,-0.9051136654968952,0.2888180764622512,0.0,251,9,-1.0,-1.8369701987210294e-16,Very Good,Very Good,Very Good
2025-09-09,10.7,26.84583333333333,80.91666666666667,988.1125,11.845833333333331,192.65956023175568,Very Good,10.5,10.2,11.0,10.466666666666653,11.77142857142857,-0.3000000000000007,26.166666666666668,86.79166666666667,6.079166666666667,25.883333333333336,89.125,6.375,26.83333333333333,88.29166666666667,4.579166666666667,26.298611111111114,85.61111111111113,8.1,26.72797619047619,85.5952380952381,6.36904761904762,986.725,1.4666666666665833,0,-0.2191576104384051,-0.9756894699580028,0.0304090279515662,0.0,252,9,-1.0,-1.8369701987210294e-16,Very Good,Very Good,Good
2025-09-10,10.0,27.0375,80.08333333333333,988.575,6.245833333333334,197.59688466414784,Very Good,10.7,10.5,10.2,10.399999999999986,11.157142857142857,-0.1999999999999993,26.84583333333333,80.91666666666667,11.845833333333331,26.166666666666668,86.79166666666667,6.079166666666667,25.883333333333336,89.125,6.375,26.683333333333334,82.59722222222223,8.056944444444445,26.64404761904762,85.68452380952381,6.308928571428571,988.1125,2.1625000000000227,0,-0.3023180625932177,-0.9532071071020628,-0.1162689848374783,0.0,253,9,-1.0,-1.8369701987210294e-16,Very Good,Good,Very Good
2025-09-11,12.4,27.5,82.54166666666667,988.1916666666666,5.045833333333333,232.15799675624447,Very Good,10.0,10.7,10.5,11.033333333333324,11.114285714285714,1.9000000000000004,27.0375,80.08333333333333,6.245833333333334,26.84583333333333,80.91666666666667,11.845833333333331,26.166666666666668,86.79166666666667,6.079166666666667,27.127777777777776,81.18055555555556,7.712500000000001,26.741666666666667,85.08928571428571,6.36547619047619,988.575,1.4666666666665833,0,-0.789705481054941,-0.6134861475141752,-0.1478004721769854,0.0,254,9,-1.0,-1.8369701987210294e-16,Good,Very Good,Good
2025-09-12,15.2,27.6375,84.08333333333333,988.2958333333332,3.7375,254.40151496487604,Good,12.4,10.0,10.7,12.53333333333332,11.428571428571429,4.5,27.5,82.54166666666667,5.045833333333333,27.0375,80.08333333333333,6.245833333333334,26.84583333333333,80.91666666666667,11.845833333333331,27.391666666666666,82.23611111111111,5.009722222222223,26.843452380952375,84.54761904761905,6.272619047619047,988.1916666666666,0.1833333333332802,0,-0.9631696770035972,-0.2688943534193053,0.2491191244494027,0.0,255,9,-1.0,-1.8369701987210294e-16,Very Good,Good,Very Good
2025-09-13,14.1,26.883333333333336,85.25,988.7125,4.245833333333334,153.63376957144305,Very Good,15.2,12.4,10.0,13.899999999999986,11.87142857142857,4.1,27.6375,84.08333333333333,3.7375,27.5,82.54166666666667,5.045833333333333,27.0375,80.08333333333333,6.245833333333334,27.340277777777786,83.95833333333334,4.343055555555556,26.85059523809524,84.11309523809523,6.225,988.2958333333332,0.1374999999999318,0,0.444107178245354,-0.895973668268744,0.5259702229529123,1.0,256,9,-1.0,-1.8369701987210294e-16,Good,Very Good,Very Good
2025-09-14,15.5,27.066666666666663,83.79166666666667,988.9125,3.3541666666666665,180.8289332442316,Good,14.1,15.2,12.4,14.93333333333332,12.628571428571428,3.1,26.883333333333336,85.25,4.245833333333334,27.6375,84.08333333333333,3.7375,27.5,82.54166666666667,5.045833333333333,27.195833333333336,84.37500000000001,3.7791666666666672,27.019642857142856,83.35119047619048,5.79345238095238,988.7125,0.7208333333334167,0,-0.0144671096891336,-0.9998953458923802,0.6551171558315496,0.0,257,9,-1.0,-1.8369701987210294e-16,Very Good,Very Good,Very Good
2025-09-15,14.2,26.6,84.29166666666667,989.1583333333332,4.204166666666667,264.74330019941635,Very Good,15.5,14.1,15.2,14.599999999999987,13.157142857142857,-1.0,27.066666666666663,83.79166666666667,3.3541666666666665,26.883333333333336,85.25,4.245833333333334,27.6375,84.08333333333333,3.7375,26.85,84.44444444444446,3.9347222222222222,27.08154761904762,82.99404761904762,5.525595238095237,988.9125,0.8624999999999545,0,-0.9957942211548434,-0.0916180610721425,0.7669039710678104,1.0,258,9,-1.0,-1.8369701987210294e-16,Very Good,Very Good,Very Good
2025-09-16,12.5,26.9,85.20833333333333,988.7083333333334,4.354166666666667,284.521344827263,Very Good,14.2,15.5,14.1,14.066666666666654,13.414285714285716,-1.5999999999999996,26.6,84.29166666666667,4.204166666666667,27.066666666666663,83.79166666666667,3.3541666666666665,26.883333333333336,85.25,4.245833333333334,26.855555555555554,84.43055555555556,3.9708333333333337,27.089285714285715,83.60714285714286,4.455357142857143,989.1583333333332,-0.004166666666606,0,-0.9680542972542006,0.2507406579868449,0.5364228745581098,0.0,259,9,-1.0,-1.8369701987210294e-16,Very Good,Very Good,Very Good
2025-09-17,12.2,26.7125,84.91666666666666,988.1388888888888,4.959722222222222,266.65795871626807,Very Good,12.5,14.2,15.5,12.966666666666653,13.72857142857143,-3.3000000000000007,26.9,85.20833333333333,4.354166666666667,26.6,84.29166666666667,4.204166666666667,27.066666666666663,83.79166666666667,3.3541666666666665,26.7375,84.80555555555556,4.506018518518519,27.042857142857144,84.29761904761904,4.271626984126985,988.7083333333334,-0.7736111111112223,0,-0.9982993097505476,-0.0582965535137386,0.4860517527011547,0.0,260,9,-1.0,-1.8369701987210294e-16,Very Good,Very Good,Very Good
2025-09-18,11.9,26.525,84.625,987.5694444444443,5.565277777777778,246.6785607338425,Very Good,12.2,12.5,14.2,12.199999999999989,13.657142857142857,-2.299999999999999,26.7125,84.91666666666666,4.959722222222222,26.9,85.20833333333333,4.354166666666667,26.6,84.29166666666667,4.204166666666667,26.7125,84.91666666666667,4.959722222222223,26.90357142857143,84.59523809523809,4.345833333333333,988.1388888888888,-1.588888888888846,0,-0.9182983095445568,-0.3958891444427461,0.3322821969970674,0.0,261,9,-1.0,-1.8369701987210294e-16,Very Good,Very Good,Very Good
2025-09-19,11.6,26.3375,84.33333333333333,987.0,6.170833333333333,228.8151746228476,Very Good,11.9,12.2,12.5,11.899999999999986,13.142857142857142,-0.9000000000000004,26.525,84.625,5.565277777777778,26.7125,84.91666666666666,4.959722222222222,26.9,85.20833333333333,4.354166666666667,26.524999999999995,84.62500000000001,5.565277777777779,26.717857142857145,84.63095238095238,4.693452380952381,987.5694444444443,-1.7083333333333712,0,-0.7525893345190098,-0.6584901620891795,0.2944249185394933,0.0,262,9,-1.0,-1.8369701987210294e-16,Very Good,Very Good,Very Good
2025-09-20,11.6,26.916666666666668,83.5,986.5625,8.375,195.4987555730634,Very Good,11.6,11.9,12.2,11.699999999999989,12.785714285714286,-0.5999999999999996,26.3375,84.33333333333333,6.170833333333333,26.525,84.625,5.565277777777778,26.7125,84.91666666666666,4.959722222222222,26.593055555555555,84.15277777777779,6.703703703703705,26.722619047619048,84.38095238095238,5.283333333333333,987.0,-1.5763888888888005,0,-0.2672174465907015,-0.9636362572244496,-0.0047081001755895,0.0,263,9,-1.0,-1.8369701987210294e-16,Very Good,Very Good,Very Good
2025-09-21,11.5,27.433333333333334,82.16666666666667,986.2916666666666,8.816666666666666,241.33011177692435,Very Good,11.6,11.6,11.9,11.566666666666654,12.214285714285714,-0.4000000000000003,26.916666666666668,83.5,8.375,26.3375,84.33333333333333,6.170833333333333,26.525,84.625,5.565277777777778,26.89583333333333,83.33333333333336,7.7875,26.775,84.14880952380952,6.0636904761904775,986.5625,-1.2777777777777146,0,-0.8773984238504824,-0.4797624472847883,-0.2706274653628686,0.0,264,9,-1.0,-1.8369701987210294e-16,Very Good,Very Good,Very Good
2025-09-22,12.5,27.52083333333333,77.625,986.7708333333334,8.966666666666667,239.4046448826,Very Good,11.5,11.6,11.6,11.866666666666651,11.971428571428572,0.9000000000000004,27.433333333333334,82.16666666666667,8.816666666666666,26.916666666666668,83.5,8.375,26.3375,84.33333333333333,6.170833333333333,27.290277777777774,81.09722222222223,8.719444444444447,26.90654761904762,83.19642857142857,6.74404761904762,986.2916666666666,-0.2291666666666287,0,-0.8607832913967913,-0.5089716350172244,-0.3717359885749358,0.0,265,9,-1.0,-1.8369701987210294e-16,Very Good,Very Good,Very Good
2025-09-23,14.3,27.17083333333333,82.29166666666667,985.9666666666668,10.108333333333333,243.8736075666328,Very Good,12.5,11.5,11.6,12.766666666666652,12.228571428571428,2.700000000000001,27.52083333333333,77.625,8.966666666666667,27.433333333333334,82.16666666666667,8.816666666666666,26.916666666666668,83.5,8.375,27.375,80.69444444444446,9.297222222222222,26.945238095238093,82.77976190476191,7.566071428571428,986.7708333333334,-0.5958333333331893,0,-0.897824829176171,-0.4403527859736773,-0.3535543565074739,0.0,266,9,-1.0,-1.8369701987210294e-16,Very Good,Very Good,Very Good
2025-09-24,11.6,27.1625,78.33333333333333,983.9916666666668,11.929166666666667,242.36697942561503,Very Good,14.3,12.5,11.5,12.799999999999988,12.142857142857142,0.0999999999999996,27.17083333333333,82.29166666666667,10.108333333333333,27.52083333333333,77.625,8.966666666666667,27.433333333333334,82.16666666666667,8.816666666666666,27.284722222222214,79.41666666666667,10.334722222222224,27.00952380952381,81.83928571428571,8.56170634920635,985.9666666666668,-2.299999999999841,0,-0.8859364263474957,-0.4638066929989565,-0.5709089145044403,0.0,267,9,-1.0,-1.8369701987210294e-16,Very Good,Very Good,Very Good
2025-09-25,12.6,27.679166666666664,73.33333333333333,984.1208333333334,14.941666666666668,249.29641283746287,Very Good,11.6,14.3,12.5,12.83333333333332,12.242857142857144,0.0999999999999996,27.1625,78.33333333333333,11.929166666666667,27.17083333333333,82.29166666666667,10.108333333333333,27.52083333333333,77.625,8.966666666666667,27.337499999999995,77.98611111111111,12.326388888888893,27.17440476190476,80.22619047619047,9.901190476190475,983.9916666666668,-2.6499999999999773,0,-0.9354218987152436,-0.3535334091765141,-0.8481956407954785,0.0,268,9,-1.0,-1.8369701987210294e-16,Very Good,Very Good,Very Good
2025-09-26,12.7,26.829166666666666,80.95833333333333,986.7708333333334,7.395833333333333,257.6654738100533,Very Good,12.6,11.6,14.3,12.299999999999988,12.4,-1.6000000000000014,27.679166666666664,73.33333333333333,14.941666666666668,27.1625,78.33333333333333,11.929166666666667,27.17083333333333,82.29166666666667,10.108333333333333,27.22361111111111,77.54166666666667,11.422222222222222,27.244642857142857,79.74404761904762,10.076190476190476,984.1208333333334,0.8041666666665606,0,-0.9769170258566854,-0.2136191110161455,-0.4014977051213614,0.0,269,9,-1.0,-1.8369701987210294e-16,Very Good,Very Good,Very Good
2025-09-27,11.0,26.0875,85.83333333333333,987.8666666666668,5.65,321.3463812711725,Very Good,12.7,12.6,11.6,12.099999999999984,12.314285714285717,-0.5999999999999996,26.829166666666666,80.95833333333333,7.395833333333333,27.679166666666664,73.33333333333333,14.941666666666668,27.1625,78.33333333333333,11.929166666666667,26.865277777777777,80.04166666666667,9.329166666666667,27.12619047619048,80.07738095238095,9.686904761904762,986.7708333333334,3.875,0,-0.6246106885300358,0.7809362891901199,0.0605638754371196,0.0,270,9,-1.0,-1.8369701987210294e-16,Very Good,Very Good,Very Good
2025-09-28,10.6,26.25,87.58333333333333,984.8583333333332,8.616666666666667,275.9352982253476,Very Good,11.0,12.7,12.6,11.43333333333332,12.185714285714283,-2.0,26.0875,85.83333333333333,5.65,26.829166666666666,80.95833333333333,7.395833333333333,27.679166666666664,73.33333333333333,14.941666666666668,26.38888888888889,84.79166666666667,7.220833333333334,26.957142857142856,80.85119047619047,9.658333333333331,987.8666666666668,0.7374999999998408,0,-0.9946393009310752,0.1034053240570427,0.0525472595811543,0.0,271,9,-1.0,-1.8369701987210294e-16,Very Good,Very Good,Very Good
2025-09-29,11.0,26.725,84.83333333333333,983.1708333333332,11.108333333333334,200.833021708054,Very Good,10.6,11.0,12.7,10.866666666666651,11.971428571428572,-1.6999999999999993,26.25,87.58333333333333,8.616666666666667,26.0875,85.83333333333333,5.65,26.829166666666666,80.95833333333333,7.395833333333333,26.354166666666668,86.08333333333333,8.458333333333334,26.84345238095238,81.88095238095238,9.964285714285714,984.8583333333332,-3.6000000000001364,0,-0.3556456785227465,-0.9346208596795256,-0.4774706880062525,0.0,272,9,-1.0,-1.8369701987210294e-16,Very Good,Very Good,Very Good
2025-09-30,11.1,26.616666666666664,82.75,987.2291666666666,12.325,177.54981991237867,Very Good,11.0,10.6,11.0,10.899999999999986,11.514285714285714,0.0999999999999996,26.725,84.83333333333333,11.108333333333334,26.25,87.58333333333333,8.616666666666667,26.0875,85.83333333333333,5.65,26.530555555555555,85.05555555555556,10.683333333333332,26.764285714285712,81.94642857142857,10.280952380952382,983.1708333333332,-0.6375000000001592,0,0.0427506770729374,-0.999085771898392,-0.4263702175348138,0.0,273,9,-1.0,-1.8369701987210294e-16,Very Good,Very Good,Very Good
2025-10-01,10.6,26.675,84.58333333333333,989.4625,4.991666666666666,155.90116559218598,Very Good,11.1,11.0,10.6,10.899999999999986,11.37142857142857,0.0,26.616666666666664,82.75,12.325,26.725,84.83333333333333,11.108333333333334,26.25,87.58333333333333,8.616666666666667,26.67222222222222,84.05555555555556,9.475,26.69464285714286,82.83928571428571,9.289880952380951,987.2291666666666,4.604166666666743,0,0.4083118901265733,-0.91284248388277,-0.056282303399465,0.0,274,10,-0.8660254037844386,0.5000000000000001,Very Good,Very Good,Very Good
2025-10-02,13.1,27.625,81.04166666666667,989.8833333333332,4.3500000000000005,332.2313372937846,Very Good,10.6,11.1,11.0,11.599999999999984,11.44285714285714,2.1,26.675,84.58333333333333,4.991666666666666,26.616666666666664,82.75,12.325,26.725,84.83333333333333,11.108333333333334,26.972222222222225,82.79166666666667,7.222222222222221,26.686904761904763,83.94047619047618,7.776785714285714,989.4625,6.712499999999977,0,-0.4659027588116677,0.8848359279164002,0.1476416747495093,0.0,275,10,-0.8660254037844386,0.5000000000000001,Very Good,Very Good,Very Good
2025-10-03,12.9,27.375,81.375,989.75,4.8500000000000005,273.9353756130372,Very Good,13.1,10.6,11.1,12.199999999999989,11.471428571428572,1.8000000000000007,27.625,81.04166666666667,4.3500000000000005,26.675,84.58333333333333,4.991666666666666,26.616666666666664,82.75,12.325,27.225,82.33333333333334,4.730555555555555,26.764880952380956,84.0,7.413095238095239,989.8833333333332,2.5208333333333712,0,-0.9976420946118676,0.0686312688098184,0.4290922718315701,0.0,276,10,-0.8660254037844386,0.5000000000000001,Very Good,Very Good,Very Good
2025-10-04,11.8,26.604166666666668,87.0,989.9125,4.9875,257.4787851373126,Very Good,12.9,13.1,10.6,12.599999999999987,11.585714285714284,1.200000000000001,27.375,81.375,4.8500000000000005,27.625,81.04166666666667,4.3500000000000005,26.675,84.58333333333333,4.991666666666666,27.20138888888889,83.1388888888889,4.729166666666667,26.838690476190475,84.16666666666666,7.3184523809523805,989.75,0.4500000000000455,0,-0.976215799273402,-0.2168010914386564,0.5884988018532301,0.0,277,10,-0.8660254037844386,0.5000000000000001,Very Good,Very Good,Very Good
2025-10-05,13.3,26.866666666666664,82.16666666666667,989.3916666666668,7.904166666666666,228.8446325347396,Very Good,11.8,12.9,13.1,12.666666666666655,11.971428571428572,0.200000000000001,26.604166666666668,87.0,4.9875,27.375,81.375,4.8500000000000005,27.625,81.04166666666667,4.3500000000000005,26.94861111111111,83.5138888888889,5.913888888888889,26.92678571428572,83.39285714285714,7.216666666666667,989.9125,-0.4916666666664468,0,-0.7529277895561275,-0.6581031406353595,0.5271841524659034,0.0,278,10,-0.8660254037844386,0.5000000000000001,Very Good,Very Good,Very Good
2025-10-06,12.7,27.9,75.875,988.3833333333332,10.6875,223.5831814144421,Very Good,13.3,11.8,12.9,12.599999999999987,12.214285714285714,-0.200000000000001,26.866666666666664,82.16666666666667,7.904166666666666,26.604166666666668,87.0,4.9875,27.375,81.375,4.8500000000000005,27.123611111111117,81.68055555555556,7.859722222222222,27.09464285714285,82.11309523809523,7.156547619047619,989.3916666666668,-1.366666666666788,0,-0.6894069408417407,-0.724374260944736,-0.0052189030681277,0.0,279,10,-0.8660254037844386,0.5000000000000001,Very Good,Very Good,Very Good
2025-10-07,13.1,27.325,80.33333333333333,989.4083333333332,7.308333333333334,214.25017741686457,Very Good,12.7,13.3,11.8,13.03333333333332,12.5,1.299999999999999,27.9,75.875,10.6875,26.866666666666664,82.16666666666667,7.904166666666666,26.604166666666668,87.0,4.9875,27.36388888888889,79.45833333333334,8.633333333333335,27.195833333333333,81.76785714285714,6.439880952380952,988.3833333333332,-0.5041666666668334,0,-0.5628074872345011,-0.8265880063930197,-0.0214575889977738,0.0,280,10,-0.8660254037844386,0.5000000000000001,Very Good,Very Good,Very Good
2025-10-08,11.5,26.9,85.0,989.7,4.9375,313.65691872217855,Very Good,13.1,12.7,13.3,12.43333333333332,12.62857142857143,-1.8000000000000007,27.325,80.33333333333333,7.308333333333334,27.9,75.875,10.6875,26.866666666666664,82.16666666666667,7.904166666666666,27.375,80.40277777777779,7.644444444444445,27.22797619047619,81.82738095238096,6.432142857142857,989.4083333333332,0.3083333333332803,0,-0.723486422982237,0.6903386094956356,0.2333548060683863,0.0,281,10,-0.8660254037844386,0.5000000000000001,Very Good,Very Good,Very Good
2025-10-09,14.1,26.729166666666668,80.83333333333333,989.4458333333332,6.75,45.15453676497202,Very Good,11.5,13.1,12.7,12.899999999999986,12.771428571428572,1.4000000000000004,26.9,85.0,4.9375,27.325,80.33333333333333,7.308333333333334,27.9,75.875,10.6875,26.98472222222222,82.05555555555556,6.331944444444445,27.1,81.79761904761905,6.775,989.7,1.0625,1,0.7090113978514744,0.7051970204961862,0.558438940966698,0.0,282,10,-0.8660254037844386,0.5000000000000001,Very Good,Very Good,Very Good
2025-10-10,14.9,27.02916666666667,81.70833333333333,988.75,6.833333333333333,71.17946895001666,Very Good,14.1,11.5,13.1,13.499999999999986,13.05714285714286,1.8000000000000007,26.729166666666668,80.83333333333333,6.75,26.9,85.0,4.9375,27.325,80.33333333333333,7.308333333333334,26.88611111111111,82.5138888888889,6.173611111111111,27.05059523809524,81.84523809523809,7.058333333333333,989.4458333333332,-0.6583333333331893,1,0.946533720450261,0.3226048915478302,0.355644373967378,0.0,283,10,-0.8660254037844386,0.5000000000000001,Very Good,Very Good,Good
2025-11-19,14.4,22.929166666666664,67.58333333333333,994.8666666666668,19.954166666666666,52.93332966528033,Very Good,14.9,14.1,11.5,14.466666666666654,13.428571428571429,2.9000000000000004,27.02916666666667,81.70833333333333,6.833333333333333,26.729166666666668,80.83333333333333,6.75,26.9,85.0,4.9375,25.5625,76.70833333333333,11.179166666666664,26.52559523809524,79.07142857142857,9.196428571428571,988.75,5.166666666666743,1,0.7979346874233842,0.6027439212522562,1.052892136044057,0.0,323,11,-0.5000000000000004,0.8660254037844384,Very Good,Good,Good
2025-11-20,9.91,21.48333333333333,65.79166666666667,995.5625,16.354166666666668,48.94762732260199,Very Good,14.4,14.9,14.1,13.069999999999986,12.944285714285714,-4.19,22.929166666666664,67.58333333333333,19.954166666666666,27.02916666666667,81.70833333333333,6.833333333333333,26.729166666666668,80.83333333333333,6.75,23.813888888888886,71.69444444444446,14.380555555555556,25.756547619047616,76.73214285714286,10.403571428571428,994.8666666666668,6.116666666666788,1,0.7541095774243722,0.6567486164711995,0.9947752648640076,0.0,324,11,-0.5000000000000004,0.8660254037844384,Good,Good,Moderate
2025-11-21,16.8,21.016666666666666,64.125,995.9916666666668,13.133333333333333,49.70870595867991,Good,9.91,14.4,14.9,13.70333333333332,13.53,1.9000000000000004,21.48333333333333,65.79166666666667,16.354166666666668,22.929166666666664,67.58333333333333,19.954166666666666,27.02916666666667,81.70833333333333,6.833333333333333,21.80972222222222,65.83333333333334,16.480555555555554,24.773214285714285,75.05357142857143,10.75297619047619,995.5625,7.241666666666788,1,0.762766599073875,0.6466738863888617,0.9419195671975374,0.0,325,11,-0.5000000000000004,0.8660254037844384,Good,Moderate,Good
2025-11-22,18.8,22.075,64.625,994.4083333333332,12.65,47.37560555971112,Good,16.8,9.91,14.4,15.169999999999987,14.344285714285716,4.4,21.016666666666666,64.125,13.133333333333333,21.48333333333333,65.79166666666667,16.354166666666668,22.929166666666664,67.58333333333333,19.954166666666666,21.524999999999995,64.84722222222223,14.045833333333334,24.023214285714285,72.80952380952381,11.516071428571433,995.9916666666668,-0.4583333333335986,1,0.7358088314626202,0.6771893114496221,0.1585232526139936,1.0,326,11,-0.5000000000000004,0.8660254037844384,Moderate,Good,Good
2025-11-23,26.9,23.104166666666668,70.33333333333333,993.5375,11.179166666666667,37.73651537006526,Moderate,18.8,16.8,9.91,20.83333333333332,16.544285714285714,16.99,22.075,64.625,12.65,21.016666666666666,64.125,13.133333333333333,21.48333333333333,65.79166666666667,16.354166666666668,22.065277777777776,66.36111111111113,12.320833333333333,23.480952380952377,70.71428571428571,12.407738095238097,994.4083333333332,-2.0249999999999773,1,0.6120311733480404,0.7908336379101618,-0.16797864802502,1.0,327,11,-0.5000000000000004,0.8660254037844384,Good,Good,Moderate
2025-11-24,23.1,24.65416666666667,68.625,992.45,14.35,45.25807605310962,Good,26.9,18.8,16.8,22.933333333333323,17.830000000000002,6.300000000000001,23.104166666666668,70.33333333333333,11.179166666666667,22.075,64.625,12.65,21.016666666666666,64.125,13.133333333333333,23.27777777777777,67.86111111111113,12.72638888888889,23.184523809523807,68.9702380952381,13.49345238095238,993.5375,-3.5416666666667425,1,0.7102846020604591,0.7039146141939484,-0.6678188242948447,2.0,328,11,-0.5000000000000004,0.8660254037844384,Good,Moderate,Moderate
2025-11-25,22.8,23.979166666666668,57.833333333333336,993.1166666666668,18.04583333333333,57.7534665120848,Good,23.1,26.9,18.8,24.26666666666665,18.958571428571425,4.0,24.65416666666667,68.625,14.35,23.104166666666668,70.33333333333333,11.179166666666667,22.075,64.625,12.65,23.912500000000005,65.59722222222223,14.525,22.748809523809523,65.55952380952381,15.095238095238091,992.45,-1.2916666666664014,1,0.8457601049278848,0.5335633466725139,-0.4975710781304499,1.0,329,11,-0.5000000000000004,0.8660254037844384,Moderate,Moderate,Moderate
2025-11-26,33.1,22.07083333333333,62.16666666666666,993.3166666666666,14.945833333333333,44.128735122536966,Moderate,22.8,23.1,26.9,26.333333333333325,21.63,6.200000000000003,23.979166666666668,57.833333333333336,18.04583333333333,24.65416666666667,68.625,14.35,23.104166666666668,70.33333333333333,11.179166666666667,23.56805555555556,62.87500000000001,15.780555555555557,22.62619047619048,64.78571428571429,14.379761904761905,993.1166666666668,-0.2208333333334167,1,0.6962728655531685,0.7177771915395329,-0.1067101586743168,1.0,330,11,-0.5000000000000004,0.8660254037844384,Moderate,Moderate,Unhealthy
