date,pm25,temperature_2m,relative_humidity_2m,surface_pressure,windspeed_10m,winddirection_10m,aqi_category
2023-01-01,25.2,20.270833333333332,63.166666666666664,996.1875,11.454166666666666,44.139230082884296,Moderate
2023-01-02,29.4,20.695833333333333,66.375,996.2333333333332,10.737499999999999,46.52053065056418,Moderate
2023-01-03,27.7,22.633333333333336,63.583333333333336,995.725,11.870833333333332,45.921656055981146,Moderate
2023-01-04,20.2,22.791666666666668,63.458333333333336,995.1374999999999,10.9375,52.13244475703141,Good
2023-01-05,18.4,23.3,63.083333333333336,994.6374999999999,13.258333333333333,51.157651812748895,Good
2023-01-06,17.0,23.258333333333336,59.625,995.4958333333334,20.6,56.2296670861636,Good
2023-01-07,22.3,21.59583333333333,54.583333333333336,994.3874999999999,12.054166666666667,53.089783473807756,Good
2023-01-08,35.5,22.474999999999998,58.458333333333336,993.1291666666666,9.154166666666667,38.516823962658236,Moderate
2023-01-09,35.6,23.979166666666668,63.875,993.1583333333333,8.799999999999999,58.78421772617969,Moderate
2023-01-10,21.7,22.525000000000002,83.54166666666667,992.2624999999999,7.820833333333333,66.0250238176925,Good
2023-01-11,20.9,22.28333333333333,87.95833333333333,991.1458333333334,7.5125,67.41666459136513,Good
2023-01-12,18.0,23.508333333333336,83.16666666666667,990.2125,5.579166666666667,63.36576619740214,Good
2023-01-17,31.5,22.929166666666664,70.04166666666667,993.0791666666668,9.125,71.49768304041402,Moderate
2023-01-18,23.3,21.945833333333336,66.875,995.1666666666666,11.1875,68.58491777728813,Good
2023-01-19,24.3,20.683333333333334,68.0,994.475,9.691666666666666,66.2037555233315,Good
2023-01-20,27.2,21.337500000000002,68.25,994.0916666666667,10.470833333333333,59.37241484230748,Moderate
2023-01-21,30.0,20.854166666666668,65.41666666666667,992.6291666666666,8.983333333333333,56.0792673565187,Moderate
2023-01-22,40.4,21.916666666666668,65.45833333333333,990.7541666666666,6.983333333333333,45.66111044422337,Unhealthy
2023-01-23,54.2,22.854166666666668,67.04166666666667,989.65,7.3,42.711320665541336,Unhealthy
2023-01-24,42.7,22.804166666666664,63.458333333333336,992.3833333333333,17.975,62.71152609847883,Unhealthy
2023-01-25,28.2,19.391666666666666,55.791666666666664,994.0916666666667,13.279166666666667,60.905160002077196,Moderate
2023-01-26,45.3,20.820833333333333,63.958333333333336,991.6999999999999,7.341666666666666,64.49112936968214,Unhealthy
2023-01-27,51.8,22.97083333333333,61.666666666666664,991.7291666666666,14.179166666666667,65.54724917151725,Unhealthy
2023-01-28,25.6,19.991666666666667,56.5,993.8958333333334,16.529166666666665,58.577002625178125,Moderate
2023-01-29,28.4,18.866666666666667,50.916666666666664,994.9083333333333,17.3625,57.24779959709247,Moderate
2023-01-30,34.2,18.474999999999998,48.083333333333336,995.1041666666666,13.075000000000001,56.009503083964205,Moderate
2023-01-31,50.0,19.779166666666665,58.791666666666664,991.6791666666667,7.3,67.39929691117987,Unhealthy
2023-02-01,72.4,22.570833333333336,64.375,989.5,4.954166666666667,33.61060847576374,Unhealthy
2023-02-02,78.7,26.09583333333333,60.416666666666664,989.6666666666666,6.383333333333333,74.6654754642584,Unhealthy
2023-02-14,40.8,28.608333333333334,61.0,989.1750000000001,6.4125000000000005,142.74993191248916,Unhealthy
2023-02-15,39.2,25.383333333333336,67.08333333333333,991.7958333333332,12.191666666666668,56.9951269683782,Unhealthy
2023-02-16,30.1,24.516666666666666,58.208333333333336,993.9125,15.5,56.4523012019485,Moderate
2023-03-19,49.4,29.8875,57.708333333333336,988.2333333333332,5.558333333333334,197.7961982104032,Unhealthy
2023-03-20,47.5,30.145833333333332,56.25,987.6750000000001,5.5,232.5230969059525,Unhealthy
2023-03-21,43.3,31.233333333333334,51.375,987.275,7.633333333333333,226.2075501110153,Unhealthy
2023-03-22,40.7,31.441666666666666,50.791666666666664,985.8625000000001,9.6,252.6372865780283,Unhealthy
2023-03-23,38.6,31.46666666666667,51.458333333333336,985.9833333333332,10.204166666666667,231.0542688649961,Unhealthy
2023-03-24,44.7,31.3,52.375,986.5916666666667,7.316666666666666,255.87373698022338,Unhealthy
2023-03-25,44.9,31.629166666666666,52.291666666666664,986.9375,6.020833333333333,232.35042115502847,Unhealthy
2023-03-26,35.2,31.891666666666666,47.833333333333336,986.6041666666666,8.1875,238.1239461599096,Moderate
2023-03-27,36.7,31.575,51.458333333333336,987.0666666666666,8.012500000000001,190.20363966665752,Moderate
2023-03-28,33.4,29.870833333333334,60.583333333333336,988.8041666666667,8.9,191.51148201937008,Moderate
2023-03-29,33.1,28.025000000000002,70.25,989.775,7.6375,174.51616830765488,Moderate
2023-03-30,31.0,28.229166666666668,68.45833333333333,987.8791666666666,6.229166666666667,194.9273154934079,Moderate
2023-03-31,33.6,29.7,63.416666666666664,987.3541666666666,7.670833333333333,217.02581082843932,Moderate
2023-04-01,29.4,29.6125,64.75,987.3000000000001,10.254166666666666,202.45484441498934,Moderate
2023-04-02,26.9,28.974999999999998,65.25,987.0,9.8375,210.93898694751056,Moderate
2023-04-03,34.2,29.65833333333333,61.541666666666664,986.3083333333334,9.041666666666666,209.2112364103654,Moderate
2023-04-04,43.6,30.40833333333333,58.25,985.8416666666667,10.091666666666667,229.43410238208398,Unhealthy
2023-04-05,44.1,31.21666666666667,53.333333333333336,985.9125,9.391666666666667,219.75808673543767,Unhealthy
2023-04-06,45.0,31.504166666666666,50.5,986.9,7.608333333333333,184.2310863102275,Unhealthy
2023-04-07,43.0,29.945833333333336,63.041666666666664,988.7791666666667,6.991666666666667,177.60026665873283,Unhealthy
2023-04-08,34.6,28.849999999999998,68.66666666666667,990.975,6.808333333333334,164.0544969669669,Moderate
2023-04-09,29.7,29.458333333333332,65.54166666666667,991.1541666666667,6.583333333333333,132.2584462212177,Moderate
2023-04-10,36.9,30.795833333333334,59.375,988.8291666666668,5.020833333333333,165.50106918518418,Moderate
2023-04-11,36.0,31.870833333333334,54.958333333333336,987.5749999999999,8.5375,230.91806110639897,Moderate
2023-04-12,42.1,32.25,55.291666666666664,986.4625,7.441666666666666,193.0680214805405,Unhealthy
2023-04-13,47.2,31.691666666666666,59.5,986.6458333333334,9.908333333333333,202.1753635418886,Unhealthy
2023-04-14,46.5,32.170833333333334,56.291666666666664,986.3541666666666,7.808333333333334,217.0101538272362,Unhealthy
2023-04-15,52.9,31.90833333333333,58.0,985.7541666666666,6.304166666666667,233.29491422876777,Unhealthy
2023-04-16,52.1,29.849999999999998,64.79166666666667,986.5416666666666,6.395833333333333,166.65890405292384,Unhealthy
2023-04-17,46.7,30.625,61.333333333333336,987.2666666666668,6.545833333333333,191.2737748856786,Unhealthy
2023-04-18,45.5,32.24583333333333,53.708333333333336,987.1708333333332,7.6000000000000005,209.70061563777563,Unhealthy
2023-04-19,41.1,32.770833333333336,52.375,984.525,11.254166666666668,234.35318792536705,Unhealthy
2023-04-20,47.1,33.016666666666666,50.583333333333336,982.6791666666667,12.174999999999999,227.16073403500184,Unhealthy
2023-04-21,48.8,32.675000000000004,47.625,983.4166666666666,9.3125,206.52613623027662,Unhealthy
2023-04-22,55.6,32.300000000000004,49.333333333333336,984.5958333333333,8.283333333333333,196.06709540497013,Unhealthy
2023-04-23,39.4,31.150000000000002,57.25,986.85,7.4125000000000005,197.96837133583946,Unhealthy
2023-04-24,31.4,30.224999999999998,62.958333333333336,989.1,4.4375,42.45355591076628,Moderate
2023-04-26,29.2,28.704166666666666,67.95833333333333,988.3125,6.158333333333334,182.9941816650305,Moderate
2023-04-27,27.7,28.9875,70.04166666666667,988.6083333333332,5.091666666666667,158.0364050939461,Moderate
2023-04-28,28.0,29.5625,67.5,988.0749999999999,7.308333333333334,261.7840340580393,Moderate
2023-04-29,28.9,29.695833333333336,67.95833333333333,987.1708333333332,4.7875000000000005,220.8806000458242,Moderate
2023-04-30,24.5,26.97083333333333,75.29166666666667,988.4041666666667,8.700000000000001,85.14480257455989,Good
2023-05-01,25.2,27.795833333333334,73.66666666666667,988.3249999999999,6.2625,112.20810229050414,Moderate
2023-05-02,24.7,29.270833333333332,71.41666666666667,988.4208333333332,6.320833333333333,201.83857228810604,Good
2023-05-03,26.8,30.170833333333334,65.54166666666667,988.75,6.466666666666666,244.68726452973686,Moderate
2023-05-04,29.2,31.008333333333336,62.666666666666664,986.6666666666666,7.804166666666667,226.26074268139118,Moderate
2023-05-05,24.4,32.295833333333334,56.375,984.0458333333332,10.366666666666667,230.53502754997805,Good
2023-05-06,25.6,33.375,51.916666666666664,982.5875,10.029166666666667,240.38227006647867,Moderate
2023-05-07,24.4,32.975,54.875,982.6208333333334,13.191666666666668,214.88166057534644,Good
2023-05-08,25.1,29.84583333333333,69.95833333333333,984.8375,9.954166666666667,173.6523559021573,Moderate
2023-05-11,17.1,28.516666666666666,74.875,988.7958333333332,5.316666666666666,115.57520885199568,Good
2023-05-12,20.9,26.745833333333334,86.54166666666667,988.8916666666668,4.8374999999999995,124.17142361730942,Good
2023-05-13,22.3,28.0,80.83333333333333,988.8333333333334,6.8999999999999995,117.67702524694096,Good
2023-05-14,18.0,28.8625,73.41666666666667,988.3625000000001,7.504166666666666,165.65895576052446,Good
2023-05-16,37.2,30.416666666666668,56.666666666666664,988.7624999999999,9.604166666666666,251.23727231845385,Moderate
2023-05-17,39.9,31.0,52.333333333333336,988.7125,13.025,260.37102939854185,Unhealthy
2023-05-18,35.5,31.508333333333336,52.291666666666664,987.65,11.329166666666666,263.02618747784277,Moderate
2023-05-19,36.0,32.266666666666666,49.291666666666664,985.8041666666667,10.299999999999999,273.84566046180964,Moderate
2023-05-20,40.0,32.641666666666666,49.166666666666664,985.4833333333332,9.004166666666666,251.5584113662726,Unhealthy
2023-05-21,37.7,32.50416666666667,53.416666666666664,986.6333333333333,7.245833333333334,198.10845567989188,Unhealthy
2023-05-22,31.6,30.724999999999998,58.458333333333336,987.6166666666667,7.491666666666667,215.58769034106967,Moderate
2023-05-23,30.6,28.629166666666666,74.83333333333333,987.6833333333334,7.304166666666667,217.52959435675982,Moderate
2023-05-24,23.5,27.604166666666668,81.66666666666667,987.0958333333333,5.808333333333334,224.5615205002358,Good
2023-05-25,26.9,28.570833333333336,76.25,987.275,7.466666666666666,206.53163143279428,Moderate
2023-05-26,34.0,29.504166666666666,70.91666666666667,987.2916666666666,6.258333333333333,197.72587554925138,Moderate
2023-05-27,31.7,29.425,70.66666666666667,985.6833333333334,6.7749999999999995,240.64390994462195,Moderate
2023-05-28,23.3,27.2625,83.29166666666667,985.4041666666667,4.3625,83.7428986264103,Good
2023-05-29,22.7,26.745833333333334,85.95833333333333,986.1999999999999,6.3500000000000005,198.34767678738572,Good
2023-05-30,20.0,27.3125,84.45833333333333,986.0416666666666,4.666666666666667,225.41018187369343,Good
2023-05-31,20.7,28.208333333333332,78.20833333333333,985.0583333333334,8.204166666666667,212.2858798211903,Good
2023-06-01,23.2,29.5625,68.54166666666667,984.1083333333332,11.320833333333333,240.46337435824375,Good
2023-06-02,25.0,30.366666666666664,62.041666666666664,984.9541666666668,12.320833333333333,238.98491175108302,Good
2023-06-03,26.3,30.804166666666664,60.416666666666664,986.0041666666666,10.345833333333333,232.41632825871045,Moderate
2023-06-04,22.8,30.337500000000002,64.70833333333333,985.8416666666667,9.866666666666667,221.531635535862,Good
2023-06-05,17.0,29.520833333333332,68.66666666666667,985.0916666666667,8.254166666666666,230.07377973264587,Good
2023-06-06,17.7,28.508333333333336,76.5,984.6083333333332,6.783333333333334,201.91372923617968,Good
2023-06-07,19.4,28.733333333333334,73.29166666666667,985.5166666666668,10.575000000000001,201.81014703342728,Good
2023-06-08,20.4,26.8125,84.5,986.0916666666667,8.6875,201.77514593746002,Good
2023-06-09,18.0,27.3125,80.83333333333333,985.1999999999999,8.416666666666666,219.34726608738615,Good
2023-06-10,17.6,28.25,76.29166666666667,984.1833333333334,10.545833333333333,224.10325414861325,Good
2023-06-11,17.4,27.633333333333336,78.75,983.7291666666666,10.004166666666666,214.04868799570465,Good
2023-06-12,16.8,28.78333333333333,70.875,984.3916666666668,12.420833333333334,225.28219393243816,Good
2023-06-13,19.8,28.9375,70.54166666666667,985.1208333333334,13.225,217.74145991925636,Good
2023-06-14,14.5,27.587500000000002,78.66666666666667,986.8874999999999,9.362499999999999,223.99760319810184,Very Good
2023-06-15,11.9,28.77916666666667,71.58333333333333,986.4666666666667,10.391666666666667,229.84375086511,Very Good
2023-06-16,13.9,28.979166666666668,73.04166666666667,985.8083333333334,10.045833333333333,213.56420909657942,Very Good
2023-06-17,15.9,28.525000000000002,75.75,986.4541666666668,9.016666666666667,214.81917962689337,Good
2023-06-18,14.0,28.008333333333336,75.70833333333333,986.8916666666668,10.733333333333334,210.19629256754507,Very Good
2023-06-19,13.3,28.491666666666664,70.20833333333333,986.5333333333333,9.995833333333334,231.60442209297113,Very Good
2023-06-20,17.0,29.395833333333332,68.20833333333333,986.5666666666666,9.924999999999999,239.62393216599884,Good
2023-06-21,17.6,30.141666666666666,63.208333333333336,987.35,10.429166666666667,247.62358882973476,Good
2023-06-22,18.8,30.733333333333334,59.125,987.2208333333333,10.583333333333334,251.8285280427994,Good
2023-06-23,19.6,31.429166666666664,57.25,985.7541666666666,9.970833333333333,274.54222107997066,Good
2023-06-24,17.6,29.641666666666666,66.41666666666667,985.3583333333332,9.429166666666667,252.3000820383249,Good
2023-06-25,15.2,30.554166666666664,59.208333333333336,985.4708333333333,8.533333333333333,279.22430309457985,Good
2023-06-26,16.5,29.104166666666668,67.875,985.9541666666668,10.700000000000001,263.64115219006305,Good
2023-06-27,14.1,29.195833333333336,68.0,986.4250000000001,7.183333333333334,280.5254863020362,Very Good
2023-06-28,14.5,29.09166666666667,70.79166666666667,987.2416666666667,5.4750000000000005,222.69932737132166,Very Good
2023-06-29,18.5,28.95,75.66666666666667,986.1999999999999,5.366666666666667,243.67850485048618,Good
2023-06-30,18.0,28.9875,75.75,985.3625000000001,6.9750000000000005,208.73579421062712,Good
2023-07-01,15.7,28.541666666666668,78.08333333333333,985.6999999999999,9.316666666666666,202.9630131106707,Good
2023-07-02,14.3,28.2375,77.625,986.6958333333333,9.025,200.39378835198187,Very Good
2023-07-03,12.9,28.09583333333333,74.625,987.5958333333333,10.758333333333333,220.69252920813517,Very Good
2023-07-04,15.8,27.40416666666667,77.16666666666667,988.0833333333334,7.3374999999999995,220.71914810341167,Good
2023-07-05,17.3,26.479166666666668,79.375,987.8041666666667,8.008333333333333,214.7759448558443,Good
2023-07-06,16.7,28.883333333333336,67.70833333333333,987.7624999999999,7.033333333333334,258.6350834100165,Good
2023-07-07,18.7,29.358333333333334,68.33333333333333,987.5875,6.2124999999999995,237.1950039635397,Good
2023-07-08,23.8,29.7,69.79166666666667,987.4833333333332,6.570833333333334,165.6224951864342,Good
2023-07-09,21.1,28.454166666666666,74.375,987.4833333333332,6.158333333333334,150.51837315664534,Good
2023-07-10,15.0,28.34166666666667,74.625,987.6166666666667,8.208333333333334,188.87079429072102,Very Good
2023-07-11,14.7,28.375,77.41666666666667,987.7208333333333,5.466666666666666,219.15874964016803,Very Good
2023-07-12,17.1,28.95,72.66666666666667,987.8541666666666,7.158333333333334,239.78822469202493,Good
2023-07-13,16.8,30.516666666666666,62.416666666666664,986.9583333333334,10.875,253.14177984047652,Good
2023-07-14,18.2,29.770833333333332,64.70833333333333,986.4875000000001,14.183333333333332,262.3559549785555,Good
2023-07-17,15.9,29.425,64.83333333333333,982.0083333333333,18.025000000000002,257.37907363400257,Good
2023-07-18,14.5,29.59583333333333,64.33333333333333,982.1166666666667,17.595833333333335,254.16838662290576,Very Good
2023-07-19,17.6,29.670833333333334,62.791666666666664,982.7833333333333,14.833333333333334,259.59923548151704,Good
2023-07-20,18.0,29.8125,61.208333333333336,984.0,11.745833333333332,267.1837261360549,Good
2023-07-21,19.0,27.2,82.125,986.3208333333333,6.304166666666667,352.33377655251115,Good
2023-07-22,18.3,26.883333333333336,84.95833333333333,987.4916666666667,6.341666666666666,72.09759235503736,Good
2023-07-23,14.9,26.745833333333334,84.83333333333333,987.4250000000001,6.533333333333334,68.4373008637022,Very Good
2023-07-24,14.8,26.625,83.125,986.1458333333334,6.55,241.42444941507102,Very Good
2023-07-25,16.8,27.054166666666664,82.0,986.2291666666666,8.424999999999999,252.92563271823877,Good
2023-07-26,17.5,28.675,72.25,986.1374999999999,11.8125,265.3499096796198,Good
2023-07-27,17.5,29.583333333333332,64.79166666666667,984.6833333333334,16.662499999999998,263.85086518056306,Good
2023-07-28,16.6,29.162499999999998,66.16666666666667,982.5875,18.1125,259.12738874794593,Good
2023-07-29,15.1,28.9875,67.54166666666667,982.8000000000001,18.233333333333334,249.6833131695749,Good
2023-07-30,14.4,28.8125,67.125,983.9541666666668,16.05,237.2563745080755,Very Good
2023-07-31,12.9,27.604166666666668,78.875,985.6333333333333,11.879166666666668,208.464253815326,Very Good
2023-08-01,19.3,28.6125,72.83333333333333,985.8708333333334,11.3375,219.50456313194684,Good
2023-08-02,22.0,27.958333333333332,74.33333333333333,986.1583333333333,9.950000000000001,221.60953459005466,Good
2023-08-03,19.6,28.458333333333332,71.95833333333333,985.7958333333332,16.433333333333334,235.38970438460595,Good
2023-08-04,17.6,27.84166666666667,73.95833333333333,988.1333333333333,15.225,229.9319663656079,Good
2023-08-05,17.9,28.77916666666667,66.25,988.7541666666666,14.645833333333334,239.99451895804663,Good
2023-08-06,19.4,28.329166666666666,71.0,986.8583333333332,15.858333333333334,241.74266927664007,Good
2023-08-07,18.4,28.412499999999998,67.29166666666667,985.7083333333334,14.841666666666667,244.9771041267209,Good
2023-08-08,18.4,28.233333333333334,72.75,986.5500000000001,11.799999999999999,233.1688774866204,Good
2023-08-09,16.4,28.77916666666667,70.75,988.0124999999999,11.0625,239.9298287742534,Good
2023-08-10,19.5,29.8125,64.0,987.3833333333333,11.491666666666667,245.1057800031423,Good
2023-08-11,20.0,30.59166666666667,59.25,986.1125000000001,14.112499999999999,254.96463884370962,Good
2023-08-12,21.6,30.337500000000002,61.75,985.3666666666667,14.525,244.91106920890104,Good
2023-08-13,19.7,30.141666666666666,65.0,985.1125000000001,12.258333333333333,245.59800392908681,Good
2023-08-14,22.5,30.733333333333334,60.541666666666664,985.2333333333332,12.995833333333332,246.27425076161305,Good
2023-08-15,21.4,30.041666666666668,63.166666666666664,985.9416666666666,13.466666666666667,233.84534713883144,Good
2023-08-16,18.6,30.162499999999998,62.125,986.5041666666666,8.979166666666666,230.03465285061918,Good
2023-08-17,17.4,29.795833333333334,65.20833333333333,986.5666666666666,8.454166666666667,234.27424432959413,Good
2023-08-18,20.6,30.03333333333333,62.833333333333336,985.6041666666666,10.799999999999999,276.570916964744,Good
2023-08-25,12.6,29.65416666666667,63.916666666666664,986.3208333333333,11.270833333333334,258.5397890377695,Very Good
2023-08-26,15.3,29.412499999999998,63.875,986.3291666666668,13.2125,261.58863428893403,Good
2023-08-27,18.1,29.895833333333332,60.333333333333336,985.3208333333333,15.283333333333333,261.56420032486056,Good
2023-08-28,21.1,30.879166666666666,56.041666666666664,984.0916666666667,14.525,257.81834041975094,Good
2023-08-29,20.3,29.77916666666667,63.416666666666664,984.225,11.0,249.43261434890485,Good
2023-08-30,21.5,28.71666666666667,72.16666666666667,985.7166666666667,5.041666666666667,175.20371263681045,Good
2023-08-31,15.9,27.599999999999998,80.5,985.9625,7.370833333333334,236.8195317993662,Good
2023-09-01,17.4,27.304166666666664,82.66666666666667,985.3208333333333,8.495833333333334,260.71752656992675,Good
2023-09-02,19.5,27.587500000000002,81.66666666666667,983.9541666666668,7.495833333333334,248.43173438546233,Good
2023-09-03,17.5,27.254166666666666,82.70833333333333,983.1208333333334,6.075,244.52044587561537,Good
2023-09-04,18.9,27.233333333333334,85.08333333333333,982.775,6.8500000000000005,246.2643868282617,Good
2023-09-05,16.3,27.695833333333336,83.375,984.8083333333334,6.770833333333333,239.04172427967407,Good
2023-09-06,12.4,26.825,81.125,987.1666666666666,8.575000000000001,245.25864858908966,Very Good
2023-09-07,14.2,26.474999999999998,86.41666666666667,987.3833333333333,7.5874999999999995,260.2984454356091,Very Good
2023-09-08,15.1,27.108333333333334,83.25,986.7958333333332,6.795833333333333,248.47036497990706,Good
2023-09-09,15.9,27.4375,84.20833333333333,985.1125000000001,6.591666666666666,209.81379924873627,Good
2023-09-10,12.2,26.6125,85.375,985.1791666666667,7.925,200.76502687121882,Very Good
2023-09-11,8.83,27.212500000000002,78.91666666666667,986.0583333333334,11.554166666666667,218.56956337762207,Very Good
2023-09-12,11.9,27.212500000000002,80.16666666666667,987.0916666666667,12.016666666666666,222.3614732907447,Very Good
2023-09-13,11.9,26.77916666666667,78.25,987.5041666666666,12.079166666666666,239.3672619294641,Very Good
2023-09-14,17.4,27.316666666666666,76.58333333333333,986.6791666666667,13.679166666666667,256.32211425954694,Good
2023-09-15,14.4,26.254166666666666,83.70833333333333,985.6083333333332,10.045833333333333,238.68885607138884,Very Good
2023-09-16,13.3,26.09583333333333,87.625,986.0083333333333,5.1375,176.9252483913209,Very Good
2023-09-17,12.6,26.295833333333334,87.79166666666667,986.5833333333334,6.429166666666667,158.98646875637132,Very Good
2023-09-18,11.2,26.46666666666667,85.66666666666667,988.3791666666666,5.270833333333333,242.39323747913613,Very Good
2023-09-19,11.6,27.320833333333336,82.0,989.6958333333333,4.5249999999999995,304.8166709045204,Very Good
2023-09-20,14.5,27.3625,83.70833333333333,988.8166666666666,4.791666666666667,291.3087652344157,Very Good
2023-09-21,14.2,27.4875,83.25,988.3333333333334,6.7250000000000005,256.35940035266185,Very Good
2023-09-22,13.5,26.566666666666666,86.5,988.1958333333333,5.791666666666667,52.86406759928525,Very Good
2023-09-23,16.8,27.037499999999998,85.79166666666667,988.1125000000001,4.1000000000000005,71.46130203509074,Good
2023-09-24,16.3,27.583333333333332,81.625,986.6541666666667,5.766666666666667,287.4812349413228,Good
2023-09-25,19.3,27.6875,80.79166666666667,985.4083333333333,5.091666666666667,330.62479052892525,Good
2023-09-26,18.9,25.241666666666664,92.79166666666667,984.9416666666666,5.595833333333334,260.9074216927894,Good
2023-09-27,12.5,25.675,87.70833333333333,984.6708333333332,6.283333333333334,201.05542725059095,Very Good
2023-09-28,9.06,25.849999999999998,87.16666666666667,987.1416666666668,9.608333333333333,163.99687298670926,Very Good
2023-09-29,8.1,26.291666666666668,85.625,989.7125,7.858333333333333,184.4261654320503,Very Good
2023-09-30,10.9,26.704166666666666,82.95833333333333,990.0,5.166666666666667,245.49545290625775,Very Good
2023-10-01,11.8,27.320833333333336,82.375,988.225,6.658333333333334,289.00492728988235,Very Good
2023-10-02,15.8,27.575,84.16666666666667,988.6625,6.595833333333334,292.17977187764166,Good
2023-10-03,15.1,26.954166666666666,87.66666666666667,988.8833333333333,4.720833333333333,276.4014745772933,Good
2023-10-04,11.6,26.27916666666667,89.375,988.5124999999999,5.279166666666667,246.03446397544639,Very Good
2023-10-05,11.2,26.28333333333333,90.04166666666667,987.3333333333334,4.833333333333333,91.740321171608,Very Good
2023-10-06,11.0,26.65833333333333,87.33333333333333,987.4833333333332,5.470833333333334,206.13968248025657,Very Good
2023-10-07,10.4,27.4875,80.375,988.3249999999999,8.0625,205.94562706510345,Very Good
2023-10-08,10.9,26.849999999999998,82.33333333333333,989.9083333333333,6.729166666666667,241.94604059630342,Very Good
2023-10-09,12.2,26.650000000000002,85.125,990.1875,3.5666666666666664,128.11298265431492,Very Good
2023-10-10,15.6,25.666666666666668,88.54166666666667,990.6458333333334,8.591666666666667,67.18004677563175,Good
2023-10-11,14.0,26.229166666666668,83.58333333333333,991.3208333333333,10.1625,80.91860097401502,Very Good
2023-10-12,13.1,26.375,83.70833333333333,992.125,8.641666666666667,72.81449526184252,Very Good
2023-10-13,14.7,26.708333333333332,80.66666666666667,991.5500000000001,8.9375,57.62892142135303,Very Good
2023-10-14,12.7,26.891666666666666,80.16666666666667,989.6708333333332,6.9750000000000005,53.113743704420074,Very Good
2023-10-15,16.9,27.445833333333336,75.66666666666667,988.5208333333334,8.174999999999999,63.07302048183823,Good
2023-10-16,22.9,26.754166666666666,75.25,989.7083333333334,9.916666666666666,67.37038641729379,Good
2023-10-27,11.2,26.416666666666668,84.79166666666667,990.4041666666667,5.379166666666666,98.26061193725064,Very Good
2023-10-28,15.2,26.46666666666667,86.04166666666667,990.3416666666667,4.341666666666667,54.32121895908773,Good
2023-10-29,12.3,25.383333333333336,90.04166666666667,990.4125,4.5375000000000005,78.00335451788237,Very Good
2023-10-30,17.4,24.90833333333333,91.75,991.1750000000001,8.191666666666666,60.24544034838249,Good
2023-10-31,13.5,25.820833333333336,81.70833333333333,992.4458333333333,12.954166666666666,48.817777439790575,Very Good
2023-11-01,17.1,26.025000000000002,74.20833333333333,992.5666666666666,12.733333333333334,48.99417935117708,Good
2023-11-02,28.2,26.025000000000002,74.70833333333333,991.4125,7.6125,67.42570034863127,Moderate
2023-11-03,29.7,26.666666666666668,78.08333333333333,989.0791666666668,5.470833333333334,65.35304575968985,Moderate
2023-11-04,33.4,26.666666666666668,83.0,989.2708333333334,5.020833333333333,124.44509993879501,Moderate
2023-11-05,27.1,26.616666666666664,85.41666666666667,990.2916666666666,5.8,228.80157402395983,Moderate
2023-11-06,16.2,27.308333333333334,78.04166666666667,990.4625,6.195833333333334,43.660160950106786,Good
2023-11-07,15.6,26.816666666666666,81.0,990.9041666666667,6.6125,66.77050948531974,Good
2023-11-08,21.6,27.004166666666666,81.83333333333333,990.1875,5.366666666666667,69.60061293510415,Good
2023-11-09,23.1,26.962500000000002,82.08333333333333,990.4583333333334,6.416666666666667,117.56588846000471,Good
2023-11-10,24.4,26.916666666666668,85.33333333333333,991.5500000000001,5.595833333333334,154.5527251457861,Good
2023-11-11,18.3,26.854166666666668,85.66666666666667,991.9,6.133333333333333,4.8705312233724385,Good
2023-11-12,16.2,27.041666666666668,82.875,992.125,6.3125,81.14275127044846,Good
2023-11-13,17.0,26.941666666666666,78.95833333333333,992.3708333333334,9.612499999999999,61.385434362876026,Good
2023-11-14,12.6,27.070833333333336,69.41666666666667,993.6208333333334,16.120833333333334,59.951665723899225,Very Good
2023-11-15,12.3,26.375,70.25,994.0958333333333,12.116666666666667,60.266655989000355,Very Good
2023-11-16,13.1,26.75,69.16666666666667,994.8874999999999,18.116666666666667,58.59941327418562,Very Good
2023-11-17,12.5,23.412499999999998,58.0,997.0333333333333,17.254166666666666,54.155427676743045,Very Good
2023-11-18,23.2,22.229166666666668,54.791666666666664,996.25,15.383333333333333,51.835935029335474,Good
2023-11-19,27.2,22.166666666666668,58.375,995.1041666666666,13.033333333333333,52.23317017080171,Moderate
2023-11-20,31.3,22.608333333333334,64.20833333333333,994.0208333333334,10.295833333333333,45.3352458370814,Moderate
2023-11-21,33.5,23.46666666666667,67.375,992.1291666666666,7.7250000000000005,43.03677977975161,Moderate
2023-11-22,37.0,24.020833333333332,69.625,990.6583333333333,7.620833333333334,39.53889718502484,Moderate
2023-11-23,34.4,24.920833333333334,69.75,990.5708333333333,8.770833333333334,40.62480512435246,Moderate
2023-11-24,21.8,25.741666666666664,64.875,991.9666666666667,14.35,53.719469729326704,Good
2023-11-25,24.3,25.483333333333334,61.625,992.5666666666666,13.491666666666667,42.404325214058815,Good
2023-11-26,33.0,25.650000000000002,70.16666666666667,992.9958333333334,14.891666666666666,47.25781394890623,Moderate
2023-11-27,17.0,25.395833333333332,66.83333333333333,992.8916666666668,14.225,51.2851852925786,Good
2023-11-28,35.3,24.2,62.166666666666664,992.2291666666666,13.995833333333332,57.05057479235961,Moderate
2023-11-29,37.9,23.979166666666668,67.625,992.3000000000001,8.991666666666667,40.162441895965685,Unhealthy
2023-11-30,39.0,25.895833333333332,69.54166666666667,992.4541666666668,9.645833333333334,45.818119350431004,Unhealthy
2023-12-01,23.4,26.445833333333336,73.66666666666667,991.9208333333332,12.670833333333334,51.998491220606354,Good
2023-12-02,14.5,26.541666666666668,72.45833333333333,992.1625,12.887500000000001,57.280672828806416,Very Good
2023-12-03,13.3,26.320833333333336,70.83333333333333,992.3833333333333,12.970833333333333,55.74292012426139,Very Good
2023-12-04,22.2,25.775000000000002,74.54166666666667,991.9041666666667,8.779166666666667,64.9106669658953,Good
2023-12-05,21.0,26.229166666666668,74.54166666666667,990.9333333333334,7.4125000000000005,76.25174353704892,Good
2023-12-06,28.1,27.245833333333334,70.83333333333333,991.4875000000001,6.766666666666667,52.348057015576615,Moderate
2023-12-07,19.1,26.125,65.08333333333333,992.6,12.633333333333333,76.71116552209526,Good
2023-12-08,26.8,25.3125,67.70833333333333,991.9499999999999,5.904166666666666,66.70013449141413,Moderate
2023-12-09,37.9,26.133333333333336,70.33333333333333,990.3916666666668,4.1875,80.63895141706598,Unhealthy
2023-12-10,37.6,26.879166666666666,68.125,988.9083333333333,4.825,154.9948242284837,Unhealthy
2023-12-11,31.9,27.295833333333334,70.45833333333333,989.7666666666668,5.341666666666666,108.08420606822017,Moderate
2023-12-12,38.0,27.241666666666664,69.45833333333333,990.0333333333333,6.670833333333333,90.7969064862587,Unhealthy
2023-12-13,37.3,26.224999999999998,69.0,992.0,8.5625,62.85228750648412,Moderate
2023-12-14,30.9,26.325,70.16666666666667,992.475,7.575,56.167582271902404,Moderate
2023-12-15,31.9,26.833333333333332,67.95833333333333,991.6208333333334,6.033333333333334,67.77966630509718,Moderate
2023-12-16,40.3,27.108333333333334,67.33333333333333,991.4499999999999,7.083333333333333,40.94888010377832,Unhealthy
2023-12-17,28.4,26.491666666666664,63.5,993.0708333333333,16.170833333333334,64.91654237725857,Moderate
2023-12-18,16.9,24.058333333333334,65.95833333333333,994.1,9.404166666666667,46.0752645795572,Good
2023-12-19,27.5,25.40416666666667,69.70833333333333,993.4375,8.7875,48.06490285900986,Moderate
2023-12-20,21.5,25.129166666666666,61.75,993.6041666666666,14.125,59.67224722311914,Good
2023-12-21,15.7,22.316666666666666,56.416666666666664,995.4041666666667,16.595833333333335,57.996980589710404,Good
2023-12-22,19.8,19.662499999999998,54.083333333333336,998.2291666666666,19.308333333333334,57.489103838003814,Good
2023-12-23,24.1,18.95,54.083333333333336,999.0791666666668,16.837500000000002,48.46114665105699,Good
2023-12-24,29.7,20.325,53.208333333333336,999.4125,16.666666666666668,50.28025793658742,Moderate
2023-12-25,32.9,19.804166666666667,51.416666666666664,998.3208333333333,14.3375,55.51378795568189,Moderate
2023-12-26,41.9,20.991666666666667,60.875,997.3041666666667,9.658333333333333,60.508941876560186,Unhealthy
2023-12-27,38.2,23.2,62.625,996.625,10.725,41.52218400709927,Unhealthy
2023-12-28,33.8,24.037499999999998,64.95833333333333,994.9833333333332,9.320833333333333,39.9951053606722,Moderate
2023-12-29,28.9,25.0125,64.79166666666667,993.625,8.529166666666667,37.66226649789661,Moderate
2023-12-30,27.2,25.325,68.54166666666667,992.2624999999999,8.091666666666667,35.650803455821745,Moderate
2023-12-31,23.9,25.6125,68.45833333333333,992.225,7.545833333333333,37.547922668213005,Good
2024-01-01,26.5,25.679166666666664,66.25,991.8958333333334,7.895833333333333,52.90052012528338,Moderate
2024-01-02,23.7,25.53333333333333,63.666666666666664,991.6416666666668,7.370833333333334,39.80446452798856,Good
2024-01-03,32.2,24.974999999999998,62.0,991.9291666666667,8.4625,45.35035722954149,Moderate
2024-01-04,26.4,24.704166666666666,66.45833333333333,992.625,9.320833333333333,50.09849376390025,Moderate
2024-01-05,29.6,24.599999999999998,64.75,992.7624999999999,7.166666666666667,51.313868119627955,Moderate
2024-01-06,32.2,24.483333333333334,62.666666666666664,992.9499999999999,7.858333333333333,46.453729284089206,Moderate
2024-01-07,34.7,24.266666666666666,65.58333333333333,993.2416666666667,7.7,51.65510498019728,Moderate
2024-01-08,37.5,24.650000000000002,67.54166666666667,992.3375,6.825,56.09299461445124,Moderate
2024-01-09,43.1,26.070833333333336,64.875,991.025,4.7749999999999995,86.98849676808896,Unhealthy
2024-01-10,46.3,27.09583333333333,62.125,990.1583333333333,6.6625000000000005,118.1384901669727,Unhealthy
2024-01-11,41.0,27.224999999999998,65.20833333333333,990.8458333333333,5.970833333333334,97.36483358257021,Unhealthy
2024-01-12,42.3,27.599999999999998,65.375,990.3041666666667,6.8374999999999995,114.33919469273451,Unhealthy
2024-01-13,39.5,27.179166666666664,66.16666666666667,991.0166666666668,7.925,59.1723894282822,Unhealthy
2024-01-14,37.1,26.129166666666666,61.416666666666664,992.6916666666666,9.758333333333333,51.010972344952336,Moderate
2024-01-15,29.7,25.3625,61.125,992.8041666666667,10.870833333333332,58.52524392292696,Moderate
2024-01-16,26.7,24.891666666666666,61.25,992.3541666666666,8.924999999999999,50.711062409172655,Moderate
2024-01-17,29.2,24.695833333333336,62.708333333333336,992.0041666666666,7.670833333333333,57.74012469103559,Moderate
2024-01-18,39.6,25.016666666666666,62.541666666666664,991.5291666666667,6.033333333333334,47.646095505834126,Unhealthy
2024-01-19,44.4,25.9875,59.291666666666664,990.6541666666667,5.3374999999999995,85.26255090618565,Unhealthy
2024-01-20,46.1,27.129166666666666,53.958333333333336,990.5625,4.583333333333333,98.1968402093703,Unhealthy
2024-01-21,48.7,27.270833333333332,56.541666666666664,991.2833333333333,5.1875,344.77112217455567,Unhealthy
2024-01-22,50.6,26.795833333333334,62.041666666666664,992.0749999999999,5.466666666666666,100.8101548250354,Unhealthy
2024-01-23,46.4,24.65833333333333,57.791666666666664,994.9208333333332,14.983333333333334,57.23640977653821,Unhealthy
2024-01-24,18.5,21.758333333333336,53.833333333333336,996.7083333333334,14.025,48.48924610950667,Good
2024-01-25,20.1,20.866666666666667,62.708333333333336,998.0749999999999,13.370833333333332,44.35447994217884,Good
2024-01-26,25.6,23.141666666666666,58.541666666666664,997.75,10.308333333333334,54.990010084872665,Moderate
2024-01-27,33.3,24.5,61.083333333333336,996.1958333333333,9.0125,61.70135000202828,Moderate
2024-01-28,32.3,24.791666666666668,60.375,995.8208333333333,10.866666666666667,63.14963155442615,Moderate
2024-01-29,31.9,24.28333333333333,58.541666666666664,995.7166666666667,9.058333333333334,54.95488485156659,Moderate
2024-01-30,36.7,25.3125,64.83333333333333,994.475,6.245833333333334,42.2706663816798,Moderate
2024-01-31,51.3,26.8125,65.70833333333333,993.3208333333333,3.35,164.91034036920132,Unhealthy
2024-02-01,58.2,27.84583333333333,62.625,992.9791666666666,6.341666666666666,275.1461163523151,Unhealthy
2024-02-03,58.2,28.370833333333334,65.66666666666667,991.9041666666667,5.875,277.9611741494533,Unhealthy
2024-02-04,47.9,28.8875,63.083333333333336,992.2333333333332,7.270833333333333,271.7671875154465,Unhealthy
2024-02-05,45.1,29.40416666666667,53.291666666666664,992.0583333333334,7.925,290.38922808249566,Unhealthy
2024-02-06,50.4,29.295833333333334,49.958333333333336,992.1333333333333,7.504166666666666,280.7090841228185,Unhealthy
2024-02-07,52.7,28.920833333333334,50.375,991.0458333333332,7.75,272.74564182183315,Unhealthy
2024-02-08,55.6,28.858333333333334,52.208333333333336,989.7791666666667,6.358333333333333,272.1302711339021,Unhealthy
2024-02-09,53.5,29.020833333333332,56.291666666666664,991.8249999999999,6.833333333333333,96.24727162597361,Unhealthy
2024-02-10,37.6,24.370833333333334,60.291666666666664,996.6333333333333,15.35,50.96803922101185,Unhealthy
2024-02-11,32.6,23.650000000000002,53.541666666666664,998.5708333333333,13.504166666666668,47.60330493776087,Moderate
2024-02-12,40.3,23.570833333333336,56.708333333333336,997.3375,9.916666666666666,58.63403763432302,Unhealthy
2024-02-13,48.2,24.133333333333336,59.875,995.125,7.55,51.583189824951205,Unhealthy
2024-02-14,58.1,25.445833333333336,58.208333333333336,993.1291666666666,6.566666666666666,63.76076904840198,Unhealthy
2024-02-15,65.1,27.758333333333336,51.708333333333336,992.6999999999999,6.425,59.346896304495715,Unhealthy
2024-02-16,61.4,27.179166666666664,53.958333333333336,992.775,8.566666666666666,74.69583598820282,Unhealthy
2024-02-17,54.3,28.2375,54.833333333333336,990.6958333333333,6.4624999999999995,158.5615206657484,Unhealthy
2024-02-18,45.7,28.75,64.66666666666667,990.6666666666666,6.5249999999999995,223.54363869987847,Unhealthy
2024-02-19,39.0,29.96666666666667,56.625,990.375,5.7375,219.29042579804812,Unhealthy
2024-02-20,32.9,30.270833333333332,56.541666666666664,989.7041666666668,8.9625,230.0922905091111,Moderate
2024-02-21,27.4,30.329166666666666,55.083333333333336,989.3125,9.1875,211.53027441750302,Moderate
2024-02-22,30.2,30.108333333333334,54.916666666666664,990.2791666666667,5.45,188.616389509791,Moderate
2024-02-23,33.3,29.808333333333334,60.583333333333336,991.15,4.379166666666666,215.10878972066246,Moderate
2024-02-24,37.7,29.691666666666666,62.0,991.2583333333333,6.991666666666667,120.04163676249368,Unhealthy
2024-02-25,45.5,30.150000000000002,54.291666666666664,991.4166666666666,9.525,73.73918395431332,Unhealthy
2024-02-26,48.9,29.258333333333336,51.541666666666664,991.7583333333333,8.991666666666667,84.27997063788109,Unhealthy
2024-02-27,51.6,28.791666666666668,53.333333333333336,991.2125,9.174999999999999,84.96039246385777,Unhealthy
2024-02-28,48.4,28.72083333333333,56.041666666666664,989.9875000000001,7.129166666666666,107.56841296102846,Unhealthy
2024-02-29,47.3,29.90833333333333,59.708333333333336,989.5875,6.095833333333334,180.90765292836898,Unhealthy
2024-03-01,44.2,29.291666666666668,63.791666666666664,990.6916666666666,7.945833333333333,36.75257426811402,Unhealthy
2024-03-02,46.3,28.52916666666667,54.125,991.2833333333333,11.320833333333333,76.0288657629049,Unhealthy
2024-03-03,40.8,28.9375,51.75,990.5083333333333,6.191666666666666,69.77844709436044,Unhealthy
2024-03-04,49.7,30.670833333333334,55.458333333333336,988.625,7.6499999999999995,268.2053198361867,Unhealthy
2024-03-05,40.8,31.2375,49.583333333333336,987.7833333333333,10.104166666666666,255.41418774667386,Unhealthy
2024-03-06,39.5,30.704166666666666,48.208333333333336,986.5458333333332,7.866666666666667,254.60124229546093,Unhealthy
2024-03-07,48.8,31.645833333333332,45.041666666666664,986.5083333333333,6.1125,275.7006923782794,Unhealthy
2024-03-08,43.1,29.96666666666667,63.541666666666664,988.3708333333334,7.916666666666667,108.74788410192423,Unhealthy
2024-03-09,42.1,28.245833333333334,73.5,989.7958333333332,6.470833333333334,143.5717134510146,Unhealthy
2024-03-10,44.3,28.745833333333334,70.625,991.35,5.754166666666666,108.11572901527228,Unhealthy
2024-03-11,47.3,28.15416666666667,74.45833333333333,992.3000000000001,6.3999999999999995,97.33574514539248,Unhealthy
2024-03-12,53.6,28.75,66.0,991.7458333333334,6.866666666666667,122.59677558774831,Unhealthy
2024-03-13,45.2,29.708333333333332,63.75,990.5666666666666,7.579166666666667,225.2607901752287,Unhealthy
2024-03-14,39.3,30.495833333333334,57.708333333333336,989.7624999999999,7.6125,218.41663823501068,Unhealthy
2024-03-15,41.4,30.883333333333336,55.125,989.5749999999999,8.270833333333334,187.45103858300547,Unhealthy
2024-03-16,42.9,28.9875,67.625,991.2041666666668,8.275,177.7458860911048,Unhealthy
2024-03-17,36.7,31.704166666666666,50.333333333333336,990.5,8.320833333333333,217.22841061903355,Moderate
2024-03-18,42.6,31.8,48.125,989.3458333333333,4.570833333333334,203.20521682366928,Unhealthy
2024-03-19,46.6,28.1375,70.58333333333333,990.7833333333333,6.933333333333334,296.40248334786776,Unhealthy
2024-03-20,35.8,25.974999999999998,73.375,993.7541666666666,12.358333333333334,46.13247329473654,Moderate
2024-03-21,21.5,25.775000000000002,67.41666666666667,992.1541666666667,6.983333333333333,38.274260571644334,Good
2024-03-22,39.2,27.879166666666666,70.70833333333333,987.9541666666668,5.058333333333334,219.58033689596058,Unhealthy
2024-03-23,46.7,29.412499999999998,66.79166666666667,987.6374999999999,8.479166666666666,217.13893282478398,Unhealthy
2024-03-24,35.2,29.5625,65.0,989.4458333333333,7.3,242.7418903692579,Moderate
2024-03-25,38.3,29.95,63.125,989.4791666666666,7.3125,228.0248890067722,Unhealthy
2024-03-26,41.2,28.504166666666666,71.54166666666667,990.9458333333333,6.0625,222.09506177952142,Unhealthy
2024-03-27,30.6,27.858333333333334,75.79166666666667,992.8708333333334,5.895833333333333,191.21728998644363,Moderate
2024-03-28,31.8,28.458333333333332,74.29166666666667,990.3083333333334,5.566666666666666,226.81726595609464,Moderate
2024-03-29,35.0,28.379166666666666,73.58333333333333,989.9458333333333,5.483333333333333,181.91763975585582,Moderate
2024-03-30,36.5,29.775000000000002,66.83333333333333,991.0,7.691666666666666,233.97745930606868,Moderate
2024-03-31,29.3,31.587500000000002,53.791666666666664,989.8666666666667,10.916666666666666,236.7258206981224,Moderate
2024-04-01,31.4,32.03333333333333,48.208333333333336,987.3208333333333,10.333333333333334,238.61827619775477,Moderate
2024-04-02,43.5,32.3375,50.666666666666664,985.975,9.520833333333334,237.68761379141563,Unhealthy
2024-04-03,46.0,32.44583333333333,48.916666666666664,986.6708333333332,9.354166666666666,236.1757901256779,Unhealthy
2024-04-04,49.9,32.49166666666667,52.041666666666664,986.4041666666667,8.083333333333334,238.281583887581,Unhealthy
2024-04-05,52.3,32.87083333333333,51.0,985.6791666666667,6.5375000000000005,254.71787841733885,Unhealthy
2024-04-06,42.5,33.512499999999996,47.041666666666664,986.1916666666666,6.579166666666667,214.1750235572291,Unhealthy
2024-04-07,37.7,33.49583333333333,50.333333333333336,986.1875,7.991666666666667,229.1048424218331,Unhealthy
2024-04-08,34.6,33.99166666666667,48.875,986.9541666666668,6.383333333333333,245.85381367578344,Moderate
2024-04-09,35.1,32.233333333333334,54.0,988.0500000000001,7.579166666666667,161.20875489332127,Moderate
2024-04-10,50.3,30.7,63.041666666666664,990.0333333333333,8.225,54.10003693267822,Unhealthy
2024-04-11,49.6,31.454166666666666,59.291666666666664,989.6416666666668,6.9125000000000005,60.89712914001575,Unhealthy
2024-04-12,56.4,31.65416666666667,59.791666666666664,988.5583333333334,6.391666666666667,292.57020674826435,Unhealthy
2024-04-13,56.3,31.912499999999998,59.0,987.8666666666667,7.7250000000000005,249.65532178287253,Unhealthy
2024-04-14,45.5,32.075,58.875,988.4791666666666,7.5125,229.41901304256723,Unhealthy
2024-04-15,41.6,32.61666666666667,55.291666666666664,988.6458333333334,6.208333333333333,226.17888467486256,Unhealthy
2024-04-16,40.9,32.72083333333333,52.041666666666664,987.6583333333333,6.7625,232.5846316909792,Unhealthy
2024-04-17,35.5,33.025,48.416666666666664,986.8625000000001,8.591666666666667,226.51571385301156,Moderate
2024-04-18,34.1,33.175000000000004,47.333333333333336,985.6041666666666,9.866666666666667,219.10606313364715,Moderate
2024-04-19,32.9,32.78333333333333,51.5,984.4250000000001,13.020833333333334,214.51223900058974,Moderate
2024-04-20,35.0,33.387499999999996,48.333333333333336,984.1291666666666,12.737499999999999,231.6699082569052,Moderate
2024-04-21,40.6,33.583333333333336,46.708333333333336,985.0583333333334,11.8375,234.35740399177183,Unhealthy
2024-04-22,43.1,33.88333333333333,45.0,984.8083333333334,9.075000000000001,242.82909033827065,Unhealthy
2024-04-23,36.0,33.891666666666666,46.25,984.7125,9.791666666666666,210.77978537260924,Moderate
2024-04-24,30.4,34.25833333333333,42.166666666666664,984.9291666666667,9.262500000000001,214.11619399329248,Moderate
2024-04-25,28.1,34.50833333333333,43.041666666666664,985.1333333333333,8.520833333333334,243.93891551035478,Moderate
2024-04-26,25.6,35.141666666666666,37.791666666666664,984.4625,11.404166666666667,237.1856109386668,Moderate
2024-04-27,23.1,34.90416666666667,38.916666666666664,984.225,11.995833333333332,257.37326499469805,Good
2024-04-28,28.5,35.137499999999996,40.833333333333336,985.0791666666668,11.304166666666667,239.21337852330345,Moderate
2024-04-29,25.3,35.44583333333333,39.625,985.6833333333334,10.025,232.26505794554922,Moderate
2024-04-30,28.2,35.375,38.875,983.4375,13.25,227.99549731859534,Moderate
2024-05-01,34.5,35.15,44.083333333333336,982.8416666666667,13.070833333333333,221.1522612502099,Moderate
2024-05-02,43.3,35.475,39.0,983.8874999999999,14.608333333333334,202.39162393522722,Unhealthy
2024-05-03,40.3,34.225,45.375,985.4708333333333,9.604166666666666,247.57319246876705,Unhealthy
2024-05-04,32.3,33.74583333333333,46.083333333333336,985.4666666666667,6.699999999999999,212.3449433068555,Moderate
2024-05-05,35.0,32.90833333333333,55.0,985.4666666666667,9.325000000000001,208.1404436038691,Moderate
2024-05-06,35.4,30.912499999999998,64.625,987.5208333333334,8.083333333333334,153.9551196293521,Moderate
2024-05-07,28.2,29.233333333333334,71.91666666666667,989.7666666666668,6.791666666666667,154.6767158355226,Moderate
2024-05-08,26.1,30.775000000000002,64.125,988.5583333333334,3.7624999999999997,206.37264616599077,Moderate
2024-05-09,28.2,30.2625,64.79166666666667,988.1374999999999,8.1625,216.5278438454271,Moderate
2024-05-10,32.5,30.004166666666666,68.66666666666667,988.9291666666667,5.279166666666667,0.18633690448507423,Moderate
2024-05-11,23.2,30.041666666666668,67.29166666666667,989.7208333333333,5.666666666666667,304.3360609400303,Good
2024-05-12,22.3,30.45,69.29166666666667,988.6583333333333,6.508333333333333,283.2518818638012,Good
2024-05-13,23.7,29.575,74.20833333333333,987.7916666666666,6.0,297.02327861522866,Good
2024-05-14,22.3,30.416666666666668,65.33333333333333,988.2708333333334,4.929166666666666,69.95202444192302,Good
2024-05-15,30.1,30.829166666666666,65.29166666666667,988.5375,7.208333333333333,313.06058799291594,Moderate
2024-05-16,28.2,29.5125,74.375,988.5791666666668,5.979166666666667,98.39579976066483,Moderate
2024-05-17,28.7,28.9875,76.33333333333333,987.9083333333333,5.566666666666666,61.84347656932931,Moderate
2024-05-18,32.3,29.429166666666664,75.45833333333333,985.9083333333333,7.416666666666667,204.47855348362143,Moderate
2024-05-19,23.4,29.1875,76.33333333333333,984.4,9.3375,226.22058899966254,Good
2024-05-20,17.9,30.066666666666666,72.20833333333333,984.1208333333334,7.1499999999999995,222.32612086114185,Good
2024-05-21,16.0,27.55,82.45833333333333,986.0291666666667,6.5,183.18479117168752,Good
2024-05-22,15.5,27.245833333333334,86.66666666666667,986.3416666666667,3.970833333333333,3.9373434651669186,Good
2024-05-23,15.8,27.712500000000002,84.29166666666667,986.1208333333334,3.7916666666666665,201.1702803393437,Good
2024-05-24,13.7,27.820833333333336,83.83333333333333,986.2916666666666,6.845833333333334,155.2828775563089,Very Good
2024-05-25,13.4,29.270833333333332,73.875,986.6916666666666,5.133333333333334,201.96377051896343,Very Good
2024-05-26,14.8,29.329166666666666,73.5,987.3416666666667,5.408333333333332,232.95040986860096,Very Good
2024-05-27,15.5,30.1375,68.25,985.8916666666668,9.233333333333333,239.24380469373182,Good
2024-05-28,16.8,30.166666666666668,64.66666666666667,985.7208333333333,11.9375,258.25591691798206,Good
2024-05-29,16.4,30.858333333333334,63.416666666666664,985.15,12.691666666666668,250.91485929327484,Good
2024-05-30,17.0,30.608333333333334,64.375,984.6666666666666,14.870833333333332,250.06075533673584,Good
2024-05-31,15.2,29.837500000000002,70.33333333333333,984.9541666666668,11.216666666666667,232.15118624213233,Good
2024-06-01,14.8,28.400000000000002,75.75,987.8874999999999,11.275,203.59338957617913,Very Good
2024-06-02,13.4,30.241666666666664,66.20833333333333,988.9125,11.887500000000001,239.67524756374195,Very Good
2024-06-03,16.8,30.295833333333334,62.0,987.85,12.895833333333334,246.51278467355303,Good
2024-06-04,16.4,31.0,58.208333333333336,986.6166666666667,14.200000000000001,253.4558730085101,Good
2024-06-05,16.8,30.96666666666667,60.708333333333336,987.0583333333334,14.204166666666666,235.45715251484273,Good
2024-06-06,16.0,31.570833333333336,55.75,987.7333333333332,10.058333333333334,243.97078534858917,Good
2024-06-07,16.9,30.520833333333332,63.0,986.4333333333334,11.804166666666667,230.90388640046478,Good
2024-06-08,16.9,31.375,57.166666666666664,984.4541666666668,14.379166666666668,238.7018002450522,Good
2024-06-09,18.0,31.079166666666666,57.958333333333336,983.9166666666666,12.7125,232.83545163118808,Good
2024-06-10,15.5,29.8,66.20833333333333,985.4375,12.945833333333333,202.05118161360022,Good
2024-06-11,14.0,29.391666666666666,69.04166666666667,987.1333333333333,12.954166666666666,205.5884015116789,Very Good
2024-06-12,15.2,30.491666666666664,61.916666666666664,988.3291666666668,12.979166666666666,238.71679003593687,Good
2024-06-13,17.2,31.55,56.5,987.2833333333333,14.229166666666666,250.68521951994012,Good
2024-06-14,18.5,32.34166666666666,53.666666666666664,985.3208333333333,13.75,254.6676439313647,Good
2024-06-15,17.0,32.920833333333334,51.25,984.5500000000001,11.308333333333332,263.33628547168195,Good
2024-06-16,18.2,32.949999999999996,51.25,985.3000000000001,10.629166666666666,246.89917432366667,Good
2024-06-17,16.7,31.40416666666667,59.958333333333336,985.7666666666668,11.779166666666667,235.36322459641428,Good
2024-06-18,17.2,31.270833333333332,59.083333333333336,985.1750000000001,13.275,254.0393635951669,Good
2024-06-19,18.3,31.608333333333334,55.583333333333336,984.4499999999999,12.2125,256.3011437742584,Good
2024-06-20,18.1,31.379166666666666,58.375,984.0875,12.433333333333332,256.58480711345646,Good
2024-06-21,15.7,30.7625,61.291666666666664,983.2958333333332,11.391666666666666,251.85905375567154,Good
2024-06-22,15.9,28.758333333333336,75.16666666666667,983.2166666666667,8.424999999999999,228.93589565627957,Good
2024-06-23,15.4,28.05,78.70833333333333,983.8375,8.295833333333333,220.39688429618616,Good
2024-06-24,15.2,28.483333333333334,72.5,983.9416666666666,9.325000000000001,224.48771649641148,Good
2024-06-25,15.5,28.662499999999998,71.58333333333333,983.875,11.424999999999999,206.9420654000869,Good
2024-06-26,13.0,27.204166666666666,79.875,985.9625,6.529166666666666,182.7674015586093,Very Good
2024-06-27,14.6,28.28333333333333,76.16666666666667,987.6541666666667,5.295833333333333,202.0861782913881,Very Good
2024-06-28,17.4,28.004166666666666,81.375,987.1083333333332,6.3500000000000005,209.49731302576114,Good
2024-06-29,15.7,27.912499999999998,81.33333333333333,987.3958333333334,7.379166666666666,212.37608134905744,Good
2024-06-30,16.0,28.208333333333332,76.625,988.1666666666666,8.908333333333333,214.36652619730913,Good
2024-07-01,14.9,27.837500000000002,74.33333333333333,987.1333333333333,9.758333333333333,250.8313488218343,Very Good
2024-07-02,16.3,28.504166666666666,69.20833333333333,985.6875,10.345833333333333,265.3048432164808,Good
2024-07-03,17.9,28.645833333333332,71.95833333333333,986.5833333333334,6.7250000000000005,211.20659246933036,Good
2024-07-04,16.1,27.3625,82.0,988.4833333333332,4.366666666666666,188.2457223698271,Good
2024-07-05,18.4,27.808333333333334,76.08333333333333,986.5333333333333,6.108333333333333,224.7870378049847,Good
2024-07-06,17.2,28.1125,78.16666666666667,985.0291666666667,3.9916666666666667,199.9301532799123,Good
2024-07-07,16.9,27.825,80.79166666666667,985.6916666666666,4.4624999999999995,133.9821796856404,Good
2024-07-08,17.0,27.912499999999998,80.25,985.9875000000001,4.945833333333334,214.08741381503896,Good
2024-07-09,16.8,27.537499999999998,80.95833333333333,987.1041666666666,6.0125,240.98424803303845,Good
2024-07-10,17.4,27.379166666666666,82.25,987.7333333333332,6.904166666666666,218.32789856056067,Good
2024-07-11,15.2,28.1375,75.91666666666667,986.2583333333333,13.204166666666666,250.71758603329246,Good
2024-07-12,14.7,27.879166666666666,72.29166666666667,984.6458333333334,11.441666666666668,244.3920529782632,Very Good
2024-07-13,14.7,28.333333333333332,71.66666666666667,983.1833333333334,14.591666666666667,252.31851193839867,Very Good
2024-07-14,14.9,28.25,74.54166666666667,983.7708333333334,11.120833333333332,248.119633158078,Very Good
2024-07-15,16.3,27.0,77.58333333333333,984.3874999999999,12.450000000000001,272.1421159444959,Good
2024-07-16,16.6,26.741666666666664,81.625,983.1583333333333,15.104166666666666,270.1098580235707,Good
2024-07-17,15.0,26.962500000000002,81.125,983.1666666666666,9.258333333333333,248.69529476834754,Very Good
2024-07-18,13.9,27.09166666666667,79.83333333333333,984.2125,12.733333333333334,245.6620485869705,Very Good
2024-07-19,15.3,27.808333333333334,76.95833333333333,984.5708333333333,12.270833333333334,236.4770334907143,Good
2024-07-20,14.5,27.78333333333333,77.83333333333333,985.6875,10.629166666666666,235.27388778433738,Very Good
2024-07-21,18.6,28.179166666666664,76.70833333333333,985.9333333333334,11.916666666666666,256.97059196252485,Good
2024-07-22,19.1,28.129166666666666,73.79166666666667,985.9250000000001,15.491666666666667,260.00478372308015,Good
2024-07-23,19.0,28.195833333333336,72.08333333333333,985.0916666666667,17.916666666666668,246.11466923187675,Good
2024-07-24,16.0,28.641666666666666,67.66666666666667,982.6416666666668,19.704166666666666,238.15723407362447,Good
2024-07-25,15.1,28.329166666666666,69.25,981.7583333333333,19.095833333333335,239.77447439728752,Good
2024-07-26,15.9,27.791666666666668,73.0,983.15,16.395833333333332,237.01745673177777,Good
2024-07-27,17.0,28.458333333333332,72.875,984.9166666666666,12.666666666666666,240.3190030919668,Good
2024-07-28,14.1,27.637500000000003,77.45833333333333,984.9083333333333,12.737499999999999,234.44593841694012,Very Good
2024-07-29,15.3,26.9875,82.16666666666667,984.8958333333334,11.370833333333332,214.62269382909327,Good
2024-07-30,13.8,27.104166666666668,78.08333333333333,986.2541666666666,10.670833333333334,223.70094896593974,Very Good
2024-07-31,17.8,27.5625,78.58333333333333,987.6541666666667,10.387500000000001,202.40274832181868,Good
2024-08-01,16.9,27.129166666666666,82.04166666666667,988.5291666666667,7.6375,211.8390143472353,Good
2024-08-02,19.0,27.004166666666666,81.625,988.1041666666666,5.858333333333333,225.56008398270606,Good
2024-08-03,20.3,27.15416666666667,83.79166666666667,988.3333333333334,5.333333333333333,235.11157832869486,Good
2024-08-04,14.6,27.354166666666668,78.04166666666667,988.2041666666668,5.1875,243.14963824689042,Very Good
2024-08-05,13.9,27.558333333333334,77.70833333333333,987.1041666666666,7.741666666666667,240.9865136226739,Very Good
2024-08-06,16.9,28.1125,77.16666666666667,986.3458333333333,7.154166666666666,235.23700491444754,Good
2024-08-07,16.0,27.820833333333336,78.95833333333333,987.0833333333334,6.995833333333334,236.54956199577646,Good
2024-08-08,15.2,28.395833333333332,76.375,987.9666666666667,8.108333333333333,254.32644566643643,Good
2024-08-09,19.0,29.275000000000002,72.29166666666667,987.0749999999999,8.725,231.43563458213254,Good
2024-08-10,19.4,30.245833333333334,67.0,985.5166666666668,11.308333333333332,240.88351542060065,Good
2024-08-11,17.2,30.554166666666664,64.33333333333333,983.7208333333333,11.8125,257.84435857286496,Good
2024-08-12,15.1,29.558333333333334,68.79166666666667,983.9875000000001,11.6,240.74144011992485,Good
2024-08-13,15.9,30.0,65.58333333333333,985.5083333333333,8.904166666666667,216.88923658014863,Good
2024-08-14,15.8,29.770833333333332,69.08333333333333,986.0541666666667,7.6875,226.90325881756442,Good
2024-08-15,14.7,29.72083333333333,71.16666666666667,985.3083333333334,7.770833333333333,222.8779635150387,Very Good
2024-08-16,15.3,28.97083333333333,76.66666666666667,984.975,6.0,231.61406420057102,Good
2024-08-17,17.0,28.979166666666668,75.83333333333333,986.5166666666668,4.733333333333333,206.63337338270787,Good
2024-08-18,17.4,28.97083333333333,77.20833333333333,987.2125,5.145833333333333,189.40476155826778,Good
2024-08-19,17.7,28.670833333333334,77.91666666666667,986.725,6.466666666666666,219.44835471340937,Good
2024-08-20,16.8,27.791666666666668,80.33333333333333,987.75,7.141666666666667,239.2092543916738,Good
2024-08-21,15.6,28.6375,77.58333333333333,988.0958333333333,5.7749999999999995,228.50259541442253,Good
2024-08-22,16.6,28.9375,74.33333333333333,988.0749999999999,5.4750000000000005,224.59813650399252,Good
2024-08-23,18.7,29.279166666666665,73.41666666666667,989.1875,5.470833333333334,192.00934846272145,Good
2024-08-24,17.4,28.2375,77.70833333333333,988.8958333333334,4.9624999999999995,222.13044290443517,Good
2024-08-25,18.8,27.891666666666666,77.70833333333333,987.6791666666667,5.595833333333334,253.32726983907887,Good
2024-08-26,17.0,28.349999999999998,76.625,986.6750000000001,4.7875000000000005,240.54142393393164,Good
2024-08-27,19.0,27.833333333333332,82.08333333333333,986.9208333333332,4.591666666666667,208.7936940123061,Good
2024-08-28,17.4,27.40416666666667,81.75,986.4625,5.166666666666667,237.47557482689677,Good
2024-08-29,14.8,27.474999999999998,81.125,986.4958333333334,6.579166666666667,226.9470171636808,Very Good
2024-08-30,14.6,27.8625,74.875,986.8291666666668,11.616666666666667,241.09873531758151,Very Good
2024-08-31,14.5,28.46666666666667,70.33333333333333,986.6875,11.4,275.33868695885485,Very Good
2024-09-01,17.4,28.150000000000002,75.70833333333333,985.5500000000001,6.6375,267.0643389976045,Good
2024-09-02,14.8,26.6125,85.66666666666667,985.5833333333334,6.8374999999999995,82.7066816109866,Very Good
2024-09-03,17.0,26.354166666666668,87.54166666666667,986.5541666666667,4.825,95.72151409042436,Good
2024-09-04,17.9,26.858333333333334,84.29166666666667,985.2708333333334,9.387500000000001,266.8400344767359,Good
2024-09-05,16.8,27.97083333333333,75.33333333333333,983.5124999999999,12.441666666666668,258.9264231159957,Good
2024-09-06,17.6,28.212500000000002,73.5,983.25,15.183333333333332,264.919250809385,Good
2024-09-07,18.8,28.870833333333334,68.95833333333333,984.4208333333332,18.091666666666665,250.86191364538465,Good
2024-09-08,17.1,29.129166666666666,68.91666666666667,985.7375000000001,17.724999999999998,244.38005027956072,Good
2024-09-09,18.2,28.55,72.29166666666667,985.3916666666668,13.525,237.2468581410989,Good
2024-09-10,20.2,28.15833333333333,76.625,985.0500000000001,8.291666666666666,234.7727861486828,Good
2024-09-11,20.6,27.391666666666666,82.375,986.7375000000001,4.670833333333333,220.43337217302775,Good
2024-09-12,16.7,27.6375,81.20833333333333,987.0083333333333,6.3125,270.7476767993666,Good
2024-09-13,15.1,27.691666666666666,80.33333333333333,985.4416666666666,7.216666666666666,273.2996327112028,Good
2024-09-14,18.1,28.191666666666666,74.125,983.8333333333334,11.1875,262.5640916462646,Good
2024-09-15,18.9,27.854166666666668,76.33333333333333,983.3541666666666,10.320833333333333,263.57627602384247,Good
2024-09-16,19.1,27.791666666666668,78.5,983.3208333333333,10.8125,271.03092523808766,Good
2024-09-17,20.9,26.620833333333334,85.5,983.025,6.233333333333333,306.52344917976876,Good
2024-09-18,19.7,26.208333333333332,87.54166666666667,982.4791666666666,5.320833333333334,331.23214884074844,Good
2024-09-19,15.8,27.066666666666666,83.5,981.7083333333334,7.704166666666667,280.1161780737617,Good
2024-09-20,15.6,26.6125,85.66666666666667,981.6666666666666,8.095833333333333,253.16248353529298,Good
2024-09-21,16.5,26.34583333333333,86.04166666666667,983.1458333333334,5.283333333333333,245.58806968967718,Good
2024-09-22,15.1,26.425,88.125,984.4541666666668,6.783333333333334,189.5980678792259,Good
2024-09-23,11.1,26.6375,82.125,987.3708333333334,6.883333333333333,213.94766795273486,Very Good
2024-09-24,14.7,25.7,88.54166666666667,989.0416666666666,4.179166666666666,153.52287972341242,Very Good
2024-09-25,13.4,25.3125,89.5,990.1166666666667,4.608333333333333,90.95411565664023,Very Good
2024-09-26,15.5,26.96666666666667,83.625,989.7875,4.358333333333333,89.61532695065199,Good
2024-09-27,16.3,27.1125,86.875,989.35,3.9583333333333335,146.3100518414152,Good
2024-09-28,15.9,27.662499999999998,82.54166666666667,988.5583333333334,3.8625000000000003,289.0427391930988,Good
2024-09-29,15.9,28.608333333333334,77.54166666666667,987.6583333333333,5.166666666666667,224.5635472933342,Good
2024-09-30,16.6,27.754166666666666,82.04166666666667,986.3833333333333,7.133333333333333,215.76053281480662,Good
2024-10-01,13.3,26.483333333333334,87.58333333333333,986.1374999999999,4.883333333333334,115.61040729223407,Very Good
2024-10-02,12.6,26.337500000000002,87.125,988.625,8.179166666666665,89.93549009522667,Very Good
2024-10-03,10.9,25.6375,87.16666666666667,990.15,9.137500000000001,80.85484836269217,Very Good
2024-10-04,12.8,26.104166666666668,78.79166666666667,990.8833333333333,8.0625,70.24720264285929,Very Good
2024-10-05,23.2,25.75,74.41666666666667,990.2708333333334,9.058333333333334,49.91252130788462,Good
2024-10-06,29.7,25.808333333333334,74.375,990.8416666666667,9.220833333333333,61.17525829323529,Moderate
2024-10-07,29.0,26.945833333333336,73.5,991.5166666666668,9.233333333333333,54.86877108230959,Moderate
2024-10-08,25.7,27.241666666666664,77.375,990.7958333333332,9.512500000000001,59.14194311854294,Moderate
2024-10-09,21.9,27.233333333333334,75.58333333333333,989.7708333333334,9.458333333333334,66.40449225101742,Good
2024-10-10,29.4,26.804166666666664,74.79166666666667,989.4125,9.579166666666667,84.52865296441723,Moderate
2024-10-11,25.7,26.887500000000003,72.95833333333333,989.2666666666668,7.866666666666667,54.07845630678514,Moderate
2024-10-12,27.7,27.258333333333336,76.45833333333333,989.7541666666666,7.933333333333334,73.26448250696433,Moderate
2024-10-13,17.2,27.745833333333334,80.08333333333333,989.6833333333334,6.466666666666666,56.735907231060196,Good
2024-10-14,18.2,28.2375,73.25,989.0166666666668,6.666666666666667,69.59969758155148,Good
2024-10-15,23.2,28.079166666666666,74.16666666666667,988.9916666666667,5.791666666666667,48.52285374384854,Good
2024-10-16,22.8,27.712500000000002,76.0,989.5833333333334,7.695833333333333,99.55615379293954,Good
2024-10-17,21.4,26.974999999999998,83.0,989.3375,5.066666666666666,74.86103122964516,Good
2024-10-18,19.6,25.53333333333333,88.79166666666667,989.0375,4.704166666666667,135.56388739263673,Good
2024-10-19,15.8,25.4375,89.25,989.6333333333333,6.6875,95.42287483012825,Good
2024-10-20,13.0,25.320833333333336,89.58333333333333,990.9708333333333,7.75,103.18660841467226,Very Good
2024-10-21,12.1,26.03333333333333,85.45833333333333,990.5833333333334,4.166666666666667,39.895981450351655,Very Good
2024-10-22,15.3,26.75,82.20833333333333,989.975,8.958333333333334,49.625741066008175,Good
2024-10-23,14.1,26.587500000000002,77.75,990.5583333333334,9.079166666666667,50.170574881551204,Very Good
2024-10-24,17.8,26.125,78.5,990.0291666666667,7.1875,44.156011047160405,Good
2024-10-25,25.9,27.2375,74.29166666666667,988.0625,4.145833333333333,302.6126915245592,Moderate
2024-10-26,23.3,27.816666666666666,76.70833333333333,985.8249999999999,6.6625000000000005,281.77663723696264,Good
2024-10-27,24.0,26.925,83.83333333333333,984.4291666666667,8.924999999999999,312.9117530876212,Good
2024-10-28,15.6,25.3625,85.875,985.7291666666666,4.595833333333333,118.23961694693617,Good
2024-10-29,18.8,26.09583333333333,78.41666666666667,987.375,5.3,45.92399604877079,Good
2024-10-30,20.2,25.6125,81.41666666666667,989.1791666666667,3.7375000000000003,84.05960547462433,Good
2024-10-31,19.5,26.108333333333334,84.75,988.8833333333333,3.8000000000000003,314.9011196900042,Good
2024-11-01,16.8,26.7375,82.33333333333333,989.1791666666667,4.791666666666667,1.564118815793222,Good
2024-11-02,22.5,25.920833333333334,69.95833333333333,991.0625,12.620833333333332,56.66925105873281,Good
2024-11-03,27.1,25.333333333333332,66.58333333333333,991.7666666666668,11.591666666666667,62.2336490004318,Moderate
2024-11-04,29.9,25.920833333333334,72.125,991.2083333333334,12.191666666666668,57.39468030958096,Moderate
2024-11-05,21.5,25.3125,77.08333333333333,992.0708333333333,14.683333333333332,52.29518751770365,Good
2024-11-06,13.9,25.741666666666664,74.375,992.6666666666666,12.983333333333334,50.865249014905714,Very Good
2024-11-07,22.8,26.1875,68.20833333333333,992.625,15.604166666666666,63.71411452615621,Good
2024-11-08,22.7,25.825,65.58333333333333,992.4333333333334,13.404166666666667,58.256174497696406,Good
2024-11-09,25.3,25.03333333333333,65.29166666666667,991.8541666666666,9.358333333333333,58.84918287301991,Moderate
2024-11-10,39.8,24.833333333333332,64.95833333333333,991.5916666666667,8.895833333333334,48.665440423958216,Unhealthy
2024-11-11,31.1,25.741666666666664,68.20833333333333,990.8166666666666,8.795833333333333,62.173700153267305,Moderate
2024-11-12,30.4,26.474999999999998,68.25,989.5625,8.154166666666667,62.00711553817189,Moderate
2024-11-13,34.2,27.495833333333334,68.20833333333333,988.6125000000001,6.645833333333333,78.36306794740585,Moderate
2024-11-14,27.8,27.7375,76.875,988.7916666666666,6.495833333333334,93.28169402922555,Moderate
2024-11-15,20.0,28.420833333333334,76.95833333333333,988.3958333333334,4.795833333333333,201.10699745346835,Good
2024-11-16,25.0,28.041666666666668,76.625,988.3833333333333,4.008333333333334,271.5690100457869,Good
2024-11-17,22.1,26.308333333333334,82.91666666666667,989.2875,6.091666666666666,95.69559074798042,Good
2024-11-18,22.1,26.516666666666666,66.54166666666667,990.4458333333333,12.904166666666667,62.79246824539416,Good
2024-11-19,20.6,26.991666666666664,68.04166666666667,991.3874999999999,13.575000000000001,55.33612802982975,Good
2024-11-20,19.9,26.662499999999998,66.45833333333333,991.3166666666666,14.262500000000001,58.15735638382739,Good
2024-11-21,21.3,26.629166666666666,62.416666666666664,991.0916666666667,15.575000000000001,60.08638830021965,Good
2024-11-22,19.6,26.395833333333332,62.875,991.3208333333333,15.391666666666666,66.36708757137097,Good
2024-11-23,17.5,26.683333333333334,63.625,991.8333333333334,15.070833333333333,61.83806059096719,Good
2024-11-24,14.4,26.891666666666666,65.25,991.5416666666666,13.35,61.896903112220684,Very Good
2024-11-25,15.7,27.162499999999998,68.375,990.8874999999999,13.145833333333334,64.01582741099867,Good
2024-11-26,15.7,27.40416666666667,69.0,990.5875,12.666666666666666,66.34738771683197,Good
2024-11-27,16.2,26.8875,64.58333333333333,991.4499999999999,17.05,59.56914331703871,Good
2024-11-29,19.4,22.9875,59.291666666666664,994.1875,18.150000000000002,57.74955401263156,Good
2024-11-30,25.1,22.479166666666668,63.875,991.9499999999999,10.725,53.214509553720916,Moderate
2024-12-01,36.3,22.95,69.16666666666667,989.9041666666667,6.683333333333334,65.71778002858821,Moderate
2024-12-02,42.7,24.333333333333332,70.0,989.0416666666666,5.241666666666666,69.40515981729573,Unhealthy
2024-12-03,33.7,25.191666666666666,69.66666666666667,989.5749999999999,7.2625,67.97567778083271,Moderate
2024-12-04,28.8,25.5,67.875,989.6166666666667,9.0625,58.758511118538536,Moderate
2024-12-05,24.6,24.945833333333336,68.33333333333333,989.5791666666668,9.079166666666667,73.96960606241231,Good
2024-12-06,27.7,25.041666666666668,68.33333333333333,989.475,7.308333333333334,70.06027236275406,Moderate
2024-12-07,33.8,25.941666666666666,70.70833333333333,990.0416666666666,8.254166666666666,66.36618379267088,Moderate
2024-12-08,22.0,26.34583333333333,63.666666666666664,991.5833333333334,15.891666666666666,63.270519895856694,Good
2024-12-09,17.5,24.566666666666666,65.41666666666667,991.4375,11.970833333333333,57.14824730028607,Good
2024-12-10,27.3,24.666666666666668,69.91666666666667,989.8541666666666,7.625,47.84287874143695,Moderate
2024-12-11,32.9,26.391666666666666,65.70833333333333,988.9541666666668,11.700000000000001,45.78749503179006,Moderate
2024-12-12,19.7,27.02916666666667,63.833333333333336,989.1166666666667,15.575000000000001,63.637291611402134,Good
2024-12-13,14.5,25.724999999999998,65.875,990.7624999999999,17.650000000000002,61.45883790821125,Very Good
2024-12-14,16.0,24.183333333333334,60.0,993.35,21.504166666666666,61.382416525824965,Good
2024-12-15,14.6,22.462500000000002,55.0,995.2624999999999,21.40833333333333,61.4123056334368,Very Good
2024-12-16,16.9,21.912499999999998,56.5,995.4833333333332,15.829166666666666,55.209668603034345,Good
2024-12-17,29.3,22.474999999999998,60.5,993.8041666666667,10.966666666666667,53.99646300664551,Moderate
2024-12-18,31.7,23.462500000000002,62.458333333333336,993.2291666666666,14.704166666666666,56.61396733392991,Moderate
2024-12-19,30.3,22.579166666666666,58.75,993.9708333333333,14.529166666666667,55.872437876341564,Moderate
2024-12-20,34.9,21.875,63.375,992.9250000000001,11.641666666666666,62.011641881205435,Moderate
2024-12-21,32.1,21.6375,63.875,992.875,10.479166666666666,56.16707096785228,Moderate
2024-12-22,31.6,21.245833333333334,60.416666666666664,993.3416666666667,14.370833333333332,55.92689104046258,Moderate
2024-12-23,37.6,20.854166666666668,64.70833333333333,992.3958333333334,11.670833333333334,43.5474826124443,Unhealthy
2024-12-24,36.4,22.3,62.958333333333336,993.4083333333333,13.895833333333334,56.0906689089187,Moderate
2024-12-25,37.2,22.2625,62.208333333333336,994.0708333333333,12.116666666666667,42.32658042431325,Moderate
2024-12-26,37.2,24.40416666666667,62.916666666666664,994.5083333333333,12.008333333333333,50.07842905658674,Moderate
2024-12-27,30.0,25.5,62.958333333333336,994.8791666666666,14.208333333333334,57.62321566833032,Moderate
2024-12-28,22.8,24.5,58.416666666666664,995.7333333333332,18.7375,63.163967854611826,Good
2024-12-29,19.0,22.191666666666666,60.0,995.3791666666666,12.858333333333334,57.08166609522084,Good
2024-12-30,34.3,22.40833333333333,62.666666666666664,994.1291666666666,8.970833333333333,54.986678378524516,Moderate
2024-12-31,31.0,22.945833333333336,62.541666666666664,993.625,12.295833333333334,47.784984509771846,Moderate
2025-01-01,30.2,22.491666666666664,61.291666666666664,992.2708333333334,10.35,55.65280842721086,Moderate
2025-01-02,42.8,22.633333333333336,60.875,991.9708333333333,8.933333333333334,44.11644432818866,Unhealthy
2025-01-03,38.3,23.379166666666666,59.041666666666664,992.9958333333334,13.7875,47.221782547360704,Unhealthy
2025-01-04,38.1,22.375,53.75,992.7208333333333,11.625,52.16467505491221,Unhealthy
2025-01-05,42.5,21.775000000000002,55.583333333333336,994.2833333333333,13.945833333333333,46.24883397939698,Unhealthy
2025-01-06,45.0,20.841666666666665,55.583333333333336,993.1916666666666,9.033333333333333,60.52913577810256,Unhealthy
2025-01-07,61.7,21.541666666666668,56.5,992.3583333333332,5.7625,64.8349531285462,Unhealthy
2025-01-08,59.9,22.958333333333332,58.791666666666664,992.0666666666666,7.208333333333333,69.1426833924703,Unhealthy
2025-01-09,47.9,23.72083333333333,59.708333333333336,993.4083333333333,9.154166666666667,57.239360354867415,Unhealthy
2025-01-10,28.8,23.375,60.458333333333336,996.4250000000001,20.145833333333332,63.00309695686684,Moderate
2025-01-11,23.6,20.837500000000002,56.916666666666664,998.6208333333334,22.395833333333332,55.66675043369378,Good
2025-01-12,29.2,18.395833333333332,53.708333333333336,998.5749999999999,18.204166666666666,48.503505489373254,Moderate
2025-01-13,39.4,18.283333333333335,55.375,995.5291666666667,11.487499999999999,52.0111822673673,Unhealthy
2025-01-14,44.6,20.054166666666667,58.833333333333336,994.7708333333334,9.095833333333333,38.70786543428778,Unhealthy
2025-01-15,47.0,23.195833333333336,57.541666666666664,994.8458333333333,14.1,43.24446592765253,Unhealthy
2025-01-16,18.5,23.441666666666666,55.083333333333336,995.7875,19.8875,58.986659817183465,Good
2025-01-17,25.5,21.629166666666666,55.166666666666664,994.6374999999999,13.970833333333333,50.66749539817778,Moderate
2025-01-18,39.5,21.400000000000002,58.583333333333336,992.8583333333332,8.829166666666667,55.62181749290528,Unhealthy
2025-01-19,49.4,21.495833333333334,57.875,991.5958333333333,9.170833333333333,52.76409321942833,Unhealthy
2025-01-20,47.1,22.15416666666667,59.041666666666664,990.3708333333334,6.445833333333333,67.9117654121336,Unhealthy
2025-01-21,45.3,22.47083333333333,57.5,990.4458333333333,6.2124999999999995,86.276493212623,Unhealthy
2025-01-22,54.8,23.379166666666666,56.041666666666664,990.4333333333334,5.358333333333333,98.87451159131825,Unhealthy
2025-01-23,59.3,24.337500000000002,53.708333333333336,990.4708333333333,4.929166666666666,90.26711931605894,Unhealthy
2025-01-24,63.1,25.358333333333334,49.791666666666664,988.9666666666667,4.079166666666667,279.8709327251324,Unhealthy
2025-01-25,62.6,26.191666666666666,49.458333333333336,988.4333333333334,3.766666666666667,279.68090369275166,Unhealthy
2025-01-26,62.4,26.516666666666666,51.333333333333336,989.775,10.237499999999999,62.37708844841518,Unhealthy
2025-01-27,42.3,20.854166666666668,51.333333333333336,993.525,17.333333333333332,60.286079545451514,Unhealthy
2025-01-28,24.1,20.570833333333333,53.291666666666664,995.2791666666667,13.770833333333334,60.70587944534128,Good
2025-01-29,25.4,20.945833333333333,57.458333333333336,996.0208333333334,11.329166666666666,61.46348853166404,Moderate
2025-01-30,34.7,22.016666666666666,60.25,992.2583333333333,6.2875000000000005,68.79761798341599,Moderate
2025-01-31,45.0,24.09583333333333,52.375,990.1583333333333,3.845833333333333,229.92815995456107,Unhealthy
2025-02-01,46.5,25.72083333333333,46.416666666666664,988.4541666666668,3.6208333333333336,289.85429339554594,Unhealthy
2025-02-02,48.7,27.025000000000002,42.0,987.9708333333333,4.520833333333333,276.65001434347437,Unhealthy
2025-02-03,51.8,27.733333333333334,45.916666666666664,988.85,8.141666666666667,38.307794528579336,Unhealthy
2025-02-04,36.1,24.558333333333334,54.916666666666664,992.6125000000001,14.741666666666667,69.49881621067863,Moderate
2025-02-05,23.6,24.195833333333336,56.916666666666664,991.0375,8.116666666666665,75.24908189005731,Good
2025-02-06,39.8,26.587500000000002,54.5,989.4458333333333,4.791666666666667,81.70805640424203,Unhealthy
2025-02-07,50.4,27.5125,51.625,990.5833333333334,9.008333333333333,84.1296532387318,Unhealthy
2025-02-08,31.2,24.6125,54.333333333333336,992.9041666666667,15.945833333333333,65.73790740981735,Moderate
2025-02-09,14.8,22.3875,54.166666666666664,993.9083333333333,15.6875,57.83696176582538,Very Good
2025-02-10,17.2,22.179166666666664,57.791666666666664,993.4250000000001,9.545833333333333,56.49619415787339,Good
2025-02-11,32.1,23.895833333333332,56.833333333333336,992.1,6.445833333333333,57.6336084877949,Moderate
2025-02-12,37.1,25.833333333333332,50.458333333333336,991.0958333333333,4.979166666666667,32.81504429251436,Moderate
2025-02-13,39.2,26.78333333333333,46.0,990.6916666666666,5.858333333333333,59.62501714767683,Unhealthy
2025-02-14,33.7,27.2,50.458333333333336,990.1458333333334,6.504166666666666,59.328245284476054,Moderate
2025-02-15,41.8,28.71666666666667,46.083333333333336,988.5541666666667,4.5249999999999995,308.02741319112755,Unhealthy
2025-02-16,49.2,29.829166666666666,47.375,989.0541666666667,4.5249999999999995,245.63462937140525,Unhealthy
2025-02-17,45.5,28.787499999999998,60.291666666666664,991.1916666666666,8.0375,112.93661340711765,Unhealthy
2025-02-18,41.5,28.099999999999998,62.416666666666664,991.8375,8.216666666666667,83.66968732186359,Unhealthy
2025-02-19,35.8,26.633333333333336,68.29166666666667,991.8458333333333,8.208333333333334,44.05520323508978,Moderate
2025-02-20,36.8,27.3875,62.041666666666664,991.8541666666666,8.2125,44.105455730596645,Moderate
2025-02-21,34.8,27.383333333333336,56.666666666666664,992.2708333333334,8.75,61.91124047505741,Moderate
2025-02-22,30.3,27.804166666666664,57.916666666666664,992.775,8.799999999999999,56.43386032020726,Moderate
2025-02-23,21.9,28.308333333333334,54.541666666666664,993.7624999999999,14.8125,60.08036105870423,Good
2025-02-24,15.3,24.883333333333336,64.125,996.125,17.695833333333333,50.88968859518508,Good
2025-02-25,13.0,23.745833333333334,63.958333333333336,997.1791666666667,15.370833333333332,40.43364376966599,Very Good
2025-02-26,17.8,25.724999999999998,62.291666666666664,995.7833333333333,11.016666666666666,46.62364875687069,Good
2025-02-27,18.8,27.916666666666668,56.416666666666664,992.625,7.545833333333333,46.97232355605831,Good
2025-02-28,30.1,30.1875,47.125,990.6,5.05,303.48253226321094,Moderate
2025-03-01,34.9,30.020833333333332,58.333333333333336,989.3041666666667,8.762500000000001,282.33307579147174,Moderate
2025-03-02,34.3,30.616666666666664,57.875,987.6208333333334,6.141666666666667,258.4093113338447,Moderate
2025-03-03,35.0,29.804166666666664,63.5,987.2333333333332,7.445833333333333,221.4528406931892,Moderate
2025-03-04,34.5,30.925,56.041666666666664,986.5833333333334,6.383333333333333,238.43584915214234,Moderate
2025-03-05,31.3,31.6375,52.041666666666664,986.35,8.083333333333334,238.4707655401778,Moderate
2025-03-06,29.2,31.599999999999998,51.416666666666664,987.7958333333332,6.383333333333334,210.42015219825225,Moderate
2025-03-07,29.5,23.75,76.625,990.775,11.745833333333332,43.48378643691359,Moderate
2025-03-08,19.1,21.304166666666667,81.95833333333333,992.3583333333332,7.945833333333333,67.03972351823728,Good
2025-03-09,21.0,25.270833333333332,68.08333333333333,992.6333333333333,7.925,63.81206923736073,Good
2025-03-10,27.1,27.52916666666667,61.375,992.4666666666667,9.279166666666667,71.88460266874597,Moderate
2025-03-11,31.4,29.0625,60.25,990.4208333333332,6.466666666666666,143.06684886183547,Moderate
2025-03-12,31.5,28.791666666666668,67.125,988.5791666666668,7.6000000000000005,216.72709378472342,Moderate
2025-03-13,22.1,26.804166666666664,77.625,988.9125,5.05,226.57678469603738,Good
2025-03-14,21.9,28.6375,69.08333333333333,989.7958333333332,4.6499999999999995,253.24419762925316,Good
2025-03-15,26.9,30.170833333333334,64.54166666666667,989.6083333333332,4.066666666666666,249.94060664954202,Moderate
2025-03-16,31.5,29.349999999999998,65.91666666666667,989.275,5.479166666666667,187.0196200512174,Moderate
2025-03-17,27.0,25.900000000000002,67.375,991.0375,11.1625,87.05077165265254,Moderate
2025-03-18,29.4,26.920833333333334,57.083333333333336,992.5916666666667,14.275,67.89462047602774,Moderate
2025-03-19,27.4,24.079166666666666,50.833333333333336,996.375,16.466666666666665,55.54285783037943,Moderate
2025-03-20,43.1,23.712500000000002,46.375,997.0083333333333,14.841666666666667,49.24825533218154,Unhealthy
2025-03-21,49.7,24.108333333333334,51.375,996.1666666666666,11.816666666666668,56.25246482366458,Unhealthy
2025-03-22,45.8,25.34166666666667,51.916666666666664,993.9083333333333,9.025,55.94161292953015,Unhealthy
2025-03-23,63.0,27.25,52.875,992.2416666666667,4.741666666666666,71.93732388730899,Unhealthy
2025-03-24,77.7,29.09583333333333,51.625,989.3291666666668,4.2749999999999995,114.57998395010321,Unhealthy
2025-03-25,76.2,30.691666666666666,47.25,985.7916666666666,5.8625,210.30273205157832,Unhealthy
2025-03-26,62.0,31.179166666666664,54.5,984.6791666666667,9.225,219.93279225115765,Unhealthy
2025-03-27,57.0,31.77916666666667,52.625,983.8208333333333,10.358333333333333,218.35608254012126,Unhealthy
2025-03-28,50.8,31.6875,50.75,984.8375,9.166666666666666,207.4473109308434,Unhealthy
2025-03-29,43.1,32.12083333333333,50.833333333333336,986.3249999999999,8.799999999999999,183.33590431811214,Unhealthy
2025-03-30,38.3,27.241666666666664,75.58333333333333,990.1291666666666,10.595833333333333,81.41464405926683,Unhealthy
2025-03-31,25.3,26.641666666666666,60.666666666666664,990.9541666666668,9.854166666666666,61.87239471451488,Moderate
2025-04-01,25.5,28.016666666666666,55.916666666666664,990.1708333333332,10.704166666666666,65.80477498336472,Moderate
2025-04-02,29.3,27.816666666666666,50.375,991.2291666666666,11.174999999999999,70.0565620685453,Moderate
2025-04-03,41.0,28.891666666666666,49.166666666666664,991.5083333333333,9.487499999999999,74.70643156987524,Unhealthy
2025-04-04,52.6,30.583333333333332,51.791666666666664,989.6291666666666,5.791666666666667,157.14681140871699,Unhealthy
2025-04-05,39.9,31.691666666666666,54.208333333333336,988.6291666666666,7.9750000000000005,214.52809670717434,Unhealthy
2025-04-06,30.8,31.016666666666666,57.166666666666664,988.9583333333334,6.829166666666667,132.7427088617443,Moderate
2025-04-07,26.7,29.116666666666664,65.0,990.8000000000001,6.020833333333333,51.35941042231815,Moderate
2025-04-08,25.7,30.125,61.833333333333336,991.25,6.745833333333334,75.41770713356607,Moderate
2025-04-09,36.5,29.558333333333334,67.5,989.275,9.158333333333333,270.21391582013473,Moderate
2025-04-10,29.5,27.212500000000002,80.25,987.725,6.858333333333333,207.04557572717647,Moderate
2025-04-11,28.2,28.770833333333332,73.79166666666667,986.4583333333334,6.5,207.05842507861368,Moderate
2025-04-12,30.6,29.041666666666668,73.125,987.4291666666667,6.208333333333333,224.42437677935365,Moderate
2025-04-13,26.8,28.3625,76.41666666666667,988.8333333333334,7.25,88.31811604298986,Moderate
2025-04-14,26.3,28.425,59.708333333333336,990.2041666666668,8.279166666666667,77.15952424446425,Moderate
2025-04-15,37.1,29.7,57.25,989.4291666666667,7.770833333333333,75.84395268563674,Moderate
2025-04-16,35.6,29.266666666666666,70.20833333333333,988.6958333333333,9.820833333333333,256.6459515159099,Moderate
2025-04-17,18.3,28.275000000000002,77.25,987.9041666666667,6.7875000000000005,243.19477110619678,Good
2025-04-18,15.5,29.366666666666664,71.75,987.2375000000001,7.279166666666666,233.72444806168483,Good
2025-04-19,15.1,29.833333333333332,68.16666666666667,986.9291666666667,6.941666666666666,211.55783266430674,Good
2025-04-20,17.6,30.066666666666666,66.95833333333333,987.5,6.733333333333333,224.32528713796643,Good
2025-04-21,18.0,31.0,59.625,989.0375,6.358333333333333,207.25345317302745,Good
2025-04-22,22.2,31.804166666666664,57.375,989.0083333333333,9.491666666666667,213.74620371332287,Good
2025-04-23,20.5,31.816666666666666,55.583333333333336,987.4833333333332,10.433333333333334,230.3018992502878,Good
2025-04-24,16.1,31.808333333333334,55.416666666666664,987.0708333333333,9.3125,229.09687026982675,Good
2025-04-25,15.4,31.554166666666664,59.291666666666664,987.4458333333333,8.320833333333333,211.24922230265096,Good
2025-05-07,13.3,30.912499999999998,63.625,985.3333333333334,8.229166666666666,210.89643372549216,Very Good
2025-05-08,10.8,31.116666666666664,62.333333333333336,985.4166666666666,8.429166666666667,207.52059303133984,Very Good
2025-05-09,14.7,30.72083333333333,66.16666666666667,985.6291666666666,5.758333333333333,236.45774898817595,Very Good
2025-05-10,14.9,28.5,73.91666666666667,986.4916666666667,5.3999999999999995,186.4621000188346,Very Good
2025-05-11,10.6,28.879166666666666,68.20833333333333,985.8125,5.2749999999999995,129.2015014385231,Very Good
2025-05-12,11.3,27.84166666666667,72.20833333333333,986.3583333333332,10.879166666666668,91.19068226156651,Very Good
2025-05-13,10.3,26.916666666666668,81.5,987.2333333333332,6.3500000000000005,143.3727928710697,Very Good
2025-05-14,8.92,28.4875,76.58333333333333,988.1583333333333,5.533333333333334,173.4045127103807,Very Good
2025-05-15,9.54,28.537499999999998,75.16666666666667,988.9208333333332,5.4125000000000005,126.12852929390829,Very Good
2025-05-16,13.5,28.629166666666666,75.75,988.5416666666666,4.683333333333334,176.42497156718275,Very Good
2025-05-17,19.7,28.433333333333334,78.29166666666667,988.4041666666667,3.8041666666666667,90.48199074464452,Good
2025-05-18,17.6,28.2,79.16666666666667,988.0583333333334,4.166666666666667,177.28179291582364,Good
2025-05-19,18.3,28.675,78.20833333333333,987.1750000000001,5.841666666666666,231.96709134718057,Good
2025-05-20,27.3,28.295833333333334,81.79166666666667,986.875,4.079166666666667,165.5688672805843,Moderate
2025-05-21,17.6,28.016666666666666,82.04166666666667,987.0041666666666,5.2125,227.29081445234067,Good
2025-05-22,16.4,28.55,75.41666666666667,985.4458333333333,5.695833333333333,219.27516350894638,Good
2025-05-23,15.0,29.0125,77.04166666666667,983.5791666666668,6.733333333333333,222.9659317577191,Very Good
2025-05-24,16.1,27.991666666666664,81.79166666666667,985.0916666666667,6.104166666666667,104.75769251096028,Good
2025-05-25,14.2,26.71666666666667,85.29166666666667,986.9250000000001,9.095833333333333,120.67279459142452,Very Good
2025-05-26,7.95,26.849999999999998,83.75,987.6083333333332,10.35,118.97264818881479,Very Good
2025-05-27,7.81,27.245833333333334,84.375,986.8708333333334,6.2875000000000005,134.7748375646397,Very Good
2025-05-28,12.1,28.683333333333334,77.04166666666667,985.8375,5.145833333333333,203.93476375834757,Very Good
2025-05-29,12.4,29.066666666666666,75.25,986.4166666666666,8.3375,223.41165747675694,Very Good
2025-05-30,11.9,28.2,77.58333333333333,987.65,10.708333333333334,202.87139130766917,Very Good
2025-05-31,11.7,28.25,77.08333333333333,988.3166666666666,10.641666666666667,207.3680082744567,Very Good
2025-06-01,11.1,28.52916666666667,70.75,987.6666666666666,13.816666666666668,226.6374495166099,Very Good
2025-06-02,11.9,29.15833333333333,69.66666666666667,986.4791666666666,13.012500000000001,225.75226104839012,Very Good
2025-06-03,12.5,29.099999999999998,70.0,986.1125000000001,13.387500000000001,240.47157575741835,Very Good
2025-06-04,20.5,29.229166666666668,68.41666666666667,986.2208333333333,9.575000000000001,244.68418901507076,Good
2025-06-05,21.8,30.141666666666666,63.541666666666664,986.4083333333333,8.991666666666667,249.2374635407358,Good
2025-06-06,21.8,30.375,65.70833333333333,986.2375000000001,8.875,234.64376071712377,Good
2025-06-07,21.1,30.825,62.708333333333336,985.4833333333332,9.516666666666667,231.05286479954947,Good
2025-06-08,18.2,30.6375,63.958333333333336,984.7541666666666,9.404166666666667,212.7895557031778,Good
2025-06-09,14.2,29.670833333333334,70.54166666666667,984.0833333333334,8.979166666666666,232.48456107709612,Very Good
2025-06-10,13.4,29.208333333333332,72.25,983.7583333333333,8.429166666666665,246.93463739457383,Very Good
2025-06-11,15.3,27.316666666666666,81.375,983.975,9.112499999999999,262.00834979663796,Good
2025-06-12,18.9,28.6375,69.875,983.5749999999999,13.320833333333333,260.28695932014864,Good
2025-06-13,13.9,28.420833333333334,69.5,984.6416666666668,15.954166666666666,244.91296806698267,Very Good
2025-06-14,9.24,28.383333333333336,71.75,985.9625,15.0625,226.0277191241583,Very Good
2025-06-15,8.72,28.833333333333332,70.54166666666667,986.3874999999999,15.0,234.21607578660783,Very Good
2025-06-16,8.66,29.2625,65.25,986.9208333333332,12.970833333333333,251.94223088890027,Very Good
2025-06-17,10.7,29.804166666666664,64.33333333333333,987.4333333333334,11.308333333333332,255.3045656808123,Very Good
2025-06-18,11.1,30.25,64.66666666666667,987.0041666666666,10.258333333333333,253.55653589948923,Very Good
2025-06-19,10.7,30.191666666666666,61.958333333333336,986.8125,12.254166666666668,251.34874244411188,Very Good
2025-06-20,11.0,29.633333333333336,66.25,986.2416666666667,10.066666666666666,255.05903057822695,Very Good
2025-06-21,11.3,29.895833333333332,66.125,985.4,11.2875,230.6481736403038,Very Good
2025-06-22,12.1,28.120833333333334,77.125,985.5875,9.895833333333334,199.71619813132074,Very Good
2025-06-23,10.7,28.15416666666667,74.58333333333333,985.4708333333333,10.316666666666666,211.98218552336135,Very Good
2025-06-24,11.2,28.766666666666666,69.5,985.5416666666666,10.674999999999999,218.99116343096608,Very Good
2025-06-25,13.7,28.208333333333332,75.83333333333333,986.4166666666666,8.716666666666667,236.97759535747682,Very Good
2025-06-26,15.7,28.391666666666666,74.79166666666667,986.5,11.545833333333334,242.35605754864497,Good
2025-06-27,12.6,26.329166666666666,83.04166666666667,985.8916666666668,11.575000000000001,241.74092824895286,Very Good
2025-06-28,10.4,26.425,77.125,985.5541666666667,14.674999999999999,241.88533902765758,Very Good
2025-06-29,10.6,27.8625,70.29166666666667,984.5541666666667,15.808333333333335,247.09070894656702,Very Good
2025-06-30,11.0,27.27916666666667,76.25,984.4250000000001,13.6875,239.1370176360847,Very Good
2025-07-01,12.2,28.054166666666664,71.95833333333333,985.275,11.387500000000001,248.1965365152972,Very Good
2025-08-25,14.3,27.21666666666667,80.16666666666667,983.6208333333334,11.670833333333334,256.42370147190525,Very Good
2025-08-26,13.3,27.09583333333333,75.58333333333333,984.975,15.1875,221.27560769016745,Very Good
2025-08-27,11.0,27.6125,70.125,986.8333333333334,13.950000000000001,239.3995039418532,Very Good
2025-08-28,17.1,27.75,70.75,986.8541666666666,11.924999999999999,269.7289136571928,Good
2025-08-29,18.9,27.787499999999998,74.375,986.6916666666666,9.700000000000001,289.4951339110595,Good
2025-08-30,18.8,26.47083333333333,84.95833333333333,985.1916666666666,11.154166666666667,263.8141014846942,Good
2025-08-31,18.2,26.087500000000002,88.29166666666667,984.375,5.908333333333334,158.82294200777642,Good
2025-09-01,12.5,26.287499999999998,86.83333333333333,985.0666666666666,4.204166666666667,325.8465712712451,Very Good
2025-09-02,12.1,27.166666666666668,82.45833333333333,985.9583333333334,6.491666666666667,272.8093394720708,Very Good
2025-09-03,14.3,27.625,79.45833333333333,986.3208333333333,6.666666666666667,255.13518361597295,Very Good
2025-09-04,12.7,26.816666666666666,86.70833333333333,985.8333333333334,4.6499999999999995,275.05807568602,Very Good
2025-09-05,13.0,26.925,87.875,986.3625000000001,4.3875,298.90823476181225,Very Good
2025-09-06,11.0,26.833333333333332,88.29166666666667,986.6458333333334,4.579166666666667,265.6653809008265,Very Good
2025-09-07,10.2,25.883333333333336,89.125,986.4125,6.375,250.74365727055272,Very Good
2025-09-08,10.5,26.166666666666668,86.79166666666667,986.725,6.079166666666667,205.16140375734136,Very Good
2025-09-09,10.7,26.84583333333333,80.91666666666667,988.1125000000001,11.845833333333333,192.65956023175568,Very Good
2025-09-10,10.0,27.037499999999998,80.08333333333333,988.5749999999999,6.245833333333334,197.59688466414784,Very Good
2025-09-11,12.4,27.5,82.54166666666667,988.1916666666666,5.045833333333333,232.15799675624447,Very Good
2025-09-12,15.2,27.6375,84.08333333333333,988.2958333333332,3.7375000000000003,254.40151496487607,Good
2025-09-13,14.1,26.883333333333336,85.25,988.7125,4.245833333333334,153.63376957144305,Very Good
2025-09-14,15.5,27.066666666666666,83.79166666666667,988.9125,3.3541666666666665,180.82893324423165,Good
2025-09-15,14.2,26.599999999999998,84.29166666666667,989.1583333333333,4.204166666666667,264.7433001994164,Very Good
2025-09-16,12.5,26.900000000000002,85.20833333333333,988.7083333333334,4.354166666666667,284.521344827263,Very Good
2025-09-19,11.6,26.337500000000002,84.33333333333333,987.0,6.170833333333333,228.8151746228476,Very Good
2025-09-20,11.6,26.916666666666668,83.5,986.5625,8.375,195.49875557306336,Very Good
2025-09-21,11.5,27.433333333333334,82.16666666666667,986.2916666666666,8.816666666666666,241.33011177692433,Very Good
2025-09-22,12.5,27.520833333333332,77.625,986.7708333333334,8.966666666666667,239.4046448826,Very Good
2025-09-23,14.3,27.170833333333334,82.29166666666667,985.9666666666667,10.108333333333333,243.87360756663276,Very Good
2025-09-24,11.6,27.162499999999998,78.33333333333333,983.9916666666667,11.929166666666667,242.36697942561509,Very Good
2025-09-25,12.6,27.679166666666664,73.33333333333333,984.1208333333334,14.941666666666668,249.29641283746292,Very Good
2025-09-26,12.7,26.829166666666666,80.95833333333333,986.7708333333334,7.395833333333333,257.6654738100533,Very Good
2025-09-27,11.0,26.087500000000002,85.83333333333333,987.8666666666667,5.6499999999999995,321.3463812711725,Very Good
2025-09-28,10.6,26.25,87.58333333333333,984.8583333333332,8.616666666666667,275.9352982253476,Very Good
2025-09-29,11.0,26.724999999999998,84.83333333333333,983.1708333333332,11.108333333333334,200.83302170805402,Very Good
2025-09-30,11.1,26.616666666666664,82.75,987.2291666666666,12.325000000000001,177.54981991237867,Very Good
2025-10-01,10.6,26.675,84.58333333333333,989.4625,4.991666666666666,155.90116559218598,Very Good
2025-10-02,13.1,27.625,81.04166666666667,989.8833333333333,4.3500000000000005,332.2313372937846,Very Good
2025-10-03,12.9,27.375,81.375,989.75,4.8500000000000005,273.9353756130372,Very Good
2025-10-04,11.8,26.604166666666668,87.0,989.9125,4.9875,257.4787851373126,Very Good
2025-10-05,13.3,26.866666666666664,82.16666666666667,989.3916666666668,7.904166666666666,228.84463253473962,Very Good
2025-10-06,12.7,27.900000000000002,75.875,988.3833333333333,10.6875,223.58318141444215,Very Good
2025-10-07,13.1,27.325,80.33333333333333,989.4083333333333,7.308333333333334,214.25017741686457,Very Good
2025-10-08,11.5,26.900000000000002,85.0,989.6999999999999,4.9375,313.6569187221786,Very Good
2025-10-09,14.1,26.729166666666668,80.83333333333333,989.4458333333333,6.75,45.15453676497202,Very Good
2025-10-10,14.9,27.02916666666667,81.70833333333333,988.75,6.833333333333333,71.17946895001666,Very Good
2025-11-19,14.4,22.929166666666664,67.58333333333333,994.8666666666667,19.954166666666666,52.933329665280326,Very Good
2025-11-20,9.91,21.483333333333334,65.79166666666667,995.5625,16.354166666666668,48.94762732260199,Very Good
2025-11-21,16.8,21.016666666666666,64.125,995.9916666666667,13.133333333333333,49.7087059586799,Good
2025-11-22,18.8,22.075,64.625,994.4083333333333,12.65,47.37560555971112,Good
2025-11-23,26.9,23.104166666666668,70.33333333333333,993.5375,11.179166666666667,37.73651537006526,Moderate
2025-11-24,23.1,24.65416666666667,68.625,992.4499999999999,14.35,45.25807605310962,Good
2025-11-25,22.8,23.979166666666668,57.833333333333336,993.1166666666667,18.045833333333334,57.7534665120848,Good
2025-11-26,33.1,22.07083333333333,62.166666666666664,993.3166666666666,14.945833333333333,44.128735122536966,Moderate
2025-11-27,31.8,21.037499999999998,58.208333333333336,994.4875000000001,16.804166666666667,51.55203064839202,Moderate
2025-11-28,30.5,18.954166666666666,52.625,993.6333333333333,11.137500000000001,45.541336765878896,Moderate
2025-11-29,41.1,19.729166666666668,62.791666666666664,991.6125000000001,4.9750000000000005,32.32995806544989,Unhealthy
2025-11-30,41.7,22.141666666666666,63.958333333333336,990.6916666666666,3.3166666666666664,317.3994458193319,Unhealthy
2025-12-01,38.7,23.9375,68.29166666666667,990.4250000000001,4.633333333333334,327.1346977156242,Unhealthy
2025-12-02,35.0,25.245833333333334,69.41666666666667,990.1291666666666,3.4333333333333336,317.26740143402964,Moderate
2025-12-03,32.8,25.983333333333334,69.375,991.5749999999999,8.183333333333334,23.89473406484126,Moderate
2025-12-04,22.3,25.52916666666667,67.125,992.9541666666668,12.841666666666667,58.18418710127668,Good
2025-12-05,17.1,25.041666666666668,76.58333333333333,993.9583333333334,9.904166666666667,58.700694735894274,Good
2025-12-06,18.1,25.59583333333333,68.41666666666667,993.4499999999999,11.983333333333334,65.41505079380238,Good
2025-12-07,17.8,25.070833333333336,66.875,993.0708333333333,10.125,62.272049986963225,Good
2025-12-08,21.0,24.2,58.958333333333336,993.9375,16.816666666666666,63.2370299047584,Good
2025-12-09,30.2,23.066666666666666,62.875,993.6333333333333,11.3375,54.90796874172355,Moderate
2025-12-10,33.2,22.40416666666667,73.91666666666667,993.2875,9.304166666666667,31.516469348700127,Moderate
2025-12-11,26.7,23.416666666666668,77.875,992.3833333333333,9.479166666666666,16.60226500811291,Moderate
2025-12-12,25.9,24.608333333333334,80.70833333333333,991.5124999999999,7.458333333333333,39.31516449044602,Moderate
2025-12-13,22.4,25.849999999999998,75.29166666666667,991.5583333333334,10.716666666666667,40.362531710891005,Good
2025-12-14,19.9,25.575,67.79166666666667,992.7416666666667,16.791666666666668,55.273223616934445,Good
2025-12-15,11.6,23.90416666666667,65.75,993.4541666666668,10.508333333333333,54.79598751792486,Very Good
2025-12-16,23.0,24.495833333333334,71.125,992.3791666666666,7.7625,55.84731005875676,Good
2025-12-17,19.6,25.079166666666666,70.08333333333333,992.7541666666666,12.891666666666666,49.4643876121869,Good
2025-12-18,13.3,24.599999999999998,66.66666666666667,993.1166666666667,12.908333333333333,51.301007830254775,Very Good
2025-12-19,31.0,23.954166666666666,69.41666666666667,991.125,6.833333333333333,44.3357884935528,Moderate
2025-12-20,33.4,24.270833333333332,64.95833333333333,990.35,4.75,22.689039512066415,Moderate
2025-12-21,31.1,24.004166666666666,66.79166666666667,991.625,10.174999999999999,53.74008466118653,Moderate
2025-12-22,17.6,25.25,69.45833333333333,990.8625000000001,9.0,61.37752115120247,Good
2025-12-23,25.0,25.2,71.95833333333333,989.9541666666668,6.270833333333333,53.46618068103584,Good
2025-12-24,27.6,25.3125,70.625,989.4583333333334,5.070833333333334,58.5607317233746,Moderate
2025-12-25,27.0,24.916666666666668,64.41666666666667,990.4125,8.825000000000001,36.834655744036695,Moderate
2025-12-26,18.5,23.133333333333336,65.375,992.4250000000001,12.450000000000001,64.39798780387474,Good
2025-12-27,19.5,22.38333333333333,68.08333333333333,992.9958333333334,9.466666666666667,57.87139493051137,Good
2025-12-28,35.4,22.25,70.91666666666667,993.1750000000001,7.270833333333333,52.390538486722676,Moderate
2025-12-29,36.4,22.416666666666668,68.95833333333333,991.8958333333334,5.254166666666666,53.70358183921729,Moderate
2025-12-30,34.4,22.75,69.25,990.5666666666666,3.6166666666666667,52.496785531628404,Moderate
2025-12-31,39.1,23.145833333333332,68.58333333333333,988.9958333333334,2.8125,146.13022660137074,Unhealthy
2026-01-01,47.8,23.454166666666666,65.83333333333333,990.2666666666668,5.3625,115.29484821940122,Unhealthy
2026-01-02,26.1,23.433333333333334,60.916666666666664,993.0791666666668,12.029166666666667,68.00596028369534,Moderate
2026-01-03,18.7,23.245833333333334,62.75,994.6,12.333333333333334,63.08552192301363,Good
2026-01-04,20.4,22.474999999999998,66.16666666666667,994.3416666666667,9.512500000000001,64.80123856531202,Good
2026-01-05,27.9,22.4375,67.08333333333333,994.1541666666667,7.504166666666666,46.493820353015735,Moderate
2026-01-06,25.6,23.4875,61.625,994.8666666666667,14.616666666666667,61.68893106519914,Moderate
2026-01-07,19.9,21.083333333333332,60.416666666666664,996.9291666666667,15.754166666666668,56.78936104347673,Good
2026-01-08,20.8,19.345833333333335,59.125,998.0500000000001,14.879166666666668,52.275613719222235,Good
2026-01-09,29.2,18.825,59.291666666666664,996.975,12.0875,52.96020779078157,Moderate
2026-01-10,36.9,18.779166666666665,61.958333333333336,995.3874999999999,8.491666666666667,54.0159502018484,Moderate
2026-01-11,36.6,19.8625,61.291666666666664,996.9,11.8375,54.343169859498175,Moderate
2026-01-12,35.9,20.308333333333334,63.125,995.975,6.404166666666666,42.571924970224416,Moderate
2026-01-13,47.9,21.1375,63.708333333333336,994.5083333333333,5.933333333333334,43.73479260401672,Unhealthy
2026-01-14,47.0,22.858333333333334,62.333333333333336,992.3333333333334,3.204166666666667,44.134225442248635,Unhealthy
2026-01-15,51.1,24.745833333333334,59.625,991.4666666666667,2.875,99.6038115406231,Unhealthy
2026-01-16,51.4,26.041666666666668,59.458333333333336,989.8958333333334,4.095833333333333,241.44858527823735,Unhealthy
2026-01-17,61.9,26.45,61.208333333333336,988.3333333333334,5.0,301.0391620035992,Unhealthy
2026-01-18,55.4,26.241666666666664,60.708333333333336,987.7958333333332,5.058333333333334,318.2919861364041,Unhealthy
2026-01-19,56.4,26.516666666666666,57.875,988.7624999999999,2.9791666666666665,1.9576206201294326,Unhealthy
2026-01-20,55.8,26.837500000000002,55.75,989.6833333333334,4.904166666666667,7.5684189244179265,Unhealthy
2026-01-21,53.3,26.304166666666664,55.083333333333336,991.7333333333332,9.316666666666666,78.71784127129388,Unhealthy
2026-01-22,36.0,24.420833333333334,55.833333333333336,994.1125000000001,10.379166666666666,74.51796318712587,Moderate
2026-01-23,25.2,23.491666666666664,60.541666666666664,996.1333333333333,9.245833333333334,64.84210173574536,Moderate
2026-01-24,24.0,23.6125,60.041666666666664,995.4958333333334,7.6875,57.395689456593175,Good
2026-01-25,29.6,24.320833333333336,58.333333333333336,993.5375,4.2,116.06348841929491,Moderate
2026-01-26,41.9,25.179166666666664,53.0,993.7958333333332,4.933333333333334,35.6915454555957,Unhealthy
2026-01-27,43.6,24.22083333333333,54.125,994.6291666666666,7.445833333333333,57.35890347057659,Unhealthy
2026-01-28,30.9,24.09166666666667,56.625,994.2708333333334,8.737499999999999,62.18224993580128,Moderate
2026-01-29,29.2,24.4875,55.291666666666664,993.5375,3.845833333333333,88.03472986644056,Moderate
2026-01-30,45.3,25.645833333333332,51.125,993.5708333333333,4.425,53.53763738887449,Unhealthy
2026-01-31,49.0,26.1125,52.583333333333336,993.8833333333333,6.804166666666667,64.41969317575217,Unhealthy
2026-02-01,33.8,24.9375,53.625,995.0166666666668,11.141666666666666,58.409817992304454,Moderate
2026-02-02,23.0,24.662499999999998,55.916666666666664,995.3958333333334,14.066666666666668,59.38913031759637,Good
2026-02-03,15.0,24.3125,61.166666666666664,996.0166666666668,10.341666666666667,49.92583315118878,Very Good
2026-02-04,20.1,25.3625,59.0,994.3125,6.033333333333334,45.31520259463002,Good
2026-02-05,26.6,27.212500000000002,54.041666666666664,992.15,5.416666666666667,251.0724763791,Moderate
2026-02-06,31.8,28.191666666666666,51.083333333333336,990.5749999999999,8.933333333333334,275.09574573035104,Moderate
2026-02-07,34.5,28.479166666666668,58.916666666666664,989.8791666666666,4.679166666666666,229.6197465127247,Moderate
2026-02-08,34.7,27.558333333333334,62.666666666666664,991.4541666666668,11.012500000000001,87.64929700689697,Moderate
2026-02-09,26.9,26.483333333333334,57.291666666666664,992.4166666666666,11.066666666666668,64.30944833818825,Moderate
2026-02-10,27.3,26.170833333333334,59.666666666666664,992.4666666666667,6.458333333333333,66.07691790203626,Moderate
2026-02-11,31.8,26.570833333333336,59.708333333333336,993.3625000000001,7.170833333333333,90.94052488837605,Moderate
2026-02-12,29.1,26.954166666666666,56.0,992.0833333333334,6.104166666666667,58.00333484647024,Moderate
2026-02-13,32.4,27.712500000000002,50.791666666666664,990.3791666666666,5.229166666666667,91.74335729968777,Moderate
2026-02-14,35.7,28.5125,47.041666666666664,989.8625000000001,6.483333333333333,84.37173861944268,Moderate
2026-02-15,37.3,28.712500000000002,47.75,989.4291666666667,5.3625,67.84952026649677,Moderate
2026-02-16,48.1,29.233333333333334,50.25,988.7166666666667,5.679166666666667,30.99279430019226,Unhealthy
2026-02-17,50.2,29.508333333333336,51.208333333333336,989.4416666666666,8.916666666666666,80.36865168346031,Unhealthy
2026-02-18,28.3,28.483333333333334,55.041666666666664,991.7541666666666,12.195833333333333,65.69867474114375,Moderate
2026-02-19,19.7,27.941666666666666,55.875,993.4291666666667,12.020833333333334,54.394496576261304,Good
2026-02-20,18.9,27.212500000000002,56.125,993.5708333333333,11.391666666666666,57.079776049014754,Good
2026-02-21,23.6,28.224999999999998,52.333333333333336,988.9833333333332,4.145833333333333,134.37266990110396,Good
2026-02-22,29.7,28.804166666666664,59.791666666666664,986.8833333333333,6.4750000000000005,234.35202558991864,Moderate
2026-02-23,33.6,28.995833333333334,65.33333333333333,986.8541666666666,4.8374999999999995,224.89476790022533,Moderate
2026-02-24,38.9,28.075,69.08333333333333,988.4,5.625,358.0588358737176,Unhealthy
2026-02-25,30.1,27.141666666666666,73.29166666666667,989.2458333333334,5.566666666666666,303.4580215567571,Moderate
2026-02-26,28.4,27.22083333333333,73.5,987.3458333333333,8.674999999999999,260.48500031834465,Moderate
2026-02-27,30.7,28.395833333333332,66.20833333333333,985.9,8.466666666666667,229.55569002100904,Moderate
2026-02-28,22.4,28.383333333333336,68.91666666666667,985.8083333333334,7.608333333333333,190.00960264584316,Good
2026-03-01,15.6,29.587500000000002,61.625,986.0708333333333,9.429166666666667,222.22192642107802,Good
2026-03-02,17.6,30.083333333333332,52.666666666666664,987.1333333333333,9.345833333333333,237.79804933056818,Good
2026-03-03,25.5,30.433333333333334,48.083333333333336,987.5875,8.816666666666666,259.8576513078011,Moderate
2026-03-04,34.4,30.258333333333336,44.0,987.7791666666667,6.295833333333333,231.58848903827908,Moderate
2026-03-05,30.6,28.558333333333334,60.75,988.3583333333332,9.466666666666667,56.7462323959906,Moderate
2026-03-06,19.4,26.77916666666667,66.375,990.9250000000001,9.0875,77.80852658870197,Good
2026-03-07,17.5,28.325,56.083333333333336,991.3333333333334,9.279166666666667,59.31223084628118,Good
2026-03-08,20.2,28.337500000000002,53.75,991.225,9.1625,66.84733121688532,Good
2026-03-09,26.8,28.5625,51.041666666666664,992.0375,11.229166666666666,61.963570155873185,Moderate
2026-03-10,19.5,28.02916666666667,51.875,993.6374999999999,16.833333333333332,59.96679240722932,Good
2026-03-11,15.4,27.099999999999998,51.625,992.3833333333333,10.475,55.16364183745469,Good
2026-03-12,21.1,27.566666666666666,53.541666666666664,991.0708333333333,12.329166666666666,56.06089237475442,Good
2026-03-13,22.2,26.358333333333334,56.25,992.3041666666667,13.708333333333334,70.23902577939344,Good
2026-03-14,21.4,26.858333333333334,54.583333333333336,993.3833333333333,12.408333333333333,50.944688058388465,Good
2026-03-15,20.5,27.25,52.75,993.2166666666667,10.170833333333333,52.70272315893067,Good
2026-03-16,25.6,27.679166666666664,49.833333333333336,991.0458333333332,8.879166666666666,59.20197652439094,Moderate
2026-03-17,29.6,28.733333333333334,49.958333333333336,990.1083333333332,4.479166666666667,118.26532697904179,Moderate
2026-03-18,33.4,28.22083333333333,63.0,990.6541666666667,6.458333333333333,275.05479991418355,Moderate
2026-03-19,31.2,28.21666666666667,65.20833333333333,990.1291666666666,7.779166666666666,260.15364971593374,Moderate
2026-03-20,35.5,28.087500000000002,67.66666666666667,989.9708333333333,5.991666666666667,222.49601633326245,Moderate
2026-03-21,28.8,28.416666666666668,68.83333333333333,990.1166666666667,5.295833333333333,193.40935576609382,Moderate
2026-03-22,29.0,28.729166666666668,68.29166666666667,989.6208333333334,5.8500000000000005,205.51025199364483,Moderate
2026-03-23,32.4,29.8,64.33333333333333,989.1,6.816666666666666,195.56605238827262,Moderate
2026-03-24,34.6,30.1875,63.666666666666664,987.9166666666666,5.0375000000000005,217.81935912264717,Moderate
2026-03-25,34.1,30.875,59.5,988.0833333333334,5.558333333333334,180.71276359472768,Moderate
2026-03-26,35.0,31.441666666666666,55.125,987.8291666666668,4.3125,218.02059239290554,Moderate
2026-03-27,39.0,31.791666666666668,52.708333333333336,986.9333333333334,10.145833333333334,205.19421611620362,Unhealthy
2026-03-28,37.4,31.441666666666666,54.208333333333336,986.7708333333334,8.737499999999999,200.09499494260646,Moderate
2026-03-29,33.1,30.662499999999998,54.75,987.7666666666668,8.491666666666667,221.06578237683954,Moderate
2026-03-30,31.9,31.058333333333334,54.291666666666664,987.7833333333333,9.091666666666667,207.23588611108562,Moderate
2026-03-31,28.0,31.204166666666666,51.875,988.1833333333334,8.591666666666667,234.58294782092486,Moderate
2026-04-01,30.3,31.554166666666664,51.125,987.8375,7.441666666666666,232.3083122743592,Moderate
2026-04-02,35.2,32.266666666666666,49.291666666666664,988.1916666666666,8.487499999999999,216.05091774234324,Moderate
2026-04-03,33.1,32.012499999999996,50.958333333333336,987.4458333333333,12.983333333333334,232.02991939264723,Moderate
2026-04-04,34.8,32.03333333333333,50.083333333333336,985.9083333333333,13.029166666666667,210.8454242513051,Moderate
2026-04-05,38.5,32.137499999999996,51.541666666666664,985.4583333333334,12.8375,211.34305892602234,Unhealthy
2026-04-06,37.6,31.941666666666666,47.833333333333336,986.5749999999999,11.825000000000001,214.52791411277613,Unhealthy
2026-04-07,35.8,32.083333333333336,47.5,987.3125,12.700000000000001,223.24587902347832,Moderate
2026-04-08,38.7,32.579166666666666,42.916666666666664,987.3166666666666,11.520833333333334,212.08092375827306,Unhealthy
2026-04-09,33.2,32.637499999999996,44.708333333333336,988.1291666666666,9.891666666666667,227.23617605913148,Moderate
2026-04-10,35.2,32.699999999999996,47.708333333333336,988.1916666666666,11.35,227.05139390942523,Moderate
2026-04-11,36.3,32.2875,45.625,987.0875,13.450000000000001,238.537548716986,Moderate
2026-04-12,33.5,32.458333333333336,45.708333333333336,985.9083333333333,13.424999999999999,217.48638130921,Moderate
2026-04-13,27.1,32.704166666666666,44.666666666666664,987.0875,11.745833333333332,214.41996350692622,Moderate
2026-04-14,28.8,32.99583333333333,44.166666666666664,987.0958333333333,8.695833333333333,222.3790759272708,Moderate
2026-04-15,35.7,33.025,44.041666666666664,986.0333333333333,9.112499999999999,229.6511032285957,Moderate
2026-04-16,32.8,33.09583333333333,43.208333333333336,986.3125,7.320833333333333,230.7173446067473,Moderate
2026-04-17,33.9,31.545833333333334,55.75,987.4,9.366666666666667,216.15421786904363,Moderate
2026-04-18,28.2,30.875,57.875,987.15,5.508333333333333,291.3347863849369,Moderate
2026-04-19,28.6,30.7375,59.083333333333336,987.3583333333332,9.654166666666667,197.4965238798411,Moderate
2026-04-20,28.0,29.40833333333333,67.70833333333333,987.5083333333333,8.695833333333333,184.63495796684015,Moderate
2026-04-21,32.7,29.96666666666667,65.0,986.65,8.4,200.78252880583318,Moderate
2026-04-22,31.6,31.212500000000002,59.541666666666664,985.9208333333332,8.950000000000001,224.74954372503228,Moderate
2026-04-23,31.1,31.441666666666666,60.791666666666664,985.4916666666667,11.495833333333332,211.89362433148338,Moderate
2026-04-24,25.4,29.854166666666668,67.95833333333333,987.1916666666666,7.491666666666667,204.29933683828247,Moderate
2026-04-25,23.2,28.787499999999998,71.54166666666667,989.6458333333334,7.570833333333333,54.772345677619114,Good
2026-04-26,40.3,28.070833333333336,74.95833333333333,989.0791666666668,5.8374999999999995,151.77024746530947,Unhealthy
2026-04-27,41.9,29.425,70.29166666666667,987.3791666666666,7.2749999999999995,227.7315139302914,Unhealthy
2026-04-28,26.5,30.962500000000002,57.791666666666664,987.025,9.133333333333333,227.8774296289269,Moderate
2026-04-29,23.1,30.504166666666666,62.75,987.9499999999999,5.7875000000000005,179.85489380229376,Good
2026-04-30,25.9,29.295833333333334,69.0,989.7166666666667,7.745833333333334,90.22034239302343,Moderate
2026-05-01,16.1,27.541666666666668,78.20833333333333,989.5708333333333,5.141666666666667,140.1214901883452,Good
2026-05-02,16.8,29.170833333333334,73.75,988.1999999999999,5.1375,225.2782236654285,Good
2026-05-03,20.6,29.53333333333333,69.20833333333333,988.0958333333333,5.366666666666667,242.82144864078188,Good
2026-05-04,19.0,28.620833333333334,73.54166666666667,989.35,6.308333333333334,123.37954556143734,Good
2026-05-05,17.2,27.695833333333336,75.41666666666667,989.4666666666667,5.216666666666667,41.164508782056885,Good
2026-05-06,15.8,29.5125,70.91666666666667,988.0083333333333,4.658333333333333,116.81400460931809,Good
2026-05-07,21.9,29.59583333333333,71.375,987.3874999999999,5.995833333333334,234.61992475667205,Good
2026-05-08,22.5,28.05,79.08333333333333,988.4583333333334,7.195833333333333,297.9373434676446,Good
2026-05-09,18.7,28.583333333333332,76.41666666666667,988.9125,5.620833333333334,70.4956049479951,Good
2026-05-10,25.3,29.587500000000002,69.70833333333333,988.5541666666667,7.604166666666667,22.087416091294244,Moderate
2026-05-11,32.4,29.333333333333332,71.58333333333333,988.5291666666667,7.675000000000001,117.50163735385996,Moderate
2026-05-12,31.6,29.041666666666668,73.58333333333333,987.4458333333333,8.875,256.81309640299077,Moderate
2026-05-13,21.4,29.0,73.25,986.2916666666666,7.1125,229.2213127843358,Good
2026-05-14,17.8,29.337500000000002,71.625,985.7041666666668,10.15,240.8056596204268,Good
2026-05-15,18.4,28.758333333333336,79.125,985.7708333333334,7.329166666666667,247.05222184480382,Good
2026-05-16,17.0,29.320833333333336,72.375,985.5,9.25,227.106684750886,Good
2026-05-17,17.3,30.46666666666667,65.125,984.4666666666667,8.304166666666667,252.45368834388142,Good
2026-05-18,14.7,29.325,74.54166666666667,983.9,6.220833333333334,199.5064450158613,Very Good
2026-05-19,13.3,26.729166666666668,87.70833333333333,983.6958333333333,3.4791666666666665,137.76228847693562,Very Good
2026-05-20,14.3,27.34583333333333,84.83333333333333,983.3000000000001,8.8375,188.78695317484278,Very Good
2026-05-21,17.8,29.245833333333334,70.5,986.0124999999999,9.704166666666667,210.69812314045336,Good
2026-05-22,18.8,29.15416666666667,73.16666666666667,988.3208333333333,10.983333333333334,195.94028073553073,Good
2026-05-23,15.4,29.433333333333334,73.75,988.8208333333333,8.854166666666666,209.70030373155262,Good
2026-05-24,13.6,31.025000000000002,66.83333333333333,988.8375,9.0875,227.90107795843232,Very Good
2026-05-25,15.9,31.179166666666664,63.75,988.2208333333333,10.954166666666666,233.47813314185302,Good
2026-05-26,14.2,31.40416666666667,56.958333333333336,987.4791666666666,11.120833333333332,251.2952936019646,Very Good
2026-05-27,13.8,31.633333333333336,58.5,987.35,9.741666666666665,235.7248642887315,Very Good
2026-05-28,17.5,30.604166666666668,65.375,987.8874999999999,7.925,236.6375023095579,Good
2026-05-29,16.0,30.40833333333333,70.41666666666667,988.0375,4.7875000000000005,87.21383070050626,Good
2026-05-30,14.5,28.075,80.58333333333333,988.1708333333332,4.983333333333333,124.76499654871708,Very Good
2026-05-31,13.5,28.620833333333334,79.79166666666667,987.8666666666667,5.125,301.70893915568377,Very Good
2026-06-01,14.7,29.454166666666666,72.45833333333333,987.5958333333333,7.170833333333333,195.38871451695428,Very Good
2026-06-02,14.7,30.004166666666666,71.0,985.8874999999999,5.729166666666667,222.54031352203694,Very Good
2026-06-03,15.5,30.058333333333334,69.75,984.3291666666668,8.770833333333334,200.03192770438895,Good
2026-06-04,13.4,29.358333333333334,71.75,984.0416666666666,12.4,194.87070253687068,Very Good
2026-06-05,12.7,29.445833333333336,70.125,985.0083333333333,16.162499999999998,193.27020227684872,Very Good
2026-06-06,12.6,30.008333333333336,66.625,986.5583333333334,16.95,207.2557104047523,Very Good
2026-06-07,10.4,29.954166666666666,68.29166666666667,987.3833333333333,16.891666666666666,214.55909300966917,Very Good
2026-06-08,11.0,30.6875,64.91666666666667,986.5458333333332,16.208333333333332,236.84495333447381,Very Good
2026-06-09,12.6,30.0625,68.0,986.3166666666666,14.020833333333334,220.04091870463037,Very Good
2026-06-10,12.2,29.120833333333334,73.79166666666667,987.4375,9.450000000000001,217.27982534301995,Very Good
2026-06-11,12.1,28.075,81.875,990.0208333333334,6.8875,185.65823842674124,Very Good
2026-06-12,11.0,27.916666666666668,76.33333333333333,991.5333333333333,7.316666666666666,207.81820181770968,Very Good
2026-06-13,11.6,29.3625,67.58333333333333,989.7583333333333,9.195833333333333,274.7057073035763,Very Good
2026-06-14,13.2,30.266666666666666,63.791666666666664,987.6750000000001,13.470833333333333,252.0483343449839,Very Good
2026-06-15,12.2,30.183333333333334,62.083333333333336,987.8583333333332,13.112499999999999,256.1107920695177,Very Good
2026-06-16,13.9,30.008333333333336,64.125,988.4666666666667,12.1,249.860776867269,Very Good
2026-06-17,12.0,29.383333333333336,65.54166666666667,988.8291666666668,10.854166666666666,268.06156283011876,Very Good
2026-06-18,12.5,29.120833333333334,69.33333333333333,988.65,11.941666666666668,259.42918646409356,Very Good
2026-06-19,12.5,28.383333333333336,71.58333333333333,988.3958333333334,9.475,254.8805738308934,Very Good
2026-06-20,11.5,29.420833333333334,66.125,988.5875,11.970833333333333,257.43537567290537,Very Good
2026-06-21,13.2,30.079166666666666,64.54166666666667,988.9166666666666,10.283333333333333,246.8304262091537,Very Good
2026-06-22,15.6,29.1375,67.83333333333333,988.1041666666666,11.016666666666666,267.92404222037777,Good
2026-06-23,14.2,30.52916666666667,58.25,986.4125,12.779166666666667,260.54840010601663,Very Good
2026-06-24,16.4,31.616666666666664,57.291666666666664,985.6916666666666,12.6625,260.383677718088,Good
2026-06-25,12.4,30.395833333333332,65.75,986.3791666666666,13.716666666666667,255.6494524701722,Very Good
2026-06-26,11.1,30.366666666666664,60.25,986.4916666666667,12.520833333333334,257.91212194278694,Very Good
2026-06-27,11.6,30.166666666666668,66.5,986.15,10.35,228.50537792923222,Very Good
2026-06-28,11.5,29.675,70.08333333333333,985.4166666666666,12.879166666666668,244.5691951400258,Very Good
2026-06-29,10.8,30.400000000000002,62.75,984.8874999999999,13.549999999999999,247.83618560695362,Very Good
2026-06-30,10.9,29.900000000000002,61.958333333333336,985.4625,13.9375,264.52151596014215,Very Good
2026-07-01,12.0,29.729166666666668,69.83333333333333,984.8625000000001,9.679166666666667,221.11658544911,Very Good
2026-07-02,13.0,28.629166666666666,76.54166666666667,985.1708333333332,10.391666666666667,240.93077704659996,Very Good
2026-07-30,16.7,28.195833333333336,78.20833333333333,985.0958333333333,7.3500000000000005,243.65274489518816,Good
2026-07-31,16.9,27.804166666666664,78.375,985.5541666666667,6.941666666666666,238.8614407550151,Good
2026-08-01,12.1,27.6125,82.33333333333333,985.625,8.408333333333333,230.01418155405523,Very Good
2026-08-02,11.9,28.558333333333334,75.0,986.1583333333333,10.583333333333334,227.66381575643211,Very Good
2026-08-03,13.3,30.020833333333332,66.08333333333333,986.2291666666666,11.529166666666667,241.27120024961584,Very Good
2026-08-04,14.4,28.920833333333334,71.875,987.1458333333334,11.479166666666666,232.52670124782207,Very Good
2026-08-05,16.1,28.53333333333333,75.45833333333333,985.7166666666667,10.929166666666667,215.3008396630196,Good
2026-08-06,12.1,27.208333333333332,85.08333333333333,985.15,7.8374999999999995,206.06517724766834,Very Good
2026-08-07,12.6,28.099999999999998,78.70833333333333,985.0791666666668,10.045833333333333,219.05616446130088,Very Good
